AngelScheie,16/09/2015 14:35:08,"Fall Foot Care. Yes, it's a thing! DIY Pumkin scrub recipe included. #dontforgetthefeet‚Ä¶ http://t.co/EGsKRaXEl0 http://t.co/3SvhYSRT30",0,0.0,0.0,Unknown,Unknown,Unknown,Unknown
AngelScheie,15/09/2015 07:10:48,Return of Sports Rewind (Football Appetizer Recipe included). How it all went down through‚Ä¶ http://t.co/Bn1x1Lw9XQ http://t.co/U9mFQBThSF,0,0.0,0.0,Unknown,Unknown,Unknown,Unknown
AngelScheie,14/09/2015 13:43:46,RT @happyblogplaza: #SEOTips How And Why Content Marketing Works http://t.co/MtqMBcftOs via @sengineland,0,0.0,0.0,Unknown,Unknown,Unknown,Unknown
AngelScheie,13/09/2015 21:02:21,@briancreighton @STLouisRams @DangeRussWilson üòñ,0,0.0,0.0,Unknown,Unknown,Unknown,Unknown
AngelScheie,13/09/2015 20:37:12,Loving all the Seahawks haters right now. It's a long season. Wait for it.,0,0.0,0.0,Unknown,Unknown,Unknown,Unknown
AngelScheie,13/09/2015 20:18:07,And the bad coaching decisions continue....,0,0.0,0.0,Unknown,Unknown,Unknown,Unknown
AngelScheie,13/09/2015 18:53:40,RT @cover32_SEA: Foles ---&gt; Cook should not be &gt;&gt;&gt; Wilson ---&gt; Graham,0,0.0,0.0,Unknown,Unknown,Unknown,Unknown
AngelScheie,13/09/2015 17:25:01,RT @WootandWye: Don't punt it to Tyler Lockett. Just don't. http://t.co/1pXnQgIZ0F,0,0.0,0.0,Unknown,Unknown,Unknown,Unknown
AngelScheie,13/09/2015 15:38:27,RT @Seahawks: Gameday. #SEAvsSTL,0,0.0,0.0,Unknown,Unknown,Unknown,Unknown
AngelScheie,13/09/2015 15:36:33,"RT @bloghealthy: Pomegranate Citrus Salad Recipe - Clean Eats, Fast Feets http://t.co/HQPYEDUJcA this looks FABULOUS! http://t.co/i7YqdyYYRz",0,0.0,0.0,Unknown,Unknown,Unknown,Unknown
AngelScheie,13/09/2015 06:27:08,RT @SocialInSeattle: Love Tea? Want to See the Best Collection of Tea on the Internet? http://t.co/bkyXNBAGDh @bunsandcrumstea http://t.co/‚Ä¶,0,0.0,0.0,Unknown,Unknown,Unknown,Unknown
AngelScheie,12/09/2015 14:37:41,RT @OBJ_3: How to win in #FantasyFootball: 1. Draft me. 2. Get schooled by me (literally) at #LenovoFOC @LenovoUS #spon https://t.co/Udt3dm‚Ä¶,0,0.0,0.0,Unknown,Unknown,Unknown,Unknown
AngelScheie,12/09/2015 14:22:48,RT @nyfw: Follow @RebeccaMinkoff for exclusive backstage and runway access. #NYFW https://t.co/kau09PvjMr,0,0.0,0.0,Unknown,Unknown,Unknown,Unknown
AngelScheie,12/09/2015 04:07:15,RT @SummerTelban: How To Genuinely Engage With Your Readers | Coffee With Summer @RT_Bloggers #bloggingtips  http://t.co/TN8Tzs7vd2 http://‚Ä¶,0,0.0,0.0,Unknown,Unknown,Unknown,Unknown
AngelScheie,11/09/2015 19:40:22,@ThenHeatherSaid thanks for the love!!,0,0.0,0.0,Unknown,Unknown,Unknown,Unknown
AngelScheie,11/09/2015 07:00:21,TGIF! What do I love as much as Fridays? At least this week..#favoringfriday @FemaleBloggerRT http://t.co/MSJdNRkLc7 http://t.co/vRrfzCOzaG,1,0.0,0.0,Unknown,Unknown,Unknown,Unknown
AngelScheie,11/09/2015 05:33:19,RT @thecutielife: 8 tips for shooting in low light http://t.co/2wBUhkGqqH,0,0.0,0.0,Unknown,Unknown,Unknown,Unknown
AngelScheie,11/09/2015 00:32:45,@tomrollman agreed. Sickened.,0,0.0,0.0,Unknown,Unknown,Unknown,Unknown
AngelScheie,11/09/2015 00:31:50,Apparently I should have tuned into this game AFTER all the celebrating. #stillhurts #sickened #TNF #nfl #GoHawks üíôüíö,0,0.0,0.0,Unknown,Unknown,Unknown,Unknown
AngelScheie,10/09/2015 07:00:17,"""""Autumn...the year's last loveliest smile."""" Here's why! #fall #52WeeksA4A http://t.co/cxKAc6ZjeL http://t.co/gN6zT7xaIt",0,0.0,0.0,Unknown,Unknown,Unknown,Unknown
AngelScheie,09/09/2015 06:39:10,RT @Logan_Can_Blog: You Might Be A Bootaholic If... https://t.co/yH1prKpdFw on @bloglovin,0,0.0,0.0,Unknown,Unknown,Unknown,Unknown
AngelScheie,08/09/2015 13:57:46,Fall Decoration Guide and $60 Target #Giveaway is up today. #falldecor #autumn‚Ä¶ http://t.co/Aqb9aL8hFv http://t.co/LL7OPPBlZy,0,0.0,0.0,Unknown,Unknown,Unknown,Unknown
AngelScheie,07/09/2015 17:14:17,RT @fitliving_blog: In need of a last minute Labor Day #recipe? Make these #vegetarian sloppy joes found here: http://t.co/OtJMznRClh http:‚Ä¶,0,0.0,0.0,Unknown,Unknown,Unknown,Unknown
AngelScheie,06/09/2015 19:40:53,RT @hellorigbyblog: 5 ways to declutter your space: http://t.co/mYdyauFZrW via @gh0stparties,0,0.0,0.0,Unknown,Unknown,Unknown,Unknown
AngelScheie,06/09/2015 00:32:49,Touchdown @EWUEagles!!! Stay in this!,0,0.0,0.0,Unknown,Unknown,Unknown,Unknown
AngelScheie,05/09/2015 19:48:24,RT @bloghealthy: How to Keep Your Nut Butter Calories In Check http://t.co/n8eHgPWJr7 from @CarrotsNCake,0,0.0,0.0,Unknown,Unknown,Unknown,Unknown
AngelScheie,05/09/2015 18:29:53,Top 10 Reasons You Don't Want To Do Life Without Friends #Friends http://t.co/W97V2GbsIq http://t.co/DdvHwXpgVy,1,0.0,0.0,Unknown,Unknown,Unknown,Unknown
AngelScheie,05/09/2015 17:26:36,RT @heleneinbetween: NEW POST: 5 Must Have Fall Accessories  http://t.co/eaNyWc6GPv,0,0.0,0.0,Unknown,Unknown,Unknown,Unknown
AngelScheie,05/09/2015 00:01:36,RT @homemadehooplah: Deconstructed #Banana Cream #Pie Parfaits from @godairyfree! #dessert #foodporn #hungry #yummy http://t.co/p1UQc7EEZm ‚Ä¶,0,0.0,0.0,Unknown,Unknown,Unknown,Unknown
AngelScheie,04/09/2015 14:08:33,RT @KendallRayburn: Love Italian food? Me too! Here are 25 Must-Try Recipes! http://t.co/DVnhMVPdHP http://t.co/17Z6RP4WIt,0,0.0,0.0,Unknown,Unknown,Unknown,Unknown
AngelScheie,04/09/2015 14:06:44,@ktcyril @sowinnderful Happy Birthday Katie!!!! üéàüéà#gingerlove,0,0.0,0.0,Unknown,Unknown,Unknown,Unknown
AngelScheie,04/09/2015 03:00:16,It's a nice night for some seahawks football! üíöüèàüíô #NFLisback @ CenturyLink Field https://t.co/1MRNXkUd3e,0,0.0,0.0,Unknown,Unknown,Unknown,Unknown
AngelScheie,03/09/2015 20:35:11,RT @aSavoryFeast: New #recipe on the blog today! Mini Blueberry Lavender Galettes http://t.co/b7c8tUffnn http://t.co/DBMqwmj3X1,0,0.0,0.0,Unknown,Unknown,Unknown,Unknown
AngelScheie,03/09/2015 13:59:49,@dariavinning Happy Thursday to you!üòÑ,0,0.0,0.0,Unknown,Unknown,Unknown,Unknown
AngelScheie,03/09/2015 04:06:17,RT @bloghealthy: Easy Roasted Balsamic Brussels Sprouts http://t.co/2NnT6pEj8m from @PBFingers,0,0.0,0.0,Unknown,Unknown,Unknown,Unknown
AngelScheie,03/09/2015 01:04:04,Stoked for @heleneinbetween #GetPaidToBlog webinar. Let's do this!!,0,0.0,0.0,Unknown,Unknown,Unknown,Unknown
AngelScheie,02/09/2015 14:13:49,Join a FREE webinar and learn how to make money blogging!: https://t.co/hWXTC3WmA2,0,0.0,0.0,Unknown,Unknown,Unknown,Unknown
AngelScheie,02/09/2015 13:43:49,RT @hellorigbyblog: 15 Trader Joe's Grocery Staples For Busy People http://t.co/N3zvHKsSWG via @POPSUGAR http://t.co/MnmIKHrZvS,0,0.0,0.0,Unknown,Unknown,Unknown,Unknown
AngelScheie,02/09/2015 05:33:58,RT @BritneyMMills: Make sure to check out these #prewriting tips to make the most of your #writing time! http://t.co/FzNbAZ8Urm #podcast ht‚Ä¶,0,0.0,0.0,Unknown,Unknown,Unknown,Unknown
AngelScheie,02/09/2015 05:05:14,Boot season is upon us! https://t.co/0oqjK4Apuf,0,0.0,0.0,Unknown,Unknown,Unknown,Unknown
AngelScheie,02/09/2015 05:04:24,RT @Mapleleopard: My fun finds at Nordstrom ! http://t.co/0QdRLwGK5t #fashion #fblogger #Nordstrom #handbags @Nordstrom #seattleblog http:/‚Ä¶,0,0.0,0.0,Unknown,Unknown,Unknown,Unknown
AngelScheie,02/09/2015 05:03:47,RT @kristengrace1: Hello September! I'm so glad you're here.   http://t.co/WJwNe6K3Cq,0,0.0,0.0,Unknown,Unknown,Unknown,Unknown
AngelScheie,02/09/2015 04:56:12,RT @lovesmplybeauty: Beauty Haul #Vlog! Spoiler Alert: Prepping for FALL - Matte Attack! #beauty #bblogger #fall http://t.co/1M5LJM3zqK htt‚Ä¶,0,0.0,0.0,Unknown,Unknown,Unknown,Unknown
AngelScheie,02/09/2015 00:45:47,RT @chicmompreneur: An amazing quote from our Featured #Fempreneur @celestehilling @skinauthority @lockerpr http://t.co/sIaBYS5Mg0 http://t‚Ä¶,0,0.0,0.0,Unknown,Unknown,Unknown,Unknown
AngelScheie,02/09/2015 00:31:07,RT @arielrwilson: The 2015 Blogtember Challenge: Day 1 http://t.co/0OXxbEu4k9,0,0.0,0.0,Unknown,Unknown,Unknown,Unknown
AngelScheie,02/09/2015 00:22:09,RT @carrchels: I've been waiting for September to come for so long. Ready for a new month and some new September Goals http://t.co/1g3LtfZv‚Ä¶,0,0.0,0.0,Unknown,Unknown,Unknown,Unknown
AngelScheie,01/09/2015 14:17:56,Healthy samples for $5 /month! Use code SWEATPINK for 50% off 3 months of @BuluBox! #lovebulu #sweatpink @fitapproach http://t.co/VaP3TGxM8D,0,0.0,0.0,Unknown,Unknown,Unknown,Unknown
AngelScheie,01/09/2015 07:00:12,Chasing #September How are you taking this month on? http://t.co/oNYl6SIdCs http://t.co/u3Prj3dt8u,8,0.0,0.0,Unknown,Unknown,Unknown,Unknown
AngelScheie,01/09/2015 03:59:09,"RT @aSavoryFeast: Bacon Avocado Quinoa Salad is a quick, healthy meal for a busy night! http://t.co/ymo4XquTlA http://t.co/TPUaq1xtFm",0,0.0,0.0,Unknown,Unknown,Unknown,Unknown
AngelScheie,31/08/2015 07:00:16,Weekending &amp; Bulu Box¬†Review http://t.co/bhsbEsyzJh http://t.co/wKd0mnYPUP,0,0.0,0.0,Unknown,Unknown,Unknown,Unknown
AngelScheie,30/08/2015 16:35:57,RT @JohnsonEmma: 1 In 4 Married American Men On Ashley Madison: Why That Is A Great Wake-Up For Women via @forbes http://t.co/TZqLqoV26A,0,0.0,0.0,Unknown,Unknown,Unknown,Unknown
AngelScheie,28/08/2015 15:12:50,Favoring Friday &amp; Life Lessons. Get ready for the weekend with these fun finds!‚Ä¶ http://t.co/ehhIOIRvrM http://t.co/l9R6uOgegu,0,0.0,0.0,Unknown,Unknown,Unknown,Unknown
AngelScheie,27/08/2015 03:15:42,"I think @TheLaughingCow cheese is more than a snack, it‚Äôs like spreading goodness:-). #ReinventSnacking #spon #6vs8x",0,0.0,0.0,Unknown,Unknown,Unknown,Unknown
AngelScheie,27/08/2015 00:35:08,#Pumpkin is happening üéÉ https://t.co/RWqFgNsmVJ,0,0.0,0.0,Unknown,Unknown,Unknown,Unknown
AngelScheie,26/08/2015 07:01:42,Find out what it looks like #BreakingBread over an inspirational book. Recipe and review‚Ä¶ http://t.co/DiSfyCVvW6 http://t.co/L7VppHk3G3,1,0.0,0.0,Unknown,Unknown,Unknown,Unknown
AngelScheie,25/08/2015 00:00:23,RT @mindbodygreen: How To Make Your Home A Paradise (Without Spending A Dime) http://t.co/usRVBxctGn http://t.co/iOJJz4w0Rb,0,0.0,0.0,Unknown,Unknown,Unknown,Unknown
AngelScheie,24/08/2015 07:00:12,"Weekending - Books, A Bachelorette, &amp; Black Light Yoga #SoulPose #Weekending http://t.co/sA3ECk0RLw http://t.co/OdayrQIzKv",0,0.0,0.0,Unknown,Unknown,Unknown,Unknown
AngelScheie,21/08/2015 04:08:08,It takes a long time to grow an old friend. Summer night reconnecting with my first friendüíú @ Dukes‚Ä¶ https://t.co/bHQpX9PmWB,0,0.0,0.0,Unknown,Unknown,Unknown,Unknown
AngelScheie,20/08/2015 13:37:40,RT @bloghealthy: time to build a new playlist?? Top Ways To Find New Music http://t.co/Qx4tJDUrbT from @AngelScheie,0,0.0,0.0,Unknown,Unknown,Unknown,Unknown
AngelScheie,19/08/2015 07:00:38,What do redheads do for fun? My time at #RILAR2015 #Seattle‚Ä¶ http://t.co/dz35pGX0jR http://t.co/S9E4h7H9Ax,1,0.0,0.0,Unknown,Unknown,Unknown,Unknown
AngelScheie,19/08/2015 06:29:54,I so need to make this a habit! https://t.co/giWgpJNIYu,0,0.0,0.0,Unknown,Unknown,Unknown,Unknown
AngelScheie,18/08/2015 15:54:07,"I'm sure it's to promote @MurderFirstTNT (which I‚ù§Ô∏è), but when @TayeDiggs follows you it still makes my dayüòÑ.",1,0.0,0.0,Unknown,Unknown,Unknown,Unknown
AngelScheie,18/08/2015 02:22:47,Enjoying awesome food with some new friendly faces! LüíöVE #Skilletstreetfood #FoodShouldTasteGood‚Ä¶ https://t.co/LPrys2V7Sr,0,0.0,0.0,Unknown,Unknown,Unknown,Unknown
AngelScheie,18/08/2015 01:29:56,#foodshouldtastegood ‚Äì at Hilliard's Brewery + Taproom @HilliardsBeer on @ZomatoUS #LoveFood http://t.co/vd7GjakLj6,0,0.0,0.0,Unknown,Unknown,Unknown,Unknown
AngelScheie,17/08/2015 07:03:31,Weekending; You just might want to see what food what a hit! #Recipe included! #weekending http://t.co/aceTJlzd5c http://t.co/04XH5GOi3D,0,0.0,0.0,Unknown,Unknown,Unknown,Unknown
AngelScheie,16/08/2015 23:14:01,RT @SoundersFC: The boys are back! #SEAvORL http://t.co/ZbwoxT6m0r,0,0.0,0.0,Unknown,Unknown,Unknown,Unknown
AngelScheie,16/08/2015 23:13:17,RT @FOXSportsLive: Jason Day wins the 2015 #PGAChampionship and becomes the first player to finish a major 20-under! http://t.co/uHk4TqKsuH,0,0.0,0.0,Unknown,Unknown,Unknown,Unknown
AngelScheie,16/08/2015 15:20:12,RT @KickingWKelly: Watermelon Rice Krispies Treats are a perfect #afterschool snack! http://t.co/ezxCp4qXzO via @KickingWKelly http://t.co/‚Ä¶,0,0.0,0.0,Unknown,Unknown,Unknown,Unknown
AngelScheie,16/08/2015 03:16:42,"RT @byrdiebeauty: Your step-by-step guide to getting model-worthy, texturized beach waves in your bathroom: http://t.co/M1oYppByCy http://t‚Ä¶",0,0.0,0.0,Unknown,Unknown,Unknown,Unknown
AngelScheie,15/08/2015 19:08:02,@ScottHallNOats @Seahawks Right?! I hope they get figured out sooner then later. Especially with T Jack out!,0,0.0,0.0,Unknown,Unknown,Unknown,Unknown
AngelScheie,15/08/2015 17:44:26,@ScottHallNOats @Seahawks *finally,0,0.0,0.0,Unknown,Unknown,Unknown,Unknown
AngelScheie,15/08/2015 04:16:02,Finally! Our run game is doing something! #GoHawks @Seahawks,0,0.0,0.0,Unknown,Unknown,Unknown,Unknown
AngelScheie,14/08/2015 16:10:41,Good Morning! Happy Blue Friday 12s!!!! Football is back! üíôüíöüíôüíöüèàüèàüèàüèàüèàüèàüèàüèàüèàüèàüèàüèàüèàüèàüèà#GoHawks,0,0.0,0.0,Unknown,Unknown,Unknown,Unknown
AngelScheie,14/08/2015 03:10:24,Excited to be covering the Rock it Like A Redhead Tour! #MyPeople #gingerlove #redhead #RILAR2015‚Ä¶ https://t.co/fdqIjCmxHG,5,0.0,0.0,Unknown,Unknown,Unknown,Unknown
AngelScheie,14/08/2015 02:04:03,@JonRyan9 is Seattle's #GinjaNinja going to represent at #RILAR2015 downtown tonight? @HowToBeARedhead #RILARSeattle,0,0.0,0.0,Unknown,Unknown,Unknown,Unknown
AngelScheie,14/08/2015 01:56:56,This is happening! #RILAR2015 #Seattle #GingerLove,0,0.0,0.0,Unknown,Unknown,Unknown,Unknown
AngelScheie,13/08/2015 07:01:20,Top Ways To Find New Music #52WeeksA4A #music http://t.co/MBRST5PCIX http://t.co/Vfjpo36Naa,1,0.0,0.0,Unknown,Unknown,Unknown,Unknown
AngelScheie,13/08/2015 06:50:56,RT @fitliving_blog: Strength training and bone health: make it your lifestyle! #bloghealthy #sweatpink #Fitfluential http://t.co/uf47vYhkZr‚Ä¶,0,0.0,0.0,Unknown,Unknown,Unknown,Unknown
AngelScheie,12/08/2015 00:46:12,Puts things in perspective! #hugyourpastor miss you!! @J_Cole77 @Maleahrj @asha253 @ashburns_ @olaraeosunshine @walktorobyn @Markenri20,0,0.0,0.0,Unknown,Unknown,Unknown,Unknown
AngelScheie,10/08/2015 20:24:01,@heleneinbetween possibly...but in not sure I want to shell out a grand to find out!,0,0.0,0.0,Unknown,Unknown,Unknown,Unknown
AngelScheie,10/08/2015 20:16:25,@heleneinbetween I still have that dream of being that 11%....guess it's good that they're out of my budget :-),0,0.0,0.0,Unknown,Unknown,Unknown,Unknown
AngelScheie,10/08/2015 07:21:35,"Weekending - Spontaneity, Sand, and A Whole Lot of Sun #AVPSeattle http://t.co/Tg2oPV8K0A http://t.co/X88gacaPnR",0,0.0,0.0,Unknown,Unknown,Unknown,Unknown
AngelScheie,09/08/2015 23:56:40,@avpbeach @AprilRossBeach @JenniferFopma Such a fun match to watch!!! Loved seeing you live. Come back soon!!!üíúüíú,3,0.0,0.0,Unknown,Unknown,Unknown,Unknown
AngelScheie,09/08/2015 23:55:51,"RT @avpbeach: .@AprilRossBeach/@JenniferFopma defeat DiCello/Van Zwieten 21-12, 21-15 to advance to the finals! #AVPSeattle",0,0.0,0.0,Unknown,Unknown,Unknown,Unknown
AngelScheie,09/08/2015 17:17:14,#AVPSeattle #5in1Rescue http://t.co/TMI5JnYoPf,1,0.0,0.0,Unknown,Unknown,Unknown,Unknown
AngelScheie,08/08/2015 09:40:51,RT @TeamUSA: 3X Olympic champion @MistyMayTreanor is back on the beach at #AVPSeattle!   üá∫üá∏ http://t.co/8dZoiwbpeY http://t.co/DySrzeFsDs,0,0.0,0.0,Unknown,Unknown,Unknown,Unknown
AngelScheie,05/08/2015 17:46:16,RT @colabeanie: You know you're a fan when you go to bed praying to wake up and hear that @Kam_Chancellor will be at training camp! üôèüèªüôèüèª,0,0.0,0.0,Unknown,Unknown,Unknown,Unknown
AngelScheie,05/08/2015 07:49:39,Taking your #dog on a Road trip this summer? Find your Hacks here! #roadtrip #doghacks http://t.co/TU4SN16sCR http://t.co/Dvo3YXi3Z3,0,0.0,0.0,Unknown,Unknown,Unknown,Unknown
AngelScheie,05/08/2015 02:16:17,@rynsteck there are so many versions! Which one do you have? I can't decide!,0,0.0,0.0,Unknown,Unknown,Unknown,Unknown
AngelScheie,04/08/2015 21:06:16,üíöüíô https://t.co/nSfMZWRj84,0,0.0,0.0,Unknown,Unknown,Unknown,Unknown
AngelScheie,04/08/2015 21:03:43,@nflnetwork @AZCardinals #CardsNo,0,0.0,0.0,Unknown,Unknown,Unknown,Unknown
AngelScheie,04/08/2015 20:57:54,@heleneinbetween no!!! üòñ,0,0.0,0.0,Unknown,Unknown,Unknown,Unknown
AngelScheie,04/08/2015 02:00:54,RT @LifeAsTwins: #Southpaw Teaches The Importance Of #SelfImprovement - http://t.co/FOR4zwRDUY via @Shareaholic #fitness #health,0,0.0,0.0,Unknown,Unknown,Unknown,Unknown
AngelScheie,03/08/2015 20:37:58,Yes!!!! https://t.co/EnjzqB6aq2,0,0.0,0.0,Unknown,Unknown,Unknown,Unknown
AngelScheie,03/08/2015 20:37:18,Time to follow my guys on Snapchat üíôüíö#GoHawks  https://t.co/CvYQQDl1w8,0,0.0,0.0,Unknown,Unknown,Unknown,Unknown
AngelScheie,01/08/2015 23:18:12,I reviewed Eureka! and rated it 5/5 on @ZomatoUS #LoveFood http://t.co/IxfCALGOno,0,0.0,0.0,Unknown,Unknown,Unknown,Unknown
AngelScheie,01/08/2015 23:09:08,I just checked in! ‚Äì at Eureka! on @ZomatoUS #LoveFood http://t.co/sO9DPSocWG,0,0.0,0.0,Unknown,Unknown,Unknown,Unknown
AngelScheie,01/08/2015 18:56:17,Happy 1st Day of August! Find out what's worth the chase this month! #ChasingAugust #August #summer http://t.co/HpAhItBgAK,0,0.0,0.0,Unknown,Unknown,Unknown,Unknown
AngelScheie,31/07/2015 20:09:52,Loved meeting you @rynsteck! Excited about what's to come! üòÑüëçüèª,0,0.0,0.0,Unknown,Unknown,Unknown,Unknown
AngelScheie,31/07/2015 17:09:38,"I guess I'm picking my @DangeRussWilson jersey to wear on this first #BlueFriday. #31 will have to wait, but hopefully not long! #GoHawks",0,0.0,0.0,Unknown,Unknown,Unknown,Unknown
AngelScheie,31/07/2015 15:27:38,@heleneinbetween I love it!! You're giving #ABM a run for it!üëçüèª,0,0.0,0.0,Unknown,Unknown,Unknown,Unknown
AngelScheie,31/07/2015 15:16:04,@Bwagz54 Come on now!,0,0.0,0.0,Unknown,Unknown,Unknown,Unknown
AngelScheie,31/07/2015 14:42:25,I'm sad! What will I do in August?! üòñ https://t.co/uNICBf14ef,0,0.0,0.0,Unknown,Unknown,Unknown,Unknown
AngelScheie,31/07/2015 14:41:05,RT @TwickiB: This is the best #TGIBF ever. üíôüíö #GoHawks,0,0.0,0.0,Unknown,Unknown,Unknown,Unknown
AngelScheie,31/07/2015 14:29:24,You got that right Sir üòè https://t.co/oFBc79T6VK,0,0.0,0.0,Unknown,Unknown,Unknown,Unknown
AngelScheie,31/07/2015 14:09:52,RT @seattletimes: Contract for @DangeRussWilson said to include a $31 million signing bonus with $60 million guaranteed. http://t.co/XSDaM8‚Ä¶,0,0.0,0.0,Unknown,Unknown,Unknown,Unknown
AngelScheie,31/07/2015 14:02:29,It's CHRISTMAS Morning!!!!!!!!!!!!üèàüíôüíö https://t.co/7MWyBB5l7b,0,0.0,0.0,Unknown,Unknown,Unknown,Unknown
AngelScheie,31/07/2015 09:39:49,Getting real and raw on the blog today. #lifeisntallrainbows #miscarriage http://t.co/BBJgy7eyo7 http://t.co/PQ4JoKdeJ3,0,0.0,0.0,Unknown,Unknown,Unknown,Unknown
AngelScheie,31/07/2015 05:21:57,"@worldinablock @SInow ummmm, that pic is of @RicardoLockette not @Kam_Chancellor",0,0.0,0.0,Unknown,Unknown,Unknown,Unknown
AngelScheie,31/07/2015 04:01:21,"Right now @Kam_Chancellor? You're my favorite player who deserves to get yours...but right now, really? üòñüíî https://t.co/nMrMxAXW7m",0,0.0,0.0,Unknown,Unknown,Unknown,Unknown
AngelScheie,30/07/2015 20:55:14,RT @MarinersPR: The #Mariners have acquired OF Ramon Flores and RHP Jose Ramirez from the #Yankees in exchange for OF Dustin Ackley.,0,0.0,0.0,Unknown,Unknown,Unknown,Unknown
AngelScheie,30/07/2015 20:53:21,I thought this was rumored. True? https://t.co/ynMYO67mMB,0,0.0,0.0,Unknown,Unknown,Unknown,Unknown
AngelScheie,30/07/2015 03:47:02,I took #Huckleberries and made this! #ThirstyThursday! #food #lblogger @femalebloggerRT http://t.co/oAa4yoSJ9h,1,0.0,0.0,Unknown,Unknown,Unknown,Unknown
AngelScheie,29/07/2015 20:55:37,RT @hellorigbyblog: 3 Recipes for DIY Sugar Scrubs (and Super Soft Skin)http://t.co/uB1f3JudVu via @Wantableco http://t.co/IHBVHKvqiQ,0,0.0,0.0,Unknown,Unknown,Unknown,Unknown
AngelScheie,27/07/2015 05:52:04,"Weekending -Games, a Jungle Theme &amp; Puppy Love #weekend #bloggerlife @blogginggals http://t.co/Uvfw4pkmiF http://t.co/Q8oJeFSJXA",0,0.0,0.0,Unknown,Unknown,Unknown,Unknown
AngelScheie,25/07/2015 19:42:17,"RT @yagottahave: Hands, Headlights, and a Father's Love. Read by @AngelScheie says #DadsMyHero http://t.co/J6nsAMYTUc #SoFab #ad",0,0.0,0.0,Unknown,Unknown,Unknown,Unknown
AngelScheie,25/07/2015 00:09:43,@J_Cole77 @Maleahrj @olaraeosunshine @ashburns_ @1beanjm LüíõVE! üôèüèº Miss you J!,0,0.0,0.0,Unknown,Unknown,Unknown,Unknown
AngelScheie,23/07/2015 14:00:12,RT @byrdiebeauty: 6 steps to a cool-girl braided bun: http://t.co/LRfqT4SKor ‚Üê See the video! http://t.co/Yzfsb4pUSY,0,0.0,0.0,Unknown,Unknown,Unknown,Unknown
AngelScheie,23/07/2015 06:39:10,You Know You're From Renton If... #Renton #52WeeksA4a http://t.co/HG3Shtn7uA http://t.co/Zf4roktaZl,0,0.0,0.0,Unknown,Unknown,Unknown,Unknown
AngelScheie,22/07/2015 14:21:52,Quote of the day üíô https://t.co/Z8spy47hU9,0,0.0,0.0,Unknown,Unknown,Unknown,Unknown
AngelScheie,22/07/2015 07:46:24,A fun IG weekly IG Challenge I keep forgetting to do. It's Wednesday so time to link up!  https://t.co/SK3Dc3jxwj,0,0.0,0.0,Unknown,Unknown,Unknown,Unknown
AngelScheie,21/07/2015 06:07:37,"Weekending - Big Sky, A Barnyard Wedding &amp; A Borrowed Ride #bloggerlife #weekending #Montana http://t.co/9slBH9jwG6 http://t.co/ldSlAWGSir",1,0.0,0.0,Unknown,Unknown,Unknown,Unknown
AngelScheie,20/07/2015 22:04:36,Yep...stuck in this detour right now üòñüòñ https://t.co/rxdbzn3uEe,0,0.0,0.0,Unknown,Unknown,Unknown,Unknown
AngelScheie,20/07/2015 22:03:43,RT @bloghealthy: Why Barre Compliments Running  http://t.co/yGN2eFCZIO #runchat from @4loveofcarrots,0,0.0,0.0,Unknown,Unknown,Unknown,Unknown
AngelScheie,20/07/2015 21:46:55,Happy Bday Ray Ray #bringbackourSonics üèÄüíöüíõ https://t.co/xDwmYPXZcC,0,0.0,0.0,Unknown,Unknown,Unknown,Unknown
AngelScheie,20/07/2015 21:43:15,@heleneinbetween HA! #Truth,0,0.0,0.0,Unknown,Unknown,Unknown,Unknown
AngelScheie,18/07/2015 03:43:47,RT @sonicsrising: NHL Expansion: SoDo and Bellevue out; Tukwila in http://t.co/PjqXY9Gi9g http://t.co/Fiisr4f5wz,0,0.0,0.0,Unknown,Unknown,Unknown,Unknown
AngelScheie,17/07/2015 20:15:40,RT @TEDTalks: 11 must-see #TEDTalks: http://t.co/Vir3txOc5Z,0,0.0,0.0,Unknown,Unknown,Unknown,Unknown
AngelScheie,17/07/2015 19:33:03,"@rosielynnblog @shanndelier @EDElegance @thecheeseandham Aw, thanks!! Good luck with the move!!",0,0.0,0.0,Unknown,Unknown,Unknown,Unknown
AngelScheie,17/07/2015 19:32:18,RT @rosielynnblog: It's #followfriday! Here are some of my favorite bloggers you should check out: @shanndelier @EDElegance @thecheeseandha‚Ä¶,0,0.0,0.0,Unknown,Unknown,Unknown,Unknown
AngelScheie,17/07/2015 19:31:32,RT @heleneinbetween: 30 Summer Blog Post Ideas! http://t.co/u1uwf7mI5q,0,0.0,0.0,Unknown,Unknown,Unknown,Unknown
AngelScheie,17/07/2015 17:10:58,So fortunate to be able to take this 2016 #Denali on our road trip. We are LOVING it so far! Thanks‚Ä¶ https://t.co/5zJTI7JCGG,0,0.0,0.0,Unknown,Unknown,Unknown,Unknown
AngelScheie,16/07/2015 23:52:12,"@BeaucoupFavors Wow, thanks!!",0,0.0,0.0,Unknown,Unknown,Unknown,Unknown
AngelScheie,16/07/2015 23:52:01,RT @BeaucoupFavors: We are loving this ‚Äúto the moon and back‚Äù baby shower by @AngelScheie! http://t.co/N6UVh8tzRl,0,0.0,0.0,Unknown,Unknown,Unknown,Unknown
AngelScheie,16/07/2015 07:04:54,My Biggest Stress #52WeeksA4A #lblogger @BloggingGals http://t.co/RdRBHlvqmK http://t.co/b6eLL3lqFX,0,0.0,0.0,Unknown,Unknown,Unknown,Unknown
AngelScheie,16/07/2015 05:45:15,RT @rosielynnblog: Check out these adorable #masonjar accessories to make any jar an adorable drink holder! http://t.co/dgsPHQaJYn http://t‚Ä¶,0,0.0,0.0,Unknown,Unknown,Unknown,Unknown
AngelScheie,16/07/2015 05:02:12,I've cried more at these #ESPYS than watching @nbcparenthood! üò• #ILoveSports #HowcanthePatsbeupforBestPlay,0,0.0,0.0,Unknown,Unknown,Unknown,Unknown
AngelScheie,16/07/2015 02:10:57,RT @csandsblog: Only 3 days left to enter into the $60 Sephora Gift Card giveaway. #bbloggers #lbloggers http://t.co/FQqgtmjutt,0,0.0,0.0,Unknown,Unknown,Unknown,Unknown
AngelScheie,16/07/2015 00:44:06,RT @Mapleleopard: Lip Smackin Macarons!   http://t.co/VvgQyXp1yG  @macaroncafenyc #fashion #fblogger #review #blog #macarons #fashionfoodie‚Ä¶,0,0.0,0.0,Unknown,Unknown,Unknown,Unknown
AngelScheie,15/07/2015 23:59:44,RT @MariaProvenzano: S'mores on a stick #smores #smoresonastick #foodonastick #summer #bonfire #chocolate #marshmallows # http://t.co/PjfC6‚Ä¶,0,0.0,0.0,Unknown,Unknown,Unknown,Unknown
AngelScheie,15/07/2015 13:45:24,"Oh, just another summer night down the street last night....#ThatsDarling #31PhotosinBetween #Seattle‚Ä¶ https://t.co/JP6jCzeMDP",0,0.0,0.0,Unknown,Unknown,Unknown,Unknown
AngelScheie,15/07/2015 08:21:17,Calling all mermaids! You don't want to miss this! #mermaids #summer http://t.co/Id0nMaegh6 http://t.co/pIzan3lW79,6,0.0,0.0,Unknown,Unknown,Unknown,Unknown
AngelScheie,15/07/2015 02:39:44,THANK YOU @pagliaccipizza for our surprise complimentary dinner!! You made our night! üçï http://t.co/59KFtTb7zW,0,0.0,0.0,Unknown,Unknown,Unknown,Unknown
AngelScheie,14/07/2015 15:51:53,Only 1 day left to get in on the Heat Hundred ($100 Pay Pal) giveaway! Enter at the end of post!! http://t.co/MWbs0vtEWm,0,0.0,0.0,Unknown,Unknown,Unknown,Unknown
AngelScheie,14/07/2015 06:37:36,I'm so grossed out with Kaitlyn and Nick. The worst Bachelor couple EVER. He's üòù. #Bachelorette @BacheloretteABC #teamshawn,0,0.0,0.0,Unknown,Unknown,Unknown,Unknown
AngelScheie,13/07/2015 14:08:12,"Weekending - Spas, Friendship, and a Little Bit Of #Wicked. #lblogger http://t.co/emywoLvGyt http://t.co/hW7JnoKJKs",2,0.0,0.0,Unknown,Unknown,Unknown,Unknown
AngelScheie,12/07/2015 14:01:21,RT @veronicalee05: I just entered to win $100 PayPal Cash with the Hot Heat Hundred Giveaway ~Open worldwide~ #Giveaway #winit Enter at htt‚Ä¶,0,0.0,0.0,Unknown,Unknown,Unknown,Unknown
AngelScheie,11/07/2015 16:00:44,"RT @KING5Seattle: Serena Williams wins Wimbledon, her third major title in 2015 http://t.co/XI5Whe8KjK",0,0.0,0.0,Unknown,Unknown,Unknown,Unknown
AngelScheie,11/07/2015 14:18:42,Check out this helpful Media Kit guide! https://t.co/Yzx7BgqadN,3,0.0,0.0,Unknown,Unknown,Unknown,Unknown
AngelScheie,10/07/2015 21:59:18,üëçüèºüëçüèº https://t.co/6i9xMZTbDb,0,0.0,0.0,Unknown,Unknown,Unknown,Unknown
AngelScheie,10/07/2015 21:16:21,RT @eonline: Ed Hardy designer Christian Audigier has passed away at 57: http://t.co/nPkOFsZn0o,0,0.0,0.0,Unknown,Unknown,Unknown,Unknown
AngelScheie,10/07/2015 17:23:13,RT @RockItLikeaRed: @AngelScheie @RedderHair See you in 34 days! #RILARseattle,0,0.0,0.0,Unknown,Unknown,Unknown,Unknown
AngelScheie,10/07/2015 16:47:07,#Favoring Friday! This is wht's hot right now! http://t.co/lds1JHYRv8 #52WeeksA4A #fblogger‚Ä¶ http://t.co/MuSyBQ868m http://t.co/GdhygS3Qx0,0,0.0,0.0,Unknown,Unknown,Unknown,Unknown
AngelScheie,10/07/2015 03:43:26,@HopeNGriffin Great idea! I'm doing a challenge this month but I'll try 2 do both. Will you be doing it next month too? I ‚ù§Ô∏è how its weekly.,0,0.0,0.0,Unknown,Unknown,Unknown,Unknown
AngelScheie,09/07/2015 07:13:22,RT @dreamingleaving: $100 Amazon #giftcard #giveaway on the blog... Enter to win today! http://t.co/MF4Qae8iMr,0,0.0,0.0,Unknown,Unknown,Unknown,Unknown
AngelScheie,09/07/2015 07:12:31,"RT @msericaligenza: A coral cold-shoulder dress, styled TEN different Ways: üåπüåπüåπ http://t.co/lcDnYp9WQM",0,0.0,0.0,Unknown,Unknown,Unknown,Unknown
AngelScheie,09/07/2015 07:12:17,RT @CoachDebbieRuns: Need a little help overcoming Blogger's Block? Here are some tips. #blogging #Fitfluential http://t.co/kbNq6ePsrM http‚Ä¶,0,0.0,0.0,Unknown,Unknown,Unknown,Unknown
AngelScheie,09/07/2015 06:52:47,Stayed up way too late watching #MrRobot. Good stuff though!,0,0.0,0.0,Unknown,Unknown,Unknown,Unknown
AngelScheie,09/07/2015 04:49:15,RT @Nordstrom: It's almost time for the Anniversary Sale! #NSale http://t.co/IeoOydnjMT http://t.co/0MNBycSxM6,0,0.0,0.0,Unknown,Unknown,Unknown,Unknown
AngelScheie,09/07/2015 00:24:26,RT @BlissBrunette: Looking for some summer #fashion #inspiration? Look no further: http://t.co/JBbA10ymKd #fbloggers #summerstyle http://t.‚Ä¶,0,0.0,0.0,Unknown,Unknown,Unknown,Unknown
AngelScheie,08/07/2015 23:51:40,RT @Mapleleopard: What Your Wardrobe Says About Your Leadership Style http://t.co/lQljORck3l via @SalarySharkInc #fashion #fblogger #leader‚Ä¶,0,0.0,0.0,Unknown,Unknown,Unknown,Unknown
AngelScheie,08/07/2015 23:50:41,RT @Aishwarya_S19: Dash &amp; Lily's Book of Dares. (Book Review #10) http://t.co/56wlVU3zEK #AbstractWriter #BookReview #reader #writer #david‚Ä¶,0,0.0,0.0,Unknown,Unknown,Unknown,Unknown
AngelScheie,08/07/2015 23:40:33,RT @EatsnSweets: Cold Stone Inspired Oatmeal Raisin Cookie Batter Ice Cream (No¬†Cook) http://t.co/VDiTk1Fa73 http://t.co/f0mZmk7YN4,0,0.0,0.0,Unknown,Unknown,Unknown,Unknown
AngelScheie,08/07/2015 23:40:02,RT @sayhellonature: How to Host a Backyard Movie Night : Part 1 - http://t.co/U6UDL4zeoP,0,0.0,0.0,Unknown,Unknown,Unknown,Unknown
AngelScheie,08/07/2015 23:39:28,@Frostonthevine I love this! Get it!!,1,0.0,0.0,Unknown,Unknown,Unknown,Unknown
AngelScheie,08/07/2015 23:39:05,RT @Frostonthevine: I may be crazy...http://t.co/hLepzbXCBB #cleaneating #loseweight #healthyliving #JUSTDOIT http://t.co/kB9vIjQRRr,0,0.0,0.0,Unknown,Unknown,Unknown,Unknown
AngelScheie,08/07/2015 19:46:30,@MuchMostDarling thanks!!üòÑüòÑ,0,0.0,0.0,Unknown,Unknown,Unknown,Unknown
AngelScheie,08/07/2015 08:13:21,RT @MaeganDockery: Check out and enter our awesome giveaway!! @Jebbica @KellyCoxatHome  #giveaway #ibabloggers http://t.co/EhN2a1LZ2d,0,0.0,0.0,Unknown,Unknown,Unknown,Unknown
AngelScheie,08/07/2015 08:13:07,RT @wifemommyme: Motherhood: when things get messy no matter how hard you try to keep them tidy https://t.co/JJfACi5cAC #sp,0,0.0,0.0,Unknown,Unknown,Unknown,Unknown
AngelScheie,08/07/2015 07:27:23,Beat the heat with a River #OOTD and the last stretch of the $100 Giveaway!‚Ä¶ http://t.co/MWbs0vtEWm http://t.co/iIH60rID4k,11,0.0,0.0,Unknown,Unknown,Unknown,Unknown
AngelScheie,08/07/2015 05:26:49,"RT @NoshandNurture: Was honored to be interviewed on my story, what started this all in the first place, by the lovely Gina of Kitchology..‚Ä¶",0,0.0,0.0,Unknown,Unknown,Unknown,Unknown
AngelScheie,08/07/2015 04:36:54,RT @Pellerini: NEW POST: My Summer Reading List http://t.co/sP0MqCnxi1 #books #readinglist #bookworm #greatreads http://t.co/TmOpHenDOH,0,0.0,0.0,Unknown,Unknown,Unknown,Unknown
AngelScheie,08/07/2015 04:36:08,RT @abritt89: When&amp;where did we get the notion that God won't give us more than we can handle? He most certainly will! That's why it's call‚Ä¶,0,0.0,0.0,Unknown,Unknown,Unknown,Unknown
AngelScheie,08/07/2015 01:41:54,RT @elizabethmaske: Hey Twitter! Chance to win 120$ to #target and a pair of #kendrascott earrings! Check out my latest post on Instagram t‚Ä¶,0,0.0,0.0,Unknown,Unknown,Unknown,Unknown
AngelScheie,08/07/2015 01:39:54,"RT @SummerTelban: home doesn't have to be where you came from. home should be where you're celebrated, not tolerated. find that place and c‚Ä¶",0,0.0,0.0,Unknown,Unknown,Unknown,Unknown
AngelScheie,07/07/2015 20:10:20,"RT @csandsblog: If you're a salmon lover, you will enjoy this recipe I put together. #lbloggers #foodblogger http://t.co/NxgeXT42zi http://‚Ä¶",0,0.0,0.0,Unknown,Unknown,Unknown,Unknown
AngelScheie,07/07/2015 16:12:16,RT @thecheeseandham: Swing on by and see what is new today! #buffalochicken #pasta #bacon #creamy #ranch #homemade http://t.co/y4TuDaY8lq h‚Ä¶,0,0.0,0.0,Unknown,Unknown,Unknown,Unknown
AngelScheie,07/07/2015 07:10:50,Weekending - #4thof July &amp; River Fever http://t.co/COGa5iG2zg #Summer #river http://t.co/DaSAncauR4 http://t.co/0ohkJXyxuZ,2,0.0,0.0,Unknown,Unknown,Unknown,Unknown
AngelScheie,06/07/2015 00:57:46,"RT @espn: Hey America, time to party like it's 1999!  The #USA wins its first World Cup in 16 years with a 5-2 win over Japan. http://t.co/‚Ä¶",0,0.0,0.0,Unknown,Unknown,Unknown,Unknown
AngelScheie,06/07/2015 00:56:12,RT @seattlestorm: üá∫üá∏‚≠êÔ∏è‚≠êÔ∏è‚≠êÔ∏è http://t.co/HkLt2Dl3W0,0,0.0,0.0,Unknown,Unknown,Unknown,Unknown
AngelScheie,05/07/2015 23:25:46,RT @espn: Four goals in the first 15 minutes?   It's all happening for the #USA right now. #USAvsJPN http://t.co/Ivz1xVDsTz,0,0.0,0.0,Unknown,Unknown,Unknown,Unknown
AngelScheie,04/07/2015 16:10:05,RT @westseattleblog: What's up for your West Seattle 4th of July ... http://t.co/fm7IJXvzve (Photo by Ann Anderson) http://t.co/Gv3mmipIs9,0,0.0,0.0,Unknown,Unknown,Unknown,Unknown
AngelScheie,04/07/2015 14:45:26,Happy #IndependenceDay Twitterverse! #4thofJuly #4thjuly üíô‚ù§Ô∏èüéâ http://t.co/NCNWFDjoTS,0,0.0,0.0,Unknown,Unknown,Unknown,Unknown
AngelScheie,04/07/2015 05:32:58,Going Soda-less for the @myBeBetter #bebetter52 challenge. Love the natural @Snapple flavors. #summer #4thofJuly http://t.co/v2YFIn1ASU,0,0.0,0.0,Unknown,Unknown,Unknown,Unknown
AngelScheie,03/07/2015 16:49:30,RT @SocialInSeattle: Things to do Today in Seattle FREE http://t.co/uPPVXO5yOe,0,0.0,0.0,Unknown,Unknown,Unknown,Unknown
AngelScheie,03/07/2015 16:49:08,"RT @littlemamajama: Hands, Headlights, and a Father's Love. Read by @AngelScheie says #DadsMyHero http://t.co/N11DEi1vWJ #SoFab #ad",0,0.0,0.0,Unknown,Unknown,Unknown,Unknown
AngelScheie,03/07/2015 16:27:41,Favoring Friday #4thofJuly Edition! Curious?  http://t.co/IKmY0sqtWH #IndenpendenceDay http://t.co/cj8WEarxD2 http://t.co/BrKvptG75V,0,0.0,0.0,Unknown,Unknown,Unknown,Unknown
AngelScheie,03/07/2015 08:10:13,RT @bettinahansen: #summer #pnw #seattle http://t.co/NrIocltlBM,0,0.0,0.0,Unknown,Unknown,Unknown,Unknown
AngelScheie,03/07/2015 08:06:51,RT @SeattleMet: Attention bookworms: Hugo House unveils a stellar 2015‚Äì16 literary lineup. http://t.co/hkyxbovhKA,0,0.0,0.0,Unknown,Unknown,Unknown,Unknown
AngelScheie,03/07/2015 07:08:44,"So, did anybody have a sighting today for #UFODay? üòàüòàüòàüòàüòàüòàüòàüòàüòà",0,0.0,0.0,Unknown,Unknown,Unknown,Unknown
AngelScheie,03/07/2015 03:21:45,RT @hellorigbyblog: 11 Celebs with Serious Braid Inspo: http://t.co/bAzQXiRNza via @shefinds http://t.co/hdHEdG2f41,0,0.0,0.0,Unknown,Unknown,Unknown,Unknown
AngelScheie,02/07/2015 20:14:02,Class act. I really like @AntonioGates85. Can the league reduce this at any point? #nfl  https://t.co/tMqJImfXyc,0,0.0,0.0,Unknown,Unknown,Unknown,Unknown
AngelScheie,02/07/2015 20:07:25,RT @Inspiring9: http://t.co/U241V8ll3k,0,0.0,0.0,Unknown,Unknown,Unknown,Unknown
AngelScheie,02/07/2015 07:00:10,The Documentaries That Changed My Life http://t.co/CyUEguTMAF #food http://t.co/X0U0M3peTZ http://t.co/YDNtFFoApy,0,0.0,0.0,Unknown,Unknown,Unknown,Unknown
AngelScheie,02/07/2015 03:03:19,"RT @Weaveland: Thank you humidity, I always wanted to be the lion king! #badhairday #hair #weaveland #thoughtoftheday http://t.co/aRlEOxm7ve",0,0.0,0.0,Unknown,Unknown,Unknown,Unknown
AngelScheie,02/07/2015 02:59:51,RT @MontgomeryFest: these.are.golden. // @bybritowne shares 3 Sure-Fire Ways to Beat Blogger Procrastination http://t.co/63ftPTr7u3,0,0.0,0.0,Unknown,Unknown,Unknown,Unknown
AngelScheie,02/07/2015 02:58:32,RT @SoutheastMidwes: The #literaryjunkies #linkparty is back! I'm super excited to share what I'm #reading with everyone #books &gt;&gt; http://t‚Ä¶,0,0.0,0.0,Unknown,Unknown,Unknown,Unknown
AngelScheie,02/07/2015 01:38:43,RT @heleneinbetween: @AngelScheie totally nails the #31PhotosInBetween challenge today! How amazing is this pic? http://t.co/mZSev0fQxj,0,0.0,0.0,Unknown,Unknown,Unknown,Unknown
AngelScheie,02/07/2015 01:38:39,@heleneinbetween ‚ò∫Ô∏èday made‚ò∫Ô∏è,0,0.0,0.0,Unknown,Unknown,Unknown,Unknown
AngelScheie,02/07/2015 01:00:32,RT @NYCSingleMom: 10 Fun Facts You Should Know About #July4th - http://t.co/hlmiF4UTC1 via @NYCSingleMom,0,0.0,0.0,Unknown,Unknown,Unknown,Unknown
