CurlRobin,15/08/2015 23:12:05,#GoHawks http://t.co/rtb3lwXWCw,0,0.0,0.0,Unknown,Unknown,Unknown,Unknown
CurlRobin,15/08/2015 02:21:53,RT @chad_curl: Even dem boys know what's up! http://t.co/0ZpJSHI0C4,0,0.0,0.0,Unknown,Unknown,Unknown,Unknown
CurlRobin,14/08/2015 14:41:02,#GoHawks http://t.co/3p8yE4bEXa,0,0.0,0.0,Unknown,Unknown,Unknown,Unknown
CurlRobin,14/08/2015 14:29:25,#GoHawks http://t.co/0EkOCFdBAA,1,0.0,0.0,Unknown,Unknown,Unknown,Unknown
CurlRobin,14/08/2015 01:52:02,#GoHawks http://t.co/5PH36ziWZ0,3,0.0,0.0,Unknown,Unknown,Unknown,Unknown
CurlRobin,12/08/2015 02:29:18,"RT @5SOS: We will be rockin in Central Park NY on the 21st of August!!! On Good Morning America, come one come all! LETS MAKE SOME MAHEM",0,0.0,0.0,Unknown,Unknown,Unknown,Unknown
CurlRobin,12/08/2015 02:25:29,RT @GMA: @5SOS @ashton5sos @calum5sos @michael5sos @luke5sos |Ôø£Ôø£Ôø£Ôø£Ôø£Ôø£Ôø£ | |      11 DAYS.    | | #5SOSonGMA | | ÔºøÔºøÔºøÔºøÔºø____|  (\__/) ||  (‚Ä¢„ÖÖ‚Ä¢) ‚Ä¶,0,0.0,0.0,Unknown,Unknown,Unknown,Unknown
CurlRobin,09/08/2015 16:44:29,RT @12s: The ultimate selfie with @RSherman_25 and @DangeRussWilson #OnlyAtSeahawksCamp http://t.co/jNsPZmd2SI,0,0.0,0.0,Unknown,Unknown,Unknown,Unknown
CurlRobin,02/08/2015 02:30:45,RT @Michael5SOS: Thank you SEATTLE üòç on the way to Canada !,0,0.0,0.0,Unknown,Unknown,Unknown,Unknown
CurlRobin,25/07/2015 23:56:11,@5SOS @Luke5SOS @Calum5SOS @Michael5SOS @Ashton5SOS Awesome Seattle show. See ya time you come to town. #5sosfam http://t.co/jBN3iWTy34,0,0.0,0.0,Unknown,Unknown,Unknown,Unknown
CurlRobin,25/07/2015 23:53:55,@5SOS @Luke5SOS @Michael5SOS @Calum5SOS @Ashton5SOS You guys were great last night. #seattle‚ù§5SOS http://t.co/p4dvtfXSSw,0,0.0,0.0,Unknown,Unknown,Unknown,Unknown
CurlRobin,25/07/2015 23:44:38,RT @5SOSUpdatesTour: 5SOS want to start a rock revolution on pop radio -  http://t.co/NCDgcTY3t2 ‚Ä¶ #MTVHottest 5 Seconds of Summer,0,0.0,0.0,Unknown,Unknown,Unknown,Unknown
CurlRobin,25/07/2015 23:42:18,RT @5SOS: SEATTLE 24.07.2015 http://t.co/hlz361zCf3,0,0.0,0.0,Unknown,Unknown,Unknown,Unknown
CurlRobin,25/07/2015 23:41:45,RT @Ashton5SOS: YOU ARE ABSOLUTELY WILD SEATTLE!,0,0.0,0.0,Unknown,Unknown,Unknown,Unknown
CurlRobin,25/07/2015 23:41:33,RT @Michael5SOS: Seattle is a damn nice city,0,0.0,0.0,Unknown,Unknown,Unknown,Unknown
CurlRobin,25/07/2015 23:40:49,RT @5SOS: Thank you SEATTLE #ROWYSOSeattle http://t.co/Eh9wuFlOf8,0,0.0,0.0,Unknown,Unknown,Unknown,Unknown
CurlRobin,25/07/2015 23:40:30,RT @5SOS: #ROWYSOSeattle http://t.co/h5KW5zIh2A https://t.co/nSCeK1EG3t,0,0.0,0.0,Unknown,Unknown,Unknown,Unknown
CurlRobin,25/07/2015 06:03:13,RT @JackAllTimeLow: Hey @5SOS since you guys weren't at the #APMAs we stole your award http://t.co/TLYbbsMt1S,0,0.0,0.0,Unknown,Unknown,Unknown,Unknown
CurlRobin,25/07/2015 06:01:30,RT @5SOSFamUpdater: A fan named Hailey on stage with 5SOS during Rejects! #ROWYSOSeattle | @5SOS_PHL  ok she's @sowrongitshale ? http://t.c‚Ä¶,0,0.0,0.0,Unknown,Unknown,Unknown,Unknown
CurlRobin,25/07/2015 06:01:17,RT @KeyArenaSeattle: Thank you all for coming! Shout out to the parents that came too :) Get home safe! @5sos  #ROWYSOSeattle http://t.co/4‚Ä¶,0,0.0,0.0,Unknown,Unknown,Unknown,Unknown
CurlRobin,17/07/2015 17:36:34,@onedirection Don't let the guys wear light colors at their shows. Pics &amp; videos didn't come out. #sadseattlefans http://t.co/okeEDw2xJo,0,0.0,0.0,Unknown,Unknown,Unknown,Unknown
CurlRobin,17/07/2015 17:32:04,@onedirection @Real_Liam_Payne @NiallOfficial What's the first thing that comes to mind? #seattleshow http://t.co/7GBM40XBNd,0,0.0,0.0,Unknown,Unknown,Unknown,Unknown
CurlRobin,16/07/2015 03:47:12,@onedirection @AshleighCurl we're ready! #seattleshow #OneDirection http://t.co/Gen40EX2h7,0,0.0,0.0,Unknown,Unknown,Unknown,Unknown
CurlRobin,16/07/2015 03:35:33,@onedirection We're waiting... http://t.co/cV5xZ6ciUO,0,0.0,0.0,Unknown,Unknown,Unknown,Unknown
CurlRobin,17/06/2015 13:46:30,RT @onedirection: Why not check out what Liam snapped using his onstage camera in Vienna? (Need to view it in Google Chrome!)  http://t.co/‚Ä¶,0,0.0,0.0,Unknown,Unknown,Unknown,Unknown
CurlRobin,17/06/2015 13:46:14,RT @NASCARONFOX: She said yes! @DaleJr and @Amy_Reimann are engaged ¬ª http://t.co/0oxiDxxn7a #NASCAR http://t.co/RXKFwqJjLE,0,0.0,0.0,Unknown,Unknown,Unknown,Unknown
CurlRobin,17/06/2015 13:43:37,RT @DaleJr: Now we're talkin @RSherman_25. Glad to be a part of #TeamHeadTrainer. Gonna be fun. https://t.co/GSNOoXnY5n https://t.co/aXn8SC‚Ä¶,0,0.0,0.0,Unknown,Unknown,Unknown,Unknown
CurlRobin,17/06/2015 13:42:50,RT @DaleJr: Looking forward to the rest of my life with this amazing girl.  https://t.co/EuGZbCVynM,0,0.0,0.0,Unknown,Unknown,Unknown,Unknown
CurlRobin,17/06/2015 13:42:33,RT @Amy_Reimann: I'm completely overwhelmed with love &amp; joy. Happiest girl in the world! I love you so much @DaleJr http://t.co/lBxbFLJ4xf,0,0.0,0.0,Unknown,Unknown,Unknown,Unknown
CurlRobin,15/06/2015 00:09:17,@DIRECTV your service is awful &amp; you blame it on my internet. #notahappycustomer #DON'Tswitchtodirectv,0,0.0,0.0,Unknown,Unknown,Unknown,Unknown
CurlRobin,13/06/2015 02:21:50,RT @RSherman_25: I‚Äôm more convinced than ever that NO athletes have to be more mentally prepared than football players. Back me up 12‚Äôs!,0,0.0,0.0,Unknown,Unknown,Unknown,Unknown
CurlRobin,13/06/2015 02:21:01,RT @DaleJr: Sure about that @RSherman_25? 43 racecar drivers at 200mph inches from each other takes it to a whole new level. https://t.co/u‚Ä¶,0,0.0,0.0,Unknown,Unknown,Unknown,Unknown
CurlRobin,21/05/2015 01:08:07,@nfl pay attention maybe you'll learn something. http://t.co/qg9CPdF5gI,2,0.0,0.0,Unknown,Unknown,Unknown,Unknown
CurlRobin,13/03/2015 02:11:19,"RT @Seahawks: """"The most important thing to me in my career is winning championships,"""" @TheJimmyGraham.   AUDIO Conference Call: http://t.co‚Ä¶",0,0.0,0.0,Unknown,Unknown,Unknown,Unknown
CurlRobin,13/03/2015 02:09:00,RT @Seahawks: Shaka.. RT @MaxUnger60: Can't thank you enough for the love and support. It's been amazing to live and play in Seattle. What ‚Ä¶,0,0.0,0.0,Unknown,Unknown,Unknown,Unknown
CurlRobin,13/03/2015 02:08:20,RT @Mariners: Caption this. #FerrellTakesTheField http://t.co/MOyRyi2bgU,0,0.0,0.0,Unknown,Unknown,Unknown,Unknown
CurlRobin,13/03/2015 02:08:06,"RT @Jack_Munden: """"Cano Im taking your spot"""" """"@Mariners: Caption this. #FerrellTakesTheField http://t.co/xgnZ4oZrip""""",0,0.0,0.0,Unknown,Unknown,Unknown,Unknown
CurlRobin,13/03/2015 02:07:46,RT @TheJimmyGraham: Thank You to all the people in Seattle who welcomed me with open arms yesterday. Couldn't be more excited for this oppo‚Ä¶,0,0.0,0.0,Unknown,Unknown,Unknown,Unknown
CurlRobin,10/03/2015 20:23:11,"RT @AdamSchefter: Trade final: Jimmy Graham to Seattle, per Seahawks official.",0,0.0,0.0,Unknown,Unknown,Unknown,Unknown
CurlRobin,01/03/2015 23:19:17,RT @Amy_Reimann: Another top 3! Nice job guys. @DaleJr @Ives_Greg #Team88 #DaleYeah,0,0.0,0.0,Unknown,Unknown,Unknown,Unknown
CurlRobin,03/02/2015 02:50:38,@DangeRussWilson Good for you!  #GoHawks,0,0.0,0.0,Unknown,Unknown,Unknown,Unknown
CurlRobin,03/02/2015 02:50:21,RT @DangeRussWilson: At 26 years old I won't allow 1 play or 1 moment define my career.   I will keep evolving.  #Motivation,0,0.0,0.0,Unknown,Unknown,Unknown,Unknown
CurlRobin,03/02/2015 02:49:45,RT @DangeRussWilson: Thank You God for the opportunity. We'll be back... I will never waiver on who He has called me to be...   Thanks 12s ‚Ä¶,0,0.0,0.0,Unknown,Unknown,Unknown,Unknown
CurlRobin,02/02/2015 17:10:10,@DougBaldwinJr Great job yesterday! Remember there's always next year. #GoHawks,0,0.0,0.0,Unknown,Unknown,Unknown,Unknown
CurlRobin,02/02/2015 03:47:59,"RT @ESPNNFL: Despite the loss, congrats to the Seahawks on a fantastic season.  Back-to-back Super Bowl appearances #respect http://t.co/H9‚Ä¶",0,0.0,0.0,Unknown,Unknown,Unknown,Unknown
CurlRobin,02/02/2015 03:47:38,"RT @MarinaLutsky: Boys you did amazing, things happen for a reason always look at it that way. I love my #Seahawks for life. Proud of each ‚Ä¶",0,0.0,0.0,Unknown,Unknown,Unknown,Unknown
CurlRobin,02/02/2015 03:46:35,RT @AprilH20: We will always have that amazing comeback in the NFC Championship.....,0,0.0,0.0,Unknown,Unknown,Unknown,Unknown
CurlRobin,02/02/2015 03:44:49,RT @12girlgettinfit: DAMN SO HEARTBREAKING BUT I WILL ALWAYS BELIEVE IN MY @Seahawks http://t.co/yOHdShMNWr,0,0.0,0.0,Unknown,Unknown,Unknown,Unknown
CurlRobin,02/02/2015 03:43:02,"RT @SeahawksFan_95: Regardless of what happened tonight, I'm extremely proud of my #Seahawks. #GoHawks #BlueAndGreenForever",0,0.0,0.0,Unknown,Unknown,Unknown,Unknown
CurlRobin,02/02/2015 03:21:46,RT @TessInWA: @DangeRussWilson @DougBaldwinJr @PeteCarroll @MoneyLynch @chopchop_15 Thanks for an awesome season! You did great! #GoHawks #‚Ä¶,0,0.0,0.0,Unknown,Unknown,Unknown,Unknown
CurlRobin,02/02/2015 03:21:15,"RT @JohnHopperstad: I can't condone that last call but what a great season and I'm confident they can get back there next year. Once again,‚Ä¶",0,0.0,0.0,Unknown,Unknown,Unknown,Unknown
CurlRobin,02/02/2015 03:20:15,RT @AdamGehrke: So heartbroken right now. #GoHawks,0,0.0,0.0,Unknown,Unknown,Unknown,Unknown
CurlRobin,02/02/2015 03:19:50,RT @LawnDoodler: I still love my team ‚ù§Ô∏è,0,0.0,0.0,Unknown,Unknown,Unknown,Unknown
CurlRobin,02/02/2015 03:13:31,@Seahawks  Awesome season boys. There's always next year. #GoHawks #12 #truetotheblue,0,0.0,0.0,Unknown,Unknown,Unknown,Unknown
CurlRobin,02/02/2015 03:11:21,"RT @misslaraann: My heart hurts bad, :(  but I still love my @Seahawks  #trueblue",0,0.0,0.0,Unknown,Unknown,Unknown,Unknown
CurlRobin,02/02/2015 03:09:51,"RT @EssexKIRO7: """"As heartbreaking a finish.."""" says @RaibleKIRO7  """"It has been an unbelievable ride.""""",0,0.0,0.0,Unknown,Unknown,Unknown,Unknown
CurlRobin,02/02/2015 02:45:07,RT @Soundtechdez: http://t.co/yrKb05yrRU,0,0.0,0.0,Unknown,Unknown,Unknown,Unknown
CurlRobin,02/02/2015 02:43:50,RT @CAT1PRO: http://t.co/ibvvYp9AbB,0,0.0,0.0,Unknown,Unknown,Unknown,Unknown
CurlRobin,02/02/2015 02:43:05,"RT @FiftyShades: """"Like your XBOX and stuff?"""" #playroom #FiftyShades #SB49 http://t.co/DPQQyBHXqt",0,0.0,0.0,Unknown,Unknown,Unknown,Unknown
CurlRobin,02/02/2015 02:42:56,RT @antmay: I believe in you @Seahawks. We got this.,0,0.0,0.0,Unknown,Unknown,Unknown,Unknown
CurlRobin,02/02/2015 02:41:36,RT @710ESPNSeattle: Retweet if you believe! #GoHawks http://t.co/5Zz2Ax5m7s,0,0.0,0.0,Unknown,Unknown,Unknown,Unknown
CurlRobin,02/02/2015 02:41:26,"RT @WeLoveRobDyrdek: """"So what do you do for a living?"""" http://t.co/mHf2qSdoNa",0,0.0,0.0,Unknown,Unknown,Unknown,Unknown
CurlRobin,02/02/2015 02:41:17,"RT @KIRO7Seattle: RETWEET, 12s! #Seahawks #SB49 &gt;&gt; http://t.co/Txss93ClaZ http://t.co/aqQm35TMKp",0,0.0,0.0,Unknown,Unknown,Unknown,Unknown
CurlRobin,02/02/2015 02:15:28,"RT @GMA: Retweet if you're """"bout that action, boss"""" and to support the Seattle @Seahawks! #GMASuperBowl #SB49 #BeastMode #12s http://t.co/5‚Ä¶",0,0.0,0.0,Unknown,Unknown,Unknown,Unknown
CurlRobin,02/02/2015 02:14:07,Ha ha #GoHawks http://t.co/qy2HIx1QXQ,3,0.0,0.0,Unknown,Unknown,Unknown,Unknown
CurlRobin,02/02/2015 01:38:32,RT @chad_curl: @lindseyhauschka  Atta kid! That's our boy!  GoHawks!,0,0.0,0.0,Unknown,Unknown,Unknown,Unknown
CurlRobin,02/02/2015 01:18:47,RT @Seahawks: Hearing her roar. #SB49 http://t.co/zdaM7XwHgn,0,0.0,0.0,Unknown,Unknown,Unknown,Unknown
CurlRobin,02/02/2015 01:16:45,RT @NFLRT: The only time a Lion will be in the Super Bowl http://t.co/reEXBGUXcM,0,0.0,0.0,Unknown,Unknown,Unknown,Unknown
CurlRobin,02/02/2015 01:13:04,RT @CAT1PRO: http://t.co/dGSUBd36jd,0,0.0,0.0,Unknown,Unknown,Unknown,Unknown
CurlRobin,02/02/2015 01:12:07,"RT @fuzzybunny_feet: """"@FauxJohnMadden: Guys I don't think Jeremy Lane is coming back tonight üòê http://t.co/yrx2YLJ2TK"""" @StayingInMyLane üò≠üò≠üòß",0,0.0,0.0,Unknown,Unknown,Unknown,Unknown
CurlRobin,02/02/2015 01:07:59,RT @Discover: Goat surprises are baad. So are credit score surprises. We can help with one. Terms apply http://t.co/MYEznaL3wi https://t.co‚Ä¶,0,0.0,0.0,Unknown,Unknown,Unknown,Unknown
CurlRobin,02/02/2015 01:06:07,RT @KIRO7Seattle: RETWEET to show some love for @PeteCarroll! #SB49 &gt;&gt; http://t.co/Txss93ClaZ http://t.co/LbBE4i7YZB,0,0.0,0.0,Unknown,Unknown,Unknown,Unknown
CurlRobin,01/02/2015 23:29:07,"RT @chad_curl: """"Time To Rock Out With Your Hawk Out!  GoHawks!",0,0.0,0.0,Unknown,Unknown,Unknown,Unknown
CurlRobin,01/02/2015 22:10:19,RT @BoyesJustin: @RSherman_25's family being gracious and awesome at #SB49!  #Seahawks #WeAre12 #GoHawks #Q13FOX #RoadToRepeat http://t.co/‚Ä¶,0,0.0,0.0,Unknown,Unknown,Unknown,Unknown
CurlRobin,01/02/2015 22:06:31,RT @not_romo: SMH these Walmart employees are savage üòÇ. http://t.co/zYAE6fLylV,0,0.0,0.0,Unknown,Unknown,Unknown,Unknown
CurlRobin,01/02/2015 22:05:49,RT @netwrkguy: http://t.co/7LGLoI8odT,0,0.0,0.0,Unknown,Unknown,Unknown,Unknown
CurlRobin,01/02/2015 22:05:26,RT @MiVidaSeattle: Just got a high five and go Hawks from Chris Pratt from Guardians of the Galaxy! #SuperBowl49 http://t.co/pYoEht9yr7,0,0.0,0.0,Unknown,Unknown,Unknown,Unknown
CurlRobin,01/02/2015 22:05:14,RT @FieldGulls: .@prattprattpratt repping the Seahawks at the Maxim party last night (Photo by Michael Buckner/Getty Images) http://t.co/Y4‚Ä¶,0,0.0,0.0,Unknown,Unknown,Unknown,Unknown
CurlRobin,01/02/2015 22:03:44,RT @SeaTimesPhoto: #Seahawks Russell Wilson walks onto the field for warmups before #SB49. (@deanrutz) Gallery: http://t.co/wBcagBAmev http‚Ä¶,0,0.0,0.0,Unknown,Unknown,Unknown,Unknown
CurlRobin,01/02/2015 22:02:57,"RT @AP_NFL: Seahawks arrive for Super Bowl, @AP_Images there. Steven Hauschka just begging to be memed... http://t.co/BHX0MRYlYG http://t.c‚Ä¶",0,0.0,0.0,Unknown,Unknown,Unknown,Unknown
CurlRobin,01/02/2015 22:00:38,"RT @NASCAR: Everyone loves the commercials, right?  Here are some of #NASCAR Nation's best: http://t.co/vEm0h0OREv http://t.co/DuajXUQ27q",0,0.0,0.0,Unknown,Unknown,Unknown,Unknown
CurlRobin,01/02/2015 21:49:25,RT @FeuxPManning: Pick em Twitter! Who wins ? RT Seahawks  Fav Patriots  #SUPERBOWL49 http://t.co/1UXhh86aqz,0,0.0,0.0,Unknown,Unknown,Unknown,Unknown
CurlRobin,01/02/2015 21:38:56,@Seahawks @chad_curl  We're ready! #GoHawks #SuperBowlXLIX http://t.co/5AoAi52PFD,1,0.0,0.0,Unknown,Unknown,Unknown,Unknown
CurlRobin,01/02/2015 21:33:41,#GoHawks http://t.co/tIii4nIM7a,4,0.0,0.0,Unknown,Unknown,Unknown,Unknown
CurlRobin,01/02/2015 21:08:45,"RT @chad_curl: Some friends took over a bar at Cave Creek,Az! They took down Cardinals flags and put up real flags!  GoHawks! http://t.co/Q‚Ä¶",0,0.0,0.0,Unknown,Unknown,Unknown,Unknown
CurlRobin,01/02/2015 21:08:34,RT @RobinsonCano: Sorry @davidortiz but Seattle's got this one #GoHawks http://t.co/vEfwdN4rOW,0,0.0,0.0,Unknown,Unknown,Unknown,Unknown
CurlRobin,01/02/2015 20:43:34,#GoHawks http://t.co/EgpOwleofP,4,0.0,0.0,Unknown,Unknown,Unknown,Unknown
CurlRobin,01/02/2015 20:42:32,@chad_curl @Seahawks #GoHawks #SuperBowlXLIX http://t.co/U87SSUKJxH,0,0.0,0.0,Unknown,Unknown,Unknown,Unknown
CurlRobin,01/02/2015 20:38:31,#GoHawks http://t.co/SCe2zA3Ava,1,0.0,0.0,Unknown,Unknown,Unknown,Unknown
CurlRobin,01/02/2015 19:59:13,RT @jennihogan: Yes the flag is us #VIPwithGMC #SB49 #GoHawks http://t.co/PuxDzdRxgY,0,0.0,0.0,Unknown,Unknown,Unknown,Unknown
CurlRobin,01/02/2015 19:56:58,RT @chad_curl: Ha! On the greatest day of the sports year in my opinion  @espn is airing bowling? Wtf?  GoHawks!,0,0.0,0.0,Unknown,Unknown,Unknown,Unknown
CurlRobin,01/02/2015 19:23:15,RT @jennihogan: There are 12's everywhere!!!! #vipwithgmc,0,0.0,0.0,Unknown,Unknown,Unknown,Unknown
CurlRobin,01/02/2015 19:22:43,RT @iMichelleFC: #Believe! @12s! #12thManFamily! #12thManTakeover #SB49! #GoHawks! @Q13FOX http://t.co/RDmgDIKATQ,0,0.0,0.0,Unknown,Unknown,Unknown,Unknown
CurlRobin,01/02/2015 19:17:57,@Seahawks @chad_curl #GoHawks #SuperBowlXLIX http://t.co/Cus0nmjeGL,5,0.0,0.0,Unknown,Unknown,Unknown,Unknown
CurlRobin,01/02/2015 19:06:58,@chad_curl New England Patriots cheerleader! #GoHawks #SB49 http://t.co/OMeUgFxMsU,1,0.0,0.0,Unknown,Unknown,Unknown,Unknown
CurlRobin,01/02/2015 18:57:32,I've got the @Seahawks winning #SB49! #SeahawksWIN @NFL http://t.co/hACJgCO2YH,1,0.0,0.0,Unknown,Unknown,Unknown,Unknown
CurlRobin,01/02/2015 17:58:41,RT @yenja65: #SuperBowl49 #GoHawks #12thMan #12 #Seahawks #SeahawksNation üíöüíôüèàüíöüíôüèàüíöüíôüèà http://t.co/eH5q4umB43,0,0.0,0.0,Unknown,Unknown,Unknown,Unknown
CurlRobin,01/02/2015 17:37:11,RT @chad_curl: What's it going to take for the Hawks to get some credit nationally? What more does the national media need them to prove? #‚Ä¶,0,0.0,0.0,Unknown,Unknown,Unknown,Unknown
CurlRobin,01/02/2015 17:35:58,#GoHawks http://t.co/UkjMO3Oq4b,1,0.0,0.0,Unknown,Unknown,Unknown,Unknown
CurlRobin,01/02/2015 17:34:50,@Seahawks @chad_curl #GoHawks #SB49 http://t.co/mI5cmSP2qh,3,0.0,0.0,Unknown,Unknown,Unknown,Unknown
CurlRobin,01/02/2015 17:30:59,@Seahawks #GoHawks #SuperBowl #SB49 #SuperBowlXLIX http://t.co/lMDCukugK3,1,0.0,0.0,Unknown,Unknown,Unknown,Unknown
CurlRobin,01/02/2015 04:50:40,RT @CAT1PRO: #FOLLOW&gt;&gt;&gt;@Jenafriz @bellarafabella @TeeDee1 @RentonHawk @Mossback @ISPY12MAN @12thManNation @dkseattle @pam93312 http://t.co/‚Ä¶,0,0.0,0.0,Unknown,Unknown,Unknown,Unknown
CurlRobin,01/02/2015 04:50:04,@SEAttleHAWKS_12 Hawks!,0,0.0,0.0,Unknown,Unknown,Unknown,Unknown
CurlRobin,01/02/2015 04:49:12,RT @CAT1PRO: http://t.co/i1IrnxzTwF,0,0.0,0.0,Unknown,Unknown,Unknown,Unknown
CurlRobin,01/02/2015 04:48:52,@DannyLeslie3 Hawks!,0,0.0,0.0,Unknown,Unknown,Unknown,Unknown
CurlRobin,01/02/2015 04:48:09,RT @PeteCarroll: Crazy photo from the #12Fest in downtown PHX! Wow the #12s are #awesomer!!! (Pic thx to @joshrawitch) http://t.co/W5ZwbKe7‚Ä¶,0,0.0,0.0,Unknown,Unknown,Unknown,Unknown
CurlRobin,01/02/2015 04:47:27,RT @chad_curl: #teamwebb  #SXonFOX  Bowers is such a douchewaffle,0,0.0,0.0,Unknown,Unknown,Unknown,Unknown
CurlRobin,01/02/2015 03:45:58,"RT @DavidWuMusic: @CurlRobin RT This! """"#Seahawks: Oh the Plays You Will Make!"""" (adapted from Dr. Seuss's """"Oh the Places You'll Go!"""" http://‚Ä¶",0,0.0,0.0,Unknown,Unknown,Unknown,Unknown
CurlRobin,01/02/2015 03:44:49,#GoHawks http://t.co/hwGqht18mn,0,0.0,0.0,Unknown,Unknown,Unknown,Unknown
CurlRobin,31/01/2015 23:31:45,Ha ha #GoHawks http://t.co/kXAA8WnYUA,2,0.0,0.0,Unknown,Unknown,Unknown,Unknown
CurlRobin,31/01/2015 22:31:17,"@Seahawks Hoquiam High School in """"Hawkiquiam"""", WA showing their Seahawks pride. #GoHawks http://t.co/0LuvY2aLfn",0,0.0,0.0,Unknown,Unknown,Unknown,Unknown
CurlRobin,31/01/2015 22:26:34,So very true... http://t.co/WFbirODPaa,1,0.0,0.0,Unknown,Unknown,Unknown,Unknown
CurlRobin,31/01/2015 04:09:43,‚ô°‚ô°‚ô° #GoHawks http://t.co/bUzohK36ji,2,0.0,0.0,Unknown,Unknown,Unknown,Unknown
CurlRobin,31/01/2015 03:12:46,RT @chad_curl: @DaleJr  Hope your pulling for the Hawks on Sunday! GoHawks!,0,0.0,0.0,Unknown,Unknown,Unknown,Unknown
CurlRobin,31/01/2015 01:37:57,"RT @Q13FOX: The Quileute Nation of LaPush, Wash. http://t.co/0hSyHiU37i",0,0.0,0.0,Unknown,Unknown,Unknown,Unknown
CurlRobin,31/01/2015 01:28:31,Totally agree! http://t.co/4NxAo1feQT,0,0.0,0.0,Unknown,Unknown,Unknown,Unknown
CurlRobin,31/01/2015 01:26:11,"@Seahawks @chad_curl McCleary Elementary/Middle School in McCleary, WA showing their Blue Friday Spirit! #GoHawks http://t.co/JyPhejN13g",1,0.0,0.0,Unknown,Unknown,Unknown,Unknown
CurlRobin,30/01/2015 23:23:15,@chad_curl  #GoHawks http://t.co/pgVGtBAaHe,1,0.0,0.0,Unknown,Unknown,Unknown,Unknown
CurlRobin,30/01/2015 23:22:01,@chad_curl http://t.co/6PEdwEbA5F,1,0.0,0.0,Unknown,Unknown,Unknown,Unknown
CurlRobin,30/01/2015 23:21:06,@chad_curl http://t.co/NejrQlgp3f,2,0.0,0.0,Unknown,Unknown,Unknown,Unknown
CurlRobin,30/01/2015 16:24:44,@chad_curl LOL! #GOHAWKS http://t.co/lYpRI7cD2W,2,0.0,0.0,Unknown,Unknown,Unknown,Unknown
CurlRobin,30/01/2015 16:21:47,@chad_curl Love it! #GoHawks http://t.co/T8P7iTfJvP,9,0.0,0.0,Unknown,Unknown,Unknown,Unknown
CurlRobin,30/01/2015 15:02:01,RT @RuiterWrongFAN: Stewart tackled the league going after Marshawn Lynch too http://t.co/6Q3FXGLsVQ,0,0.0,0.0,Unknown,Unknown,Unknown,Unknown
CurlRobin,29/01/2015 20:40:23,@shanncnote I'll look for it.,0,0.0,0.0,Unknown,Unknown,Unknown,Unknown
CurlRobin,29/01/2015 20:29:56,Smh. http://t.co/TcmIPOpHYG,1,0.0,0.0,Unknown,Unknown,Unknown,Unknown
CurlRobin,29/01/2015 18:23:36,@rhoads_t @DawnMannix Unfortunately it's a much bigger issue than that.,0,0.0,0.0,Unknown,Unknown,Unknown,Unknown
CurlRobin,29/01/2015 14:55:05,RT @theMMQB: Meet the man behind the Legion of Boom and who's the next great D-coordinator - Kris Richard: http://t.co/oT7ubLOZFj http://t.‚Ä¶,0,0.0,0.0,Unknown,Unknown,Unknown,Unknown
CurlRobin,29/01/2015 14:54:30,RT @DawnMannix: In the first grade I don't think I could write 100 words. This Common Core nonsense really pisses me off.,0,0.0,0.0,Unknown,Unknown,Unknown,Unknown
CurlRobin,29/01/2015 14:53:43,RT @TeamHowe05: Best interview ever #Yeah #Groot #Seahawks #GoHawks #SBXLIX #BeastMode http://t.co/sEiT6vJRmK,0,0.0,0.0,Unknown,Unknown,Unknown,Unknown
CurlRobin,28/01/2015 23:28:23,Ha ha! #GoHawks http://t.co/c8hs9s5KWy,0,0.0,0.0,Unknown,Unknown,Unknown,Unknown
CurlRobin,28/01/2015 18:57:45,Lmao! #GoHawks http://t.co/dbRuEMlIJu,2,0.0,0.0,Unknown,Unknown,Unknown,Unknown
CurlRobin,28/01/2015 18:36:06,For my hubby! http://t.co/XpHKlfT9TG,0,0.0,0.0,Unknown,Unknown,Unknown,Unknown
CurlRobin,28/01/2015 18:33:36,RIGHT!? What BS! #GoHawks http://t.co/UOmmAwaNfX,0,0.0,0.0,Unknown,Unknown,Unknown,Unknown
CurlRobin,28/01/2015 16:48:11,Awesome #GoHawks #BeastMode http://t.co/rHs5r40SZ7,1,0.0,0.0,Unknown,Unknown,Unknown,Unknown
CurlRobin,27/01/2015 17:37:39,RT @MoneyLynch: Just finished my exclusive 1 on 1 interview w/@kennymayne. #mediaday #FloMode #sponsored http://t.co/Hc8Qj3Ni90,0,0.0,0.0,Unknown,Unknown,Unknown,Unknown
CurlRobin,27/01/2015 03:42:41,Lol #GoHawks http://t.co/pXJU8FlGk3,2,0.0,0.0,Unknown,Unknown,Unknown,Unknown
CurlRobin,26/01/2015 14:55:32,Yes! http://t.co/qH6hW4xHks,0,0.0,0.0,Unknown,Unknown,Unknown,Unknown
CurlRobin,26/01/2015 14:54:54,http://t.co/Uc5skDcrdG,0,0.0,0.0,Unknown,Unknown,Unknown,Unknown
CurlRobin,25/01/2015 18:12:21,RT @Seahawks: #ThankYou12s  #SeahawksSendoff http://t.co/NUrNiW3RFr,0,0.0,0.0,Unknown,Unknown,Unknown,Unknown
CurlRobin,25/01/2015 18:09:25,RT @NFLRT: Who is going to win Super Bowl XLIX?  RETWEET for SEAHAWKS  FAVORITE for PATRIOTS http://t.co/873vbeUhrB,0,0.0,0.0,Unknown,Unknown,Unknown,Unknown
CurlRobin,25/01/2015 18:06:45,RT @DougBaldwinJr: **Like a Movie**  We see you 12s http://t.co/liXk8QQhw9,0,0.0,0.0,Unknown,Unknown,Unknown,Unknown
CurlRobin,25/01/2015 18:06:40,RT @dbailey_18: Unreal. http://t.co/G2cJBV3Xxl,0,0.0,0.0,Unknown,Unknown,Unknown,Unknown
CurlRobin,25/01/2015 18:05:54,"RT @StephenRamaley: Just like that...,the party's over. #liveonkomo http://t.co/JuB9KIFG7o",0,0.0,0.0,Unknown,Unknown,Unknown,Unknown
CurlRobin,25/01/2015 18:05:42,RT @Jus_Showoff: #12tMan Not surprised at all.. #BestFansInTheLeague,0,0.0,0.0,Unknown,Unknown,Unknown,Unknown
CurlRobin,25/01/2015 18:04:55,RT @Q13FOX: The sun is out in SeaTac! Just in time for the 12s to send the #Seahawks off to Arizona! #SeahawksSendoff #Q13Fox,0,0.0,0.0,Unknown,Unknown,Unknown,Unknown
CurlRobin,25/01/2015 18:04:28,RT @ICC_85: #SeahawksSendoff #12s #GOHAWKS http://t.co/qeC6zSaSts,0,0.0,0.0,Unknown,Unknown,Unknown,Unknown
CurlRobin,25/01/2015 18:04:12,RT @Garry_Gilliam: This is unbelievable! Gotta love our fans!! Thank you #12s for the #SuperBowlSendoff we'll bring back that ring for you!‚Ä¶,0,0.0,0.0,Unknown,Unknown,Unknown,Unknown
CurlRobin,25/01/2015 18:04:04,RT @LWillson_82: Wow what an incredible send off!! Thank you to all the 12s. Truly blessed to be a part of this team and this city! #letswo‚Ä¶,0,0.0,0.0,Unknown,Unknown,Unknown,Unknown
CurlRobin,25/01/2015 18:03:42,RT @BIrvin_WVU11: 12's best fans hands down,0,0.0,0.0,Unknown,Unknown,Unknown,Unknown
CurlRobin,25/01/2015 18:03:36,RT @pnwtwain: The 12's are out here loud n proud. Off to the Super Bowl #gohawks http://t.co/qd11P1gt7X,0,0.0,0.0,Unknown,Unknown,Unknown,Unknown
CurlRobin,25/01/2015 18:02:45,RT @JustinBritt68: The 12's are unreal! I see yall!,0,0.0,0.0,Unknown,Unknown,Unknown,Unknown
CurlRobin,25/01/2015 18:02:24,RT @DangeRussWilson: I love this city and I love this team &amp; #12s  #GoHawks  Why Not Us!!!?,0,0.0,0.0,Unknown,Unknown,Unknown,Unknown
CurlRobin,25/01/2015 18:01:29,RT @Seahawks: @seatacairport 12s a crowd. http://t.co/NngX5ZFJk3,0,0.0,0.0,Unknown,Unknown,Unknown,Unknown
CurlRobin,25/01/2015 18:01:25,RT @DavidCarruther2: @Softykjr #12 #gohawks http://t.co/RIf9GOF0Vi,0,0.0,0.0,Unknown,Unknown,Unknown,Unknown
CurlRobin,25/01/2015 18:01:13,RT @lindseywasson: Some incredible costumes walked by here at #SeahawksSendOff. Hawks supposed to arrive soon.  #12thMan #GoHawks http://t.‚Ä¶,0,0.0,0.0,Unknown,Unknown,Unknown,Unknown
CurlRobin,25/01/2015 18:01:02,RT @AKGrown12: Soakin this in...#LoveThisTEAM  #amazing #SEAHAWKS #EnjoyEVERYMoment #GOHAWKS,0,0.0,0.0,Unknown,Unknown,Unknown,Unknown
CurlRobin,25/01/2015 18:00:53,"RT @RapSheet: 12s are insane. Pats fans too, tho RT @carissajanuary: @RapSheet but did you have this kind of send off? http://t.co/vgk6DtoQ‚Ä¶",0,0.0,0.0,Unknown,Unknown,Unknown,Unknown
CurlRobin,25/01/2015 18:00:46,RT @KIRO7Seattle: A special moment -- as the Seahawks are greeted by the 12s.   Watch our stream live! &gt;&gt; http://t.co/qs060Hks6S http://t.c‚Ä¶,0,0.0,0.0,Unknown,Unknown,Unknown,Unknown
CurlRobin,25/01/2015 18:00:12,RT @ICC_85: Here come the buses #SeahawksSendoff http://t.co/IoOog5FFnu,0,0.0,0.0,Unknown,Unknown,Unknown,Unknown
CurlRobin,25/01/2015 18:00:00,RT @JustinBritt68: LOVE THIS! Thank you 12's! #GoHawks,0,0.0,0.0,Unknown,Unknown,Unknown,Unknown
CurlRobin,25/01/2015 17:59:47,RT @JacsonBevens: Seahawks fans make send-offs look like victory parades &amp; victory parades like a got dang revolution. RT @joshtrujillo htt‚Ä¶,0,0.0,0.0,Unknown,Unknown,Unknown,Unknown
CurlRobin,25/01/2015 17:59:09,RT @DJackQ13FOX: #Q13FOX @Delta Employees &amp; Their Families Has The Best Spot To Send Our Champions Off! #SeahawksSendoff #GoHawks http://t.‚Ä¶,0,0.0,0.0,Unknown,Unknown,Unknown,Unknown
CurlRobin,25/01/2015 17:59:03,RT @warhawker12: Now http://t.co/EtmFDyfvZ0,0,0.0,0.0,Unknown,Unknown,Unknown,Unknown
CurlRobin,25/01/2015 17:58:32,RT @ICC_85: #SeahawksSendoff http://t.co/bFOLfhSQjR,0,0.0,0.0,Unknown,Unknown,Unknown,Unknown
CurlRobin,25/01/2015 17:58:28,"RT @RapSheet: En route to AZ for Super Bowl XLIX, listening to Michael Jackson‚Äôs ‚ÄúBad,‚Äù  start to finish. This has nothing to do with defla‚Ä¶",0,0.0,0.0,Unknown,Unknown,Unknown,Unknown
CurlRobin,25/01/2015 17:57:43,"RT @treetastical: """"@Seahawks: .@12s everywhere. #NeverFinished  #SeahawksSendoff http://t.co/r8Eqpprv6O""""   @12s are amazing!!! #GoHawks!! üèà‚Ä¶",0,0.0,0.0,Unknown,Unknown,Unknown,Unknown
CurlRobin,25/01/2015 17:57:38,RT @ICC_85: Helicopter is overhead so they must be close #SeahawksSendoff http://t.co/PY5xWSHS02,0,0.0,0.0,Unknown,Unknown,Unknown,Unknown
CurlRobin,25/01/2015 17:57:28,RT @nryannews: So excited to be here as the players load the bus! Just thinking about what an incredible season it's been! #SB49 http://t.c‚Ä¶,0,0.0,0.0,Unknown,Unknown,Unknown,Unknown
CurlRobin,25/01/2015 17:57:20,RT @SteveTVNews: HERE THEY COME!!! #SeahawksSendOff #GoHawks #Liveonkomo http://t.co/oLWfmu1GRV,0,0.0,0.0,Unknown,Unknown,Unknown,Unknown
CurlRobin,25/01/2015 17:57:12,RT @JohnHopperstad: And the crowd goes nut. #Seahawks vans greeted by thousands #GoHawks #Q13Fox http://t.co/5btal1BeS3,0,0.0,0.0,Unknown,Unknown,Unknown,Unknown
CurlRobin,25/01/2015 17:57:09,RT @PeteCarroll: Who's throwing skittles at the buses!! #12s #SeahawksSendoff,0,0.0,0.0,Unknown,Unknown,Unknown,Unknown
CurlRobin,25/01/2015 17:56:22,RT @photog_feds: #12thman little version is getting tired of waiting!!!  #SeahawksSendoff #liveonkomo #SuperBowl http://t.co/Rtj72051ay,0,0.0,0.0,Unknown,Unknown,Unknown,Unknown
CurlRobin,25/01/2015 17:56:14,RT @KIRO7Seattle: SEAHAWKS ARRIVING!  12s -- Re-tweet to show support of #SeahawksSendOff !!  WATCH &gt;&gt; http://t.co/qs060Hks6S http://t.co/S‚Ä¶,0,0.0,0.0,Unknown,Unknown,Unknown,Unknown
CurlRobin,25/01/2015 17:53:08,RT @Seahawks: We hear you @12s.  We hear you.   #SeahawksSendoff http://t.co/W08VP7NhtP,0,0.0,0.0,Unknown,Unknown,Unknown,Unknown
CurlRobin,25/01/2015 03:56:47,RT @11plus1TrueHawk: @NFootballLHumor @CurlRobin we have a  Hulk and a Beast.....  @RobT_33 @MoneyLynch http://t.co/W9DVtJYHuw,0,0.0,0.0,Unknown,Unknown,Unknown,Unknown
CurlRobin,25/01/2015 03:38:06,"RT @12thDAD: """"@Seahawks: #WhosGonnaWin Super Bowl XLIX?   #SB49 @VerizonWireless [http://t.co/x1qO6rNU2F] http://t.co/ds4ukCwR0K"""" #Seahawks‚Ä¶",0,0.0,0.0,Unknown,Unknown,Unknown,Unknown
CurlRobin,25/01/2015 03:37:56,RT @NFootballLHumor: Super Bowl 49 http://t.co/pFAUuuWdhU,0,0.0,0.0,Unknown,Unknown,Unknown,Unknown
CurlRobin,23/01/2015 22:16:40,RT @RSherman_25: http://t.co/lPRkub2IEF,0,0.0,0.0,Unknown,Unknown,Unknown,Unknown
CurlRobin,23/01/2015 17:55:05,RT @ISPY12MAN: Happy Blue Friday! @RentonHawk @AaronQ13Fox @BillWixey @GOFREAKINGHAWKS @ronanddon @bellarafabella @DougBaldwinJr http://t.c‚Ä¶,0,0.0,0.0,Unknown,Unknown,Unknown,Unknown
CurlRobin,23/01/2015 17:44:04,@Seahawks #GoHawks #BlueFriday http://t.co/rf6Pk8d5wQ,4,0.0,0.0,Unknown,Unknown,Unknown,Unknown
CurlRobin,21/01/2015 20:36:10,RT @prattprattpratt: @ChrisEvans We both know there's only one Captain America and his name is Russell Wilson. #SuperBowlBound #LOB #Repeat,0,0.0,0.0,Unknown,Unknown,Unknown,Unknown
CurlRobin,21/01/2015 20:36:02,"RT @prattprattpratt: @ChrisEvans OK. Seahawks win you fly yourself to Seattle, visit @seattlechildren hospital as Captain America, waving t‚Ä¶",0,0.0,0.0,Unknown,Unknown,Unknown,Unknown
CurlRobin,21/01/2015 20:35:31,"RT @ChrisEvans: @prattprattpratt I accept. And when the Patriots humiliate your seachickens, I expect Star-Lord to arrive at @chris_haven i‚Ä¶",0,0.0,0.0,Unknown,Unknown,Unknown,Unknown
CurlRobin,18/01/2015 16:41:53,#GoHawks http://t.co/Uv2K9HYF76,5,0.0,0.0,Unknown,Unknown,Unknown,Unknown
CurlRobin,18/01/2015 16:39:33,@chad_curl #GoHawks http://t.co/1OLyH6fAB9,0,0.0,0.0,Unknown,Unknown,Unknown,Unknown
CurlRobin,12/01/2015 15:54:51,RT @chad_curl: http://t.co/vMRsvx446k,0,0.0,0.0,Unknown,Unknown,Unknown,Unknown
CurlRobin,06/01/2015 17:48:13,RT @ESPNNFL: Here's @ESPN_Colin's top 8 NFL playoff teams right now. Agree? 1 SEA 2 NE 3 DEN 4 BAL 5 GB 6 DAL 7 IND 8 CAR,0,0.0,0.0,Unknown,Unknown,Unknown,Unknown
CurlRobin,01/01/2015 16:46:43,Happy New Year Twelve's. #GoHawks http://t.co/FSRp518lnd,1,0.0,0.0,Unknown,Unknown,Unknown,Unknown
CurlRobin,30/12/2014 18:38:25,#GoHawks http://t.co/ZvPx5725Ef,4,0.0,0.0,Unknown,Unknown,Unknown,Unknown
CurlRobin,28/12/2014 21:55:33,@chad_curl #GoHawks http://t.co/aSmnv19Zyy,0,0.0,0.0,Unknown,Unknown,Unknown,Unknown
CurlRobin,28/12/2014 21:01:03,@Seahawks @chad_curl #GoHawks http://t.co/Yxb6vhL4ST,0,0.0,0.0,Unknown,Unknown,Unknown,Unknown
CurlRobin,25/12/2014 14:17:13,Merry Christmas http://t.co/4onCbV8ouZ,0,0.0,0.0,Unknown,Unknown,Unknown,Unknown
CurlRobin,25/12/2014 00:16:01,RT @chad_curl: http://t.co/gu3P0hbQbz,0,0.0,0.0,Unknown,Unknown,Unknown,Unknown
CurlRobin,24/12/2014 04:36:02,"RT @Seahawks: Can we get all 700,000 of you to Favorite this? We'll start...  #ThankYou12s #WeAre12 http://t.co/HaRUNcB29J",0,0.0,0.0,Unknown,Unknown,Unknown,Unknown
CurlRobin,22/12/2014 17:03:13,Omg too funny! #GoSeattle http://t.co/L06XpLgDv2,7,0.0,0.0,Unknown,Unknown,Unknown,Unknown
CurlRobin,22/12/2014 03:53:09,"RT @tpittman5: After that third miss, Hauschka puts on Lynch's cap for some inspiration. #Seahawks #k5sports #SEAvsAZ http://t.co/BGx20rQ6RI",0,0.0,0.0,Unknown,Unknown,Unknown,Unknown
CurlRobin,22/12/2014 03:51:02,"RT @komonews: It's okay, @StevenHauschka. Nearly every #12thWoman we know still has a crush on ya, big guy. #Seahawks http://t.co/CRB4TemmIE",0,0.0,0.0,Unknown,Unknown,Unknown,Unknown
CurlRobin,22/12/2014 01:28:00,#GoHawks http://t.co/70aBNWfq0y,8,0.0,0.0,Unknown,Unknown,Unknown,Unknown
CurlRobin,21/12/2014 16:40:55,I love this one!  #GoHawks http://t.co/2cMX4hivMT,2,0.0,0.0,Unknown,Unknown,Unknown,Unknown
