dtheories,17/09/2015 01:29:42,@Lisuni @SG1Danny No problem. I understand. My nephew is now in Colombia but was in Chili during one of their crisis last year. When u can.,0,0.0,0.0,Unknown,Unknown,Unknown,Unknown,Unknown
dtheories,17/09/2015 01:26:41,@Lisuni @SG1Danny oooh. yeah! :D,0,0.0,0.0,Unknown,Unknown,Unknown,Unknown,Unknown
dtheories,16/09/2015 23:18:04,@SG1Danny There's nothing new on the CTV site that I can see. Only clips from past seasons and then a clip for S4 that won't run for U.S. :(,0,0.0,0.0,Unknown,Unknown,Unknown,Unknown,Unknown
dtheories,16/09/2015 23:11:01,"@SG1Danny Right, but where did you find the promo shot?  I only saw three images with him on the Saving Hope page and none had that angle.",0,0.0,0.0,Unknown,Unknown,Unknown,Unknown,Unknown
dtheories,16/09/2015 22:53:32,@SG1Danny where did you find this shot?,0,0.0,0.0,Unknown,Unknown,Unknown,Unknown,Unknown
dtheories,16/09/2015 16:10:18,@SG1Danny That jacket seems familiar too! :D,0,0.0,0.0,Unknown,Unknown,Unknown,Unknown,Unknown
dtheories,16/09/2015 04:20:00,Hypnotic wernerhornung art. http://t.co/UnR5xvz2fY,0,0.0,0.0,Unknown,Unknown,Unknown,Unknown,Unknown
dtheories,15/09/2015 14:58:53,RT @DowntonCooks: There is a difference between Afternoon and High Tea.  Check out my guide to #tea with lots of healthy recipes. http://t.‚Ä¶,0,0.0,0.0,Unknown,Unknown,Unknown,Unknown,Unknown
dtheories,15/09/2015 14:58:04,"RT @Variety: Danger, Will Robinson! Cast members recall #LostInSpace on its 50th anniversary http://t.co/48ZFe5G0j2 http://t.co/khLorVIYsS",0,0.0,0.0,Unknown,Unknown,Unknown,Unknown,Unknown
dtheories,15/09/2015 04:45:11,RT @NEWS1130: AMBER ALERT: Two-year-old girl abducted near Alberta/BC border http://t.co/PgyBd8wISo http://t.co/JbjCoyMSLb,0,0.0,0.0,Unknown,Unknown,Unknown,Unknown,Unknown
dtheories,15/09/2015 04:45:04,RT @terylrothery: Retweeted NEWS 1130 (@NEWS1130):  AMBER ALERT: Two-year-old girl abducted near Alberta/BC border... http://t.co/tkkn0fo2RL,0,0.0,0.0,Unknown,Unknown,Unknown,Unknown,Unknown
dtheories,15/09/2015 04:09:30,"@TDESPN Chill, Trent!  Don't forget that the 49ers are playing the Minnesota Vikings. #MNF",0,0.0,0.0,Unknown,Unknown,Unknown,Unknown,Unknown
dtheories,15/09/2015 03:10:55,Hysterical. Much more appealing than the 49ers new look. I thought they were a college team at first blush.  https://t.co/b1KhOhap2Y,0,0.0,0.0,Unknown,Unknown,Unknown,Unknown,Unknown
dtheories,15/09/2015 02:57:02,"RT @KCTS9: At 9pm, watch #WaltDisneyPBS, """"The Man Behind the Magic"""" part 1: http://t.co/xxHizzw7II on @AmExperiencePBS #Disney http://t.co/‚Ä¶",0,0.0,0.0,Unknown,Unknown,Unknown,Unknown,Unknown
dtheories,14/09/2015 19:15:00,@Kam_Chancellor Doubt the Rams think they were anything but lucky that you weren't on the team yesterday preventing all those 3rd and longs!,0,0.0,0.0,Unknown,Unknown,Unknown,Unknown,Unknown
dtheories,14/09/2015 00:59:36,RT @KCTS9: We're so excited for more #PBSBakingShow! Watch the next new episode at 7pm. http://t.co/Ij5yU1Dkbe http://t.co/YnrLMXZBMJ,0,0.0,0.0,Unknown,Unknown,Unknown,Unknown,Unknown
dtheories,14/09/2015 00:14:07,Sure the Rams have today's win but Seattle has the R2-D2 Dreamliner!   http://t.co/7AUHEpvKBv http://t.co/wg6Vwyv1tT via @KING5Seattle,0,0.0,0.0,Unknown,Unknown,Unknown,Unknown,Unknown
dtheories,14/09/2015 00:05:19,@MichaelShanks Hope your team's final result is better than my team's was...today!,0,0.0,0.0,Unknown,Unknown,Unknown,Unknown,Unknown
dtheories,13/09/2015 17:36:05,@TheMikeSalk @710ESPNSeattle Secondary continues to be a serious problem. Can we try Burley now?,0,0.0,0.0,Unknown,Unknown,Unknown,Unknown,Unknown
dtheories,13/09/2015 17:21:51,RT @Easybreezy0722: K I'm getting a Lockett jersey @SeahawksProShop #GoHawks!!!!!!!!!,0,0.0,0.0,Unknown,Unknown,Unknown,Unknown,Unknown
dtheories,13/09/2015 16:01:07,RT @MichaelShanks: The Homecoming 2016 - Announcement: http://t.co/iCbjCkgdn5,0,0.0,0.0,Unknown,Unknown,Unknown,Unknown,Unknown
dtheories,12/09/2015 23:32:50,#GoHawks! https://t.co/bHHmQGPiTp,0,0.0,0.0,Unknown,Unknown,Unknown,Unknown,Unknown
dtheories,12/09/2015 22:25:13,@Giavanni_Ruffin @Kam_Chancellor Isn't this a conversation for the player's association? They seemed to be able to protect Brady okay.,0,0.0,0.0,Unknown,Unknown,Unknown,Unknown,Unknown
dtheories,12/09/2015 17:55:18,The @Seahawks truly know a thing or two about psa's. We are Ready for some football! #GoHawks! https://t.co/biVo1p22N2,0,0.0,0.0,Unknown,Unknown,Unknown,Unknown,Unknown
dtheories,12/09/2015 04:08:59,#NFLFanRecord http://t.co/F9Hw3wZbE6,0,0.0,0.0,Unknown,Unknown,Unknown,Unknown,Unknown
dtheories,12/09/2015 02:53:05,Waiting for media to blame her loss on Drake. Oh right. That headline's reserved for girlfriends of male athletes. https://t.co/Vo0JgTppMO,0,0.0,0.0,Unknown,Unknown,Unknown,Unknown,Unknown
dtheories,12/09/2015 02:43:20,RT @jengeset: .@Seahawks #BlueFriday #GoHawks #MtRainier #12s http://t.co/hdWgGsyJIl,0,0.0,0.0,Unknown,Unknown,Unknown,Unknown,Unknown
dtheories,11/09/2015 21:33:19,RT @SeahawkRoadCrew: 12s Traveling for @Seahawks vs Rams Here is your Event Link for St. Louis hosted by Midwest Sea Hawkers! #GoHawks! htt‚Ä¶,0,0.0,0.0,Unknown,Unknown,Unknown,Unknown,Unknown
dtheories,11/09/2015 05:01:21,"@Raineme Alas, U.S. not allowed to view anything on the Saving Hope site. :(",0,0.0,0.0,Unknown,Unknown,Unknown,Unknown,Unknown
dtheories,11/09/2015 04:54:54,"@Raineme If you find another, I'll watch it again. Happily! :D",0,0.0,0.0,Unknown,Unknown,Unknown,Unknown,Unknown
dtheories,11/09/2015 04:53:24,RT @thedailybeast: The Myth of an Unarrestable Black Man http://t.co/rIOOC16jNj http://t.co/1YuzavP8M5,0,0.0,0.0,Unknown,Unknown,Unknown,Unknown,Unknown
dtheories,11/09/2015 02:34:15,RT @Seahawks247: #Seahawks fans we're giving away a #BeastMode hat for #SEAvsSTL   How to enter: 1. Follow @Seahawks247 2. RT this http://t‚Ä¶,0,0.0,0.0,Unknown,Unknown,Unknown,Unknown,Unknown
dtheories,10/09/2015 23:17:36,"These """"amateur"""" British bakers are quite talented. #PBSBakingShow @KCTS9 https://t.co/ILITEob6jR",1,0.0,0.0,Unknown,Unknown,Unknown,Unknown,Unknown
dtheories,10/09/2015 23:11:33,Feel sad for Pat's fans. Their kickoff party is in San Francisco! @NFL #GoHawks! https://t.co/bRV1A1RA1B,0,0.0,0.0,Unknown,Unknown,Unknown,Unknown,Unknown
dtheories,10/09/2015 22:22:13,@richeisen @jordanbabineaux Thx for sharing NE's banner! Love they recognize the win on the backs of @12s! #GoHawks http://t.co/dIv0CYPaP3,0,0.0,0.0,Unknown,Unknown,Unknown,Unknown,Unknown
dtheories,10/09/2015 22:08:15,"RT @bouckap: Will never forget this moment. That little Syrian girl is looking at all of us, asking WHY?  Hungarian border. http://t.co/bg5‚Ä¶",0,0.0,0.0,Unknown,Unknown,Unknown,Unknown,Unknown
dtheories,10/09/2015 22:06:39,RT @SimonDavisBarry: Tomorrow!! @SyfyTV @Syfy - Something will happen!!!! Watch live or set your PVR #Continuum,0,0.0,0.0,Unknown,Unknown,Unknown,Unknown,Unknown
dtheories,10/09/2015 22:04:45,This is just so sad. @Kam_Chancellor is so giving to the Seattle community. Can @PaulGAllen make a charity donation? https://t.co/I4FC1EvePu,0,0.0,0.0,Unknown,Unknown,Unknown,Unknown,Unknown
dtheories,10/09/2015 21:51:53,@RobT_33 Going to miss you though glad we'll get to wish you a Merry Christmas when you visit in December! All the best with your new team!,0,0.0,0.0,Unknown,Unknown,Unknown,Unknown,Unknown
dtheories,10/09/2015 01:06:29,RT @viralvines: There are 3 types of people at bars.... https://t.co/53usnnXpHi,0,0.0,0.0,Unknown,Unknown,Unknown,Unknown,Unknown
dtheories,09/09/2015 04:32:17,But what I want to know is will the @SHWritersRoom bring us more of this in #SavingHope Season 4?   https://t.co/AjgOAdTnyS,2,0.0,0.0,Unknown,Unknown,Unknown,Unknown,Unknown
dtheories,09/09/2015 03:57:44,Excellent pic. #GoHawks! https://t.co/MRGtq4OwZW,0,0.0,0.0,Unknown,Unknown,Unknown,Unknown,Unknown
dtheories,09/09/2015 02:50:25,RT @Politics_PR: This Prison Gets Rich Locking Up Preschoolers And No One Seems To Care: http://t.co/0hy1stOdyK #p2 #tcot http://t.co/FMlca‚Ä¶,0,0.0,0.0,Unknown,Unknown,Unknown,Unknown,Unknown
dtheories,08/09/2015 17:54:55,RT @espn: The NFL is back!  We've got you covered with predictions and breakdowns for every team: http://t.co/7oLKu1dU42 http://t.co/LevNCY‚Ä¶,0,0.0,0.0,Unknown,Unknown,Unknown,Unknown,Unknown
dtheories,07/09/2015 21:30:56,RT @RSherman_25: S/O to #UnionGameDay workers @unitehere @sagaftra @CWAunion @GLFOP @IAFFNewsDesk @AFSCME. #LaborDay RT! http://t.co/kRtuC7‚Ä¶,0,0.0,0.0,Unknown,Unknown,Unknown,Unknown,Unknown
dtheories,07/09/2015 18:06:04,RT @Starbucksnews: Starbucks and the Seattle @Seahawks offer a new limited-edition gift card. Details: http://t.co/iudiCSWduf http://t.co/K‚Ä¶,0,0.0,0.0,Unknown,Unknown,Unknown,Unknown,Unknown
dtheories,07/09/2015 17:59:11,RT @KeeganHall: Teaming up w/ @RSherman_25 to help others. Most important thing I've ever done. Please RT http://t.co/EaeGNiuvbc http://t.c‚Ä¶,0,0.0,0.0,Unknown,Unknown,Unknown,Unknown,Unknown
dtheories,07/09/2015 17:53:56,"@Raineme I think flying on Christmas Day is not a bad idea. But from where you are, the greater challenge might be getting to the plane!",0,0.0,0.0,Unknown,Unknown,Unknown,Unknown,Unknown
dtheories,06/09/2015 22:22:08,RT @Seahawks: WRs @TeaMSmith8 &amp; @2KTill_ among seven signed to practice squad. [http://t.co/vZVimT7c6Z] http://t.co/kCnSNB1gXc,0,0.0,0.0,Unknown,Unknown,Unknown,Unknown,Unknown
dtheories,06/09/2015 22:06:53,RT @Seahawks: Seahawks trade RB Christine Michael to @dallascowboys for undisclosed 2016 draft pick; practice squad announced. [http://t.co‚Ä¶,0,0.0,0.0,Unknown,Unknown,Unknown,Unknown,Unknown
dtheories,06/09/2015 22:05:23,RT @Politics_PR: An Inspiring Message #lgbt #KimDavis http://t.co/uJYkwtWUap,0,0.0,0.0,Unknown,Unknown,Unknown,Unknown,Unknown
dtheories,06/09/2015 00:41:03,RT @Anomaly100: Paranoia strikes deep.   #KimDavis http://t.co/ELq7nUXSOt,0,0.0,0.0,Unknown,Unknown,Unknown,Unknown,Unknown
dtheories,05/09/2015 04:16:34,@Sports_Fan_206 @SeaTimesSports @bcondotta Truly hope so. Good man. #GoHawks!,0,0.0,0.0,Unknown,Unknown,Unknown,Unknown,Unknown
dtheories,05/09/2015 04:12:39,@SeaTimesSports @Sports_Fan_206 @bcondotta Sad. Russell's roommate and someone who's performed well w/no blockers. Hope we can claim him.,0,0.0,0.0,Unknown,Unknown,Unknown,Unknown,Unknown
dtheories,05/09/2015 04:08:50,RT @amandatapping: Brilliant. RT @eimear20: @amandatapping http://t.co/2w7eAI8HiZ,0,0.0,0.0,Unknown,Unknown,Unknown,Unknown,Unknown
dtheories,04/09/2015 16:32:10,So true! #TomBrady's penalty for illegal activity suspended over a technicality NOT because he wasn't guilty! https://t.co/QmGtBGufhP,0,0.0,0.0,Unknown,Unknown,Unknown,Unknown,Unknown
dtheories,04/09/2015 03:51:56,"Depth at secondary a worry. A Real Worry. c'mon Hawks. Preseason or not, must stay focused.",0,0.0,0.0,Unknown,Unknown,Unknown,Unknown,Unknown
dtheories,04/09/2015 02:28:29,Oh I do hope we get to see this scene repeated often in 2015. #GoHawks! https://t.co/JqAz5QK1NT,0,0.0,0.0,Unknown,Unknown,Unknown,Unknown,Unknown
dtheories,04/09/2015 02:15:53,RT @SavingHopeTV: RT if 3 weeks isn't soon enough! Mark it on the calendar - new season of #SavingHope September 24 on @CTV_Television http‚Ä¶,0,0.0,0.0,Unknown,Unknown,Unknown,Unknown,Unknown
dtheories,04/09/2015 02:14:57,I guess that seals it for Tyler Lockett. He's a SEAHAWK! $$ #GoHawks!,0,0.0,0.0,Unknown,Unknown,Unknown,Unknown,Unknown
dtheories,03/09/2015 18:36:19,"Did anyone expect an East Coast judge to do anything different for their messiah, Tom Brady?  https://t.co/Moft7dMYOx",0,0.0,0.0,Unknown,Unknown,Unknown,Unknown,Unknown
dtheories,03/09/2015 05:51:34,RT @bannerite: #GOP voters may be woefully ignorant but at least they show up! DEMOCRATS take notice! We can't win if we don't vote.,0,0.0,0.0,Unknown,Unknown,Unknown,Unknown,Unknown
dtheories,03/09/2015 03:21:24,Who else is traveling back in time w/these songs? Readers' Poll: The 10 Best #EltonJohn Deep Cuts http://t.co/dNdYdgEGxZ via @rollingstone,0,0.0,0.0,Unknown,Unknown,Unknown,Unknown,Unknown
dtheories,03/09/2015 03:03:51,"RT @HistoryInPics: John Cleese taking a break on the set of Monty Python and The Holy Grail, 1974. http://t.co/mJxtQvMucl",0,0.0,0.0,Unknown,Unknown,Unknown,Unknown,Unknown
dtheories,03/09/2015 03:02:34,RT @CrystalMt: First snow of season! 9/2/15 #firstsnow #winteriscoming http://t.co/SpjuGaGg02,0,0.0,0.0,Unknown,Unknown,Unknown,Unknown,Unknown
dtheories,03/09/2015 02:50:23,RT @allinwithchris: The U.S. has taken in only 1000 Syrian refugees. @chrislhayes makes the case for taking in many more #inners http://t.c‚Ä¶,0,0.0,0.0,Unknown,Unknown,Unknown,Unknown,Unknown
dtheories,03/09/2015 02:45:10,RT @Seahawks: We are 24 hours away from kickoff against the Oakland @raiders at @CenturyLink_Fld!  #OAKvsSEA #TheDayBefore http://t.co/xzwr‚Ä¶,0,0.0,0.0,Unknown,Unknown,Unknown,Unknown,Unknown
dtheories,03/09/2015 02:32:37,#VAMOS #Rafa! https://t.co/M6MrcqPjEI,0,0.0,0.0,Unknown,Unknown,Unknown,Unknown,Unknown
dtheories,03/09/2015 00:18:32,@fuzzybunny_feet I see @RealMikeRob picked you for your great enthusiasm we see! Congrats and #GoHawks!,0,0.0,0.0,Unknown,Unknown,Unknown,Unknown,Unknown
dtheories,02/09/2015 15:25:01,"RT @_youhadonejob: """"Ok I've helped you clean up now where's my treats?"""" http://t.co/WktgreyT1b",0,0.0,0.0,Unknown,Unknown,Unknown,Unknown,Unknown
dtheories,02/09/2015 04:43:34,Between the tears #Stargate convention fans may be reminded of @LexaShmexa &amp; @MichaelShanks Psst: Keep the volume low http://t.co/UdQnVZMez7,0,0.0,0.0,Unknown,Unknown,Unknown,Unknown,Unknown
dtheories,02/09/2015 03:47:55,But We Need Kam! #bambam https://t.co/PQTjioQKjF,0,0.0,0.0,Unknown,Unknown,Unknown,Unknown,Unknown
dtheories,02/09/2015 02:01:24,2 of 3 weeks @tylerlockett16 #AlwaysCompete! Can't wait for the @Seahawks season to begin. #GoHawks! https://t.co/gyONGRwOFN,0,0.0,0.0,Unknown,Unknown,Unknown,Unknown,Unknown
dtheories,02/09/2015 01:30:34,"RT @allinwithchris: U.S. Hispanic Chamber of Congress Pres.: """"We've gone to a place in America today that frankly I'm embarrassed by"""" http:‚Ä¶",0,0.0,0.0,Unknown,Unknown,Unknown,Unknown,Unknown
dtheories,02/09/2015 01:18:45,RT @Martina: WATCH: Rare Bloom Of Corpse Flower- had no idea flowers could be this huge!!! And stinky to boot:) http://t.co/v8mYVT1ayG,0,0.0,0.0,Unknown,Unknown,Unknown,Unknown,Unknown
dtheories,01/09/2015 22:24:39,#1! #CanoFilthy @Mariners https://t.co/OET1VGeTTc,0,0.0,0.0,Unknown,Unknown,Unknown,Unknown,Unknown
dtheories,01/09/2015 16:37:23,"Yes!  #DarkMatter Renewed!  Can't imagine what's next for @therogercross, the busiest actor in Hollywood. https://t.co/RqF1WlQGPM",0,0.0,0.0,Unknown,Unknown,Unknown,Unknown,Unknown
dtheories,01/09/2015 05:14:46,But there is no race problem in America. https://t.co/Ol5UBiNhWM,0,0.0,0.0,Unknown,Unknown,Unknown,Unknown,Unknown
dtheories,01/09/2015 02:34:18,RT @Politics_PR: Nation With Crumbling Bridges and Roads Excited to Build Giant Wall: http://t.co/Q6LhyjjxXh #p2 #tcot http://t.co/VWpoBBP5‚Ä¶,0,0.0,0.0,Unknown,Unknown,Unknown,Unknown,Unknown
dtheories,30/08/2015 04:22:21,RT @KCTS9: Do hope you enjoy tonight's 10:30pm premiere of #ViciousPBS @Vicious in #Seattle &amp; #Vancouver! http://t.co/AwYC5fQ6nf http://t.c‚Ä¶,0,0.0,0.0,Unknown,Unknown,Unknown,Unknown,Unknown
dtheories,30/08/2015 04:20:38,"With @tylerlockett16 and @jarrydhayne_1 on special teams, the NFC West is the division to watch! #GoHawks https://t.co/9YMr9iBN2n",0,0.0,0.0,Unknown,Unknown,Unknown,Unknown,Unknown
dtheories,30/08/2015 04:16:06,@StevenHauschka  He says he likes to let 'em rip. #GoHawks! https://t.co/kg6aQSgZaM,0,0.0,0.0,Unknown,Unknown,Unknown,Unknown,Unknown
dtheories,30/08/2015 04:10:08,Jack O'Neill was right! MT: @HuffPostPol   Dick Cheney: Iran deal will lead to first use of nuclear weaps since WWII http://t.co/BcNVBQkDiH,0,0.0,0.0,Unknown,Unknown,Unknown,Unknown,Unknown
dtheories,30/08/2015 04:08:23,RT @Seahawks: Have a day @JonRyan9!  #SEAvsSD http://t.co/x4fDsVqXfJ,0,0.0,0.0,Unknown,Unknown,Unknown,Unknown,Unknown
dtheories,29/08/2015 15:55:02,Cat 1 - SyFy 0 https://t.co/tJi7z2UI82,0,0.0,0.0,Unknown,Unknown,Unknown,Unknown,Unknown
dtheories,29/08/2015 03:39:07,RT @GeekTrench: Android's warranty has to be voided by now with all the abuse she receives! #DarkMatter #RenewDarkMatter,0,0.0,0.0,Unknown,Unknown,Unknown,Unknown,Unknown
dtheories,29/08/2015 03:31:58,Did not see that coming @therogercross ! #DarkMatter MUST Renew! @SyfyTV,1,0.0,0.0,Unknown,Unknown,Unknown,Unknown,Unknown
dtheories,29/08/2015 02:13:21,RT @LaurenNickols: That little snap-snap thing? Total #McKay thing to do #Stargate #DarkMatter #RenewDarkMatter #SyFyFriday @dhewlett,0,0.0,0.0,Unknown,Unknown,Unknown,Unknown,Unknown
dtheories,29/08/2015 02:10:04,Such a cool show! #RenewDarkMatter @SyfyTV 21 S2 eps please! https://t.co/yLl6N2whPF,0,0.0,0.0,Unknown,Unknown,Unknown,Unknown,Unknown
dtheories,28/08/2015 17:39:41,It's like in WA state where #firefighters are working so hard &amp; many of us r incompetent at offering meaningful help https://t.co/ifqwGbvVXL,0,0.0,0.0,Unknown,Unknown,Unknown,Unknown,Unknown
dtheories,28/08/2015 17:34:33,RT @MarkEllis_TV: We get to hang with @amandatapping on her Birthday!  So glad to have her direct #XCompany eps 207 and 208. http://t.co/Tc‚Ä¶,0,0.0,0.0,Unknown,Unknown,Unknown,Unknown,Unknown
dtheories,27/08/2015 02:47:57,Sturgeon Moon expected Saturday night for the #seahawks game. Supposedly named due to the good light for catching. http://t.co/5TKKnN6zef,0,0.0,0.0,Unknown,Unknown,Unknown,Unknown,Unknown
dtheories,27/08/2015 02:46:11,RT @Seahawks: #SeahawksSalute #WaWildfires http://t.co/evthdFLLFD,0,0.0,0.0,Unknown,Unknown,Unknown,Unknown,Unknown
dtheories,27/08/2015 02:00:13,Perfect https://t.co/gYw24c3XuZ,0,0.0,0.0,Unknown,Unknown,Unknown,Unknown,Unknown
dtheories,26/08/2015 15:31:45,Woman sees Donald Trump in her tub of butter http://t.co/4HjF214GbT via @KING5Seattle,0,0.0,0.0,Unknown,Unknown,Unknown,Unknown,Unknown
dtheories,26/08/2015 15:20:20,She Tells Her Grandma That She‚Äôs Just Been Cheated On So Grandma Tells Her To Do This http://t.co/14OC2OYXi5,0,0.0,0.0,Unknown,Unknown,Unknown,Unknown,Unknown
dtheories,26/08/2015 03:33:40,RT @NaphiSoc: Fool me once - shame on you fool me twice - shame on me fool me three times - OMFG  #UniteBlue http://t.co/cB1UI3pZwY,0,0.0,0.0,Unknown,Unknown,Unknown,Unknown,Unknown
dtheories,25/08/2015 04:08:35,RT @Politics_PR: #Ferguson Judge Throws Out All Arrest Warrants Issued Before 2015: http://t.co/asbzmmFS5W #p2 #UniteBlue http://t.co/C4mQZ‚Ä¶,0,0.0,0.0,Unknown,Unknown,Unknown,Unknown,Unknown
dtheories,23/08/2015 22:21:22,Was thinking of @amandatapping and @Marina_Sirtis @emeraldcitycon this a.m. when watching #StargateSG1 Watergate! https://t.co/glD7cQ4S0c,0,0.0,0.0,Unknown,Unknown,Unknown,Unknown,Unknown
dtheories,23/08/2015 16:44:57,RT @BelPresChurch: Worship at the Park toady! #JubileeServiceDay2015 https://t.co/27Os62gPNc,0,0.0,0.0,Unknown,Unknown,Unknown,Unknown,Unknown
dtheories,22/08/2015 03:37:40,"@ArcticGoddess1 @WormholeRiders @StarFly_Holly @ranthonylemke @BaronDestructo @SpaceChannel @SyfyTV Not Alive, not android. Synthetic!",0,0.0,0.0,Unknown,Unknown,Unknown,Unknown,Unknown
dtheories,22/08/2015 03:18:40,"RT @SpaceChannel: Before next week's 2-hour finale, catch up on #DarkMatter with our S1 marathon, running ALL DAY SUNDAY on Space. http://t‚Ä¶",0,0.0,0.0,Unknown,Unknown,Unknown,Unknown,Unknown
dtheories,22/08/2015 01:34:44,"It is preseason, but the funnest part might be there are more Seahawks fans at Chiefs Stadium!  Ok. Go Mariners? https://t.co/VltCm4IxMB",0,0.0,0.0,Unknown,Unknown,Unknown,Unknown,Unknown
dtheories,21/08/2015 01:49:26,"RT @TeaPartyCat: This country is such a mess that Monday Night Football is on a Thursday. THURSDAY!!!!! Thanks, Obama! #MNF #NFL",0,0.0,0.0,Unknown,Unknown,Unknown,Unknown,Unknown
dtheories,20/08/2015 19:13:55,A Squirrel Kept Raiding Their Bird Feeder. Their Clever Solution Is Absolutely Hilarious. http://t.co/asfSYWLbXi,0,0.0,0.0,Unknown,Unknown,Unknown,Unknown,Unknown
dtheories,20/08/2015 19:06:00,"RT @RachelNichols1: Mark your calendars, #CONTINUUM is almost here!  CAN: September 4th, @Showcase USA: September 11th, @Syfy Australia: Se‚Ä¶",0,0.0,0.0,Unknown,Unknown,Unknown,Unknown,Unknown
dtheories,20/08/2015 19:05:31,@PeteCarroll  First U.S. broadcast of #WeDay! 8/21 8pm/7C on ABC! https://t.co/Vpo54UCcsY,0,0.0,0.0,Unknown,Unknown,Unknown,Unknown,Unknown
dtheories,18/08/2015 15:08:34,RT @patsyindecline: @Martina http://t.co/yWHO0ZoWlq,0,0.0,0.0,Unknown,Unknown,Unknown,Unknown,Unknown
dtheories,18/08/2015 04:46:00,Diebold voting machine. https://t.co/JwSPQLkFCF,0,0.0,0.0,Unknown,Unknown,Unknown,Unknown,Unknown
dtheories,16/08/2015 17:28:17,RT @catsnkittys: You gotta roll with it! #cute #catgif http://t.co/xwzbz3Gu6g,0,0.0,0.0,Unknown,Unknown,Unknown,Unknown,Unknown
dtheories,16/08/2015 02:53:11,RT @espn: History on the field as the NFL's first female official Sarah Thomas meets its first female coach Jen Welter. http://t.co/7cwpeAM‚Ä¶,0,0.0,0.0,Unknown,Unknown,Unknown,Unknown,Unknown
dtheories,15/08/2015 23:42:22,"RT @HollyMVG: I am at @Target with my kids. For the record, they are having NO trouble finding all the toys they want me to buy for them. ;)",0,0.0,0.0,Unknown,Unknown,Unknown,Unknown,Unknown
dtheories,15/08/2015 23:42:15,"RT @MrsSiennaMorris: At my booth, eavesdropping on a father teaching his 6 year old about relativity. I love it.",0,0.0,0.0,Unknown,Unknown,Unknown,Unknown,Unknown
dtheories,14/08/2015 04:00:46,For @MichaelShanks #GoHawks! http://t.co/xvxGpFE3n3,1,0.0,0.0,Unknown,Unknown,Unknown,Unknown,Unknown
dtheories,13/08/2015 16:58:21,RT @amandatapping: Oh yeah!! RT @BaronDestructo: Retweet if you want a season 2 of #DarkMatter! http://t.co/fvbyoTiOFg,0,0.0,0.0,Unknown,Unknown,Unknown,Unknown,Unknown
dtheories,13/08/2015 04:13:56,"Cool!  If I'd found one today, I'd have it built in time for the return of #Stargate to broadcast TV! https://t.co/2e872wpHYZ",0,0.0,0.0,Unknown,Unknown,Unknown,Unknown,Unknown
dtheories,13/08/2015 03:15:18,"RT @VP: Spoke with President Jimmy Carter tonight. A great man, always upbeat and optimistic. We're praying for him.",0,0.0,0.0,Unknown,Unknown,Unknown,Unknown,Unknown
dtheories,13/08/2015 02:56:26,@SG1Danny Such a cute couple. ^_^,0,0.0,0.0,Unknown,Unknown,Unknown,Unknown,Unknown
dtheories,11/08/2015 01:27:38,Neat Trick! https://t.co/eQcPYNvNQn,0,0.0,0.0,Unknown,Unknown,Unknown,Unknown,Unknown
dtheories,11/08/2015 01:08:48,"RT @WINDSONG58: Jon Stewart goes out on a high note, raises $2.2 million for autism http://t.co/2BZeG2xf1e via @dailykos",0,0.0,0.0,Unknown,Unknown,Unknown,Unknown,Unknown
dtheories,10/08/2015 02:37:00,"RT @nytimes: """"Congratulations, Dad; you made it."""" Here's the full speech Sydney Seau hoped to give tonight http://t.co/SWw3aDIGMU http://t.‚Ä¶",0,0.0,0.0,Unknown,Unknown,Unknown,Unknown,Unknown
dtheories,10/08/2015 02:23:03,"RT @SNFonNBC: Today, we remember Pro Football Hall of Famer, Frank Gifford. http://t.co/Sq8sny58Qf",0,0.0,0.0,Unknown,Unknown,Unknown,Unknown,Unknown
dtheories,04/08/2015 21:53:43,RT @PaulGAllen: @Seahawks pic of @Bwagz54 and John Schneider tonight after extension contract inked. #GoHawks http://t.co/2ArwuAjrOa,0,0.0,0.0,Unknown,Unknown,Unknown,Unknown,Unknown
dtheories,02/08/2015 00:52:59,RT @Turfthedog: Cooling down @Seahawks #hotdog #cleanteeth #sprinklers http://t.co/S9KPK3RH9o,0,0.0,0.0,Unknown,Unknown,Unknown,Unknown,Unknown
dtheories,02/08/2015 00:21:09,"RT @thedailybeast: A Ferguson man who was beaten by cops, then charged with bleeding on them, has won his appeal http://t.co/dpkszPdUZh htt‚Ä¶",0,0.0,0.0,Unknown,Unknown,Unknown,Unknown,Unknown
dtheories,02/08/2015 00:15:32,Happy Birthday Herman Melville.  https://t.co/lhHAhDAYKn,0,0.0,0.0,Unknown,Unknown,Unknown,Unknown,Unknown
dtheories,01/08/2015 20:19:13,RT @BoeingAirplanes: Going to @SeafairFestival Sunday? The @Seahawks 747-8 will do a flyover at approx. 3:35pm Pacific. #Boeing http://t.co‚Ä¶,0,0.0,0.0,Unknown,Unknown,Unknown,Unknown,Unknown
dtheories,01/08/2015 20:17:08,@SG1Danny @dogmum213 @42Dawny Too cute!,0,0.0,0.0,Unknown,Unknown,Unknown,Unknown,Unknown
dtheories,01/08/2015 05:57:50,Pohaku N Nani - #GAMETIME... SUPERBOWL IS HERE! | Facebook - #Seahawks are just special. #GoHawks! http://t.co/2aDv5nCccq,0,0.0,0.0,Unknown,Unknown,Unknown,Unknown,Unknown
dtheories,31/07/2015 21:29:18,Thank you Lisa Chalmers! #BlueFriday http://t.co/gNNlETNbvj,2,0.0,0.0,Unknown,Unknown,Unknown,Unknown,Unknown
dtheories,31/07/2015 21:24:20,#TurtlePower! @Bwagz54 #GoHawks! https://t.co/sW5NByxlsg,0,0.0,0.0,Unknown,Unknown,Unknown,Unknown,Unknown
dtheories,31/07/2015 15:33:20,RT @DangeRussWilson: This one is for you dad! https://t.co/Fok7VosSkR,0,0.0,0.0,Unknown,Unknown,Unknown,Unknown,Unknown
dtheories,31/07/2015 15:26:48,RT @_youhadonejob: I'm outta here puddy tat. http://t.co/Vs0wL9gNYa,0,0.0,0.0,Unknown,Unknown,Unknown,Unknown,Unknown
dtheories,31/07/2015 15:26:21,RT @democracynow: Police Remove @greenpeaceusa from Portland Bridge After They Forced Shell Ship Back to Port http://t.co/7JKs6JWQV0 http:/‚Ä¶,0,0.0,0.0,Unknown,Unknown,Unknown,Unknown,Unknown
dtheories,31/07/2015 15:25:19,RT @wsdot: I-90 Floating bridge to close from 11:50 am - 2:40 pm for @BlueAngels practice.  #Seafair,0,0.0,0.0,Unknown,Unknown,Unknown,Unknown,Unknown
dtheories,31/07/2015 15:25:03,RT @SeahawksProShop: The craziness has started at @LandinginRenton for #SeahawksCamp. A Very Happy #TGIBF to all the #12s! #BingHawks http:‚Ä¶,0,0.0,0.0,Unknown,Unknown,Unknown,Unknown,Unknown
dtheories,31/07/2015 15:22:10,"With a contract just shy of Aaron Rodgers', Sept 20 looms large for more comparisons! #GoHawks! Congrats DangeRuss! https://t.co/wmuBF09Ahd",0,0.0,0.0,Unknown,Unknown,Unknown,Unknown,Unknown
dtheories,31/07/2015 04:41:08,RT @Seahawks: One more sleep until Blue Friday. üò¥üíô  #SeahawksCamp #TGIBF http://t.co/nPsn60OIoM,0,0.0,0.0,Unknown,Unknown,Unknown,Unknown,Unknown
dtheories,29/07/2015 02:45:06,RT @lorenbhollander: Stargate SG1 Turned 18 Years old. Happy Birthday to a Fantastic Show. Creators Jonathan Glassner &amp; Brad Wright .#‚ù§SG1 ‚Ä¶,0,0.0,0.0,Unknown,Unknown,Unknown,Unknown,Unknown
dtheories,28/07/2015 04:50:09,RT @realmartinwood: The Woodlings&amp;TeamShanks cameo @LexaShmexa @MichaelShanks (TheGreatBeardo) #AuroraTeagarden2 @hallmarkmovie tonight! ht‚Ä¶,0,0.0,0.0,Unknown,Unknown,Unknown,Unknown,Unknown
dtheories,27/07/2015 13:59:02,RT @GIFs: http://t.co/DT2IwIWfdG http://t.co/PHPoEle72M,0,0.0,0.0,Unknown,Unknown,Unknown,Unknown,Unknown
dtheories,27/07/2015 05:29:48,RT @Seahawks: Today is the last Sunday of the offseason. http://t.co/YXImiudlHu,0,0.0,0.0,Unknown,Unknown,Unknown,Unknown,Unknown
dtheories,26/07/2015 00:06:37,#SavingHope AND #Continuum! 11 Canadian TV Dramas That Americans Should Absolutely Be Watching http://t.co/byxYYMlejL via @BuzzFeedCanada,0,0.0,0.0,Unknown,Unknown,Unknown,Unknown,Unknown
dtheories,23/07/2015 23:57:11,RT @TheDailyShow: #TDSBreakingNews Papal approval drops in U.S. Pope's message of unselfish love approx. as popular as when Jesus pitched i‚Ä¶,0,0.0,0.0,Unknown,Unknown,Unknown,Unknown,Unknown
dtheories,23/07/2015 23:56:32,RT @winterthur: #USA #women deserve more http://t.co/C5F66B1Kte #equality #equalpay #Iceland #fem2 #1BillionRising #RaiseTheWage   https://‚Ä¶,0,0.0,0.0,Unknown,Unknown,Unknown,Unknown,Unknown
dtheories,23/07/2015 23:52:30,RT @SavingHopeTV: Mark your calendars #SavingHope fans - Season 4 premieres Thursday September 24 @ 9PM ET on @CTV_Television! http://t.co/‚Ä¶,0,0.0,0.0,Unknown,Unknown,Unknown,Unknown,Unknown
dtheories,22/07/2015 16:28:52,Needs Pictures. ^_^ ABS! #Canucks https://t.co/ulPCajybsy,0,0.0,0.0,Unknown,Unknown,Unknown,Unknown,Unknown
dtheories,21/07/2015 03:25:27,#Shannara is going to be amazing! I better go out and buy a TV! https://t.co/e6UATj4mR3,5,0.0,0.0,Unknown,Unknown,Unknown,Unknown,Unknown
dtheories,20/07/2015 23:39:31,@WINDSONG58 Oh no! Saddened to hear this and can only hope that your great friendship will live on in song. Thanks for sharing. peace,0,0.0,0.0,Unknown,Unknown,Unknown,Unknown,Unknown
dtheories,20/07/2015 14:43:16,RT @RollingStone: Watch John Oliver's sobering look at U.S. food waste on #LastWeekTonight http://t.co/fB6jrM9opZ,0,0.0,0.0,Unknown,Unknown,Unknown,Unknown,Unknown
dtheories,19/07/2015 01:35:21,RT @Seahawks: üèà meets ‚öΩÔ∏è today at VMAC. @DougBaldwinJr and @ChopChop_15 provided American football pointers to members of @ManUtd. https://‚Ä¶,0,0.0,0.0,Unknown,Unknown,Unknown,Unknown,Unknown
dtheories,18/07/2015 14:35:49,Heard Emma-Lee‚Äôs I Could Live With Dying Tonight. Transported to E1S1 of #SavingHope. @iontv http://t.co/PycmKrp6Zi http://t.co/XqQdAsQxlQ,2,0.0,0.0,Unknown,Unknown,Unknown,Unknown,Unknown
dtheories,17/07/2015 23:12:04,"LOOK: Wilson dances with Ciara, gets slimed at Kids Choice Awards http://t.co/ppvhVCEdKU via @cbssports",0,0.0,0.0,Unknown,Unknown,Unknown,Unknown,Unknown
dtheories,17/07/2015 17:16:12,"@StargateNovels @wraithfodder In the Legacy Series, one that follows Unascended, and that follows Permafrost in the End of All Things series",0,0.0,0.0,Unknown,Unknown,Unknown,Unknown,Unknown
dtheories,17/07/2015 15:03:44,@StargateNovels @wraithfodder When are those sequels due? I'm ready! :D #Stargate #SG1,0,0.0,0.0,Unknown,Unknown,Unknown,Unknown,Unknown
dtheories,17/07/2015 14:56:44,@TheAtlantic Hope they remove McGraw Hill from the disinformation business as well.,0,0.0,0.0,Unknown,Unknown,Unknown,Unknown,Unknown
dtheories,16/07/2015 23:31:48,RT @TeaPartyCat: It's TOO SOON. Too soon after shooting in #Chattanooga to talk about gun control. But not too soon to blame all one billio‚Ä¶,0,0.0,0.0,Unknown,Unknown,Unknown,Unknown,Unknown
dtheories,16/07/2015 23:31:23,RT @NWIRP: Congratulations to our incredible Washington farm workers and @columbialgl_org who defended their rights! http://t.co/MKLsjwOxKM,0,0.0,0.0,Unknown,Unknown,Unknown,Unknown,Unknown
dtheories,10/07/2015 17:07:51,RT @TIME: Hollywood icon Omar Sharif dies at 83 http://t.co/Kwqqnq4hGq,0,0.0,0.0,Unknown,Unknown,Unknown,Unknown,Unknown
dtheories,10/07/2015 00:34:37,My first football crush. RIP Kenny Stabler. https://t.co/cc9kXYucZU,0,0.0,0.0,Unknown,Unknown,Unknown,Unknown,Unknown
dtheories,05/07/2015 01:39:22,RT @Seahawks: Two things we've been celebrating since '76...  #Happy4thJuly üèàüá∫üá∏ http://t.co/JQjm8D99D2,0,0.0,0.0,Unknown,Unknown,Unknown,Unknown,Unknown
dtheories,01/07/2015 12:36:20,RT @Kam_Chancellor: Good Morning World!!! üôèüôèüôè https://t.co/OlmOGB7AM5,0,0.0,0.0,Unknown,Unknown,Unknown,Unknown,Unknown
dtheories,01/07/2015 03:50:27,"RT @KCTS9: At 11:30pm watch painter Eric Dowdle tour &amp; paint one of our home towns ‚Äì Vancouver, Canada! http://t.co/4zNdlEHOQf http://t.co/‚Ä¶",0,0.0,0.0,Unknown,Unknown,Unknown,Unknown,Unknown
dtheories,27/06/2015 21:24:41,Just horrible. That people can be so offensively uncaring of others is beyond my understanding.  https://t.co/Thzw5eA15p,0,0.0,0.0,Unknown,Unknown,Unknown,Unknown,Unknown
dtheories,27/06/2015 14:30:24,RT @Politics_PR: Obama be like! : #LoveWins http://t.co/njfIF4Otwv,0,0.0,0.0,Unknown,Unknown,Unknown,Unknown,Unknown
dtheories,27/06/2015 05:37:49,RT @zaibatsu: Disneyland! #LoveWins http://t.co/Bl8jHf1PBc,0,0.0,0.0,Unknown,Unknown,Unknown,Unknown,Unknown
dtheories,26/06/2015 12:51:08,Pretty Damn Awesome.  http://t.co/1BPZBIfz73 #YouDoNotKnowMyPain,0,0.0,0.0,Unknown,Unknown,Unknown,Unknown,Unknown
dtheories,26/06/2015 12:29:15,"RT @Variety: RIP, Patrick Macnee http://t.co/YJyoSjKOwg",0,0.0,0.0,Unknown,Unknown,Unknown,Unknown,Unknown
dtheories,26/06/2015 04:36:43,kitty cuteness. just what i needed. https://t.co/3BvxgMTKMx,0,0.0,0.0,Unknown,Unknown,Unknown,Unknown,Unknown
dtheories,22/06/2015 02:23:49,"Watching Dustin Johnson was like watching the Seahawks vs Patriots ending all over again. Rooting for Spieth, but oy veh!",0,0.0,0.0,Unknown,Unknown,Unknown,Unknown,Unknown
dtheories,22/06/2015 00:40:13,RT @DavidBTwit: Leave U tonight w great photos of Tacoma WA near US Open Golf @ShannonODKOMO http://t.co/Swtehu6OOW,0,0.0,0.0,Unknown,Unknown,Unknown,Unknown,Unknown
dtheories,20/06/2015 06:00:26,Kinda in the shape of a King's crown too! https://t.co/Is2VeSg3Kt,0,0.0,0.0,Unknown,Unknown,Unknown,Unknown,Unknown
dtheories,20/06/2015 05:59:50,"RT @thedailybeast: Jon Stewart: """"We still won't do jackshit."""" http://t.co/2jHGgFyMIl http://t.co/SrKJzEeEPL",0,0.0,0.0,Unknown,Unknown,Unknown,Unknown,Unknown
dtheories,20/06/2015 05:56:35,RT @Seahawks: Friday Round-Up: @MoneyLynch joins @warriors @NBA championship parade [http://t.co/S1U7ZiBZhx] #WarriorsParade http://t.co/BE‚Ä¶,0,0.0,0.0,Unknown,Unknown,Unknown,Unknown,Unknown
dtheories,19/06/2015 14:36:36,"This is old, predates the #Seahawks XLVIII, still: THE EMERALD CITY IN HD- SEATTLE - TIMEFRAMES VIDEO https://t.co/PXLpn2nH9p via @YouTube",0,0.0,0.0,Unknown,Unknown,Unknown,Unknown,Unknown
dtheories,19/06/2015 14:06:32,"Only poor minorities are """"Welfare Queens."""" Rich and professional bilking is called enterprising.  https://t.co/JzuvOBnuMC",0,0.0,0.0,Unknown,Unknown,Unknown,Unknown,Unknown
dtheories,19/06/2015 03:44:58,Photoset: The images of arrests between white and black are revealing to anyone not in denial.... http://t.co/Fdct2oCJYc,0,0.0,0.0,Unknown,Unknown,Unknown,Unknown,Unknown
dtheories,19/06/2015 03:30:37,We ALL need #Stargate #SG1 back on @SyfyTV! Now!!  https://t.co/FitT8NuV56,1,0.0,0.0,Unknown,Unknown,Unknown,Unknown,Unknown
dtheories,19/06/2015 03:26:37,RT @BuzzFeedNews: A 45-year-old mother of three. The church's reverend. A librarian. These are the victims of the #CharlestonShooting https‚Ä¶,0,0.0,0.0,Unknown,Unknown,Unknown,Unknown,Unknown
dtheories,18/06/2015 12:52:34,"@ItsMeKimShaw @MichaelShanks @ED_DURANCE @huseM @noldenmichelle  Not quite the Last Supper, but as a Tableau vivant? #SavingHope Living Art!",0,0.0,0.0,Unknown,Unknown,Unknown,Unknown,Unknown
dtheories,17/06/2015 04:45:06,Zane knows his stuff @HollyMVG.  https://t.co/KKM6Q7lH1R,0,0.0,0.0,Unknown,Unknown,Unknown,Unknown,Unknown
dtheories,17/06/2015 04:43:34,RT @PeteCarroll: Congrats to Steve Kerr &amp; the @warriors! Champs!! Such character &amp; poise in finishing a historic season.. great for all my ‚Ä¶,0,0.0,0.0,Unknown,Unknown,Unknown,Unknown,Unknown
dtheories,17/06/2015 04:21:52,@SyfyTV #DarkMatter An intriguing premise-if you don't remember who you were can you be someone entirely different? + @therogercross' smile!,1,0.0,0.0,Unknown,Unknown,Unknown,Unknown,Unknown
dtheories,16/06/2015 21:52:00,Thank you @PAWStweets! https://t.co/zdWEvC8clX,0,0.0,0.0,Unknown,Unknown,Unknown,Unknown,Unknown
dtheories,16/06/2015 21:44:26,@BuzzFeedSports @BuzzFeed cute. And there's always one who just can't help grinning! ^_^,0,0.0,0.0,Unknown,Unknown,Unknown,Unknown,Unknown
dtheories,16/06/2015 17:20:00,"RT @RSherman_25: Excited to announce the real Doug Baldwin will be in my Softball Game, not cardboard Doug lol http://t.co/EsAaPjFhz4 http:‚Ä¶",0,0.0,0.0,Unknown,Unknown,Unknown,Unknown,Unknown
dtheories,16/06/2015 17:19:28,@Syfy BRING BACK #STARGATE #SG1 TO @SYFY LINEUP!,0,0.0,0.0,Unknown,Unknown,Unknown,Unknown,Unknown
dtheories,16/06/2015 17:15:26,RT @PFWAwriters: Seattle CB Richard Sherman (@rsherman_25) has been selected as the PFWA's 2015 Good Guy Award winner. http://t.co/ju1uW237‚Ä¶,0,0.0,0.0,Unknown,Unknown,Unknown,Unknown,Unknown
dtheories,14/06/2015 23:36:48,"So, yes, I think Seahawks, but can't help also thinking @MichaelShanks @SavingHopeTV! Something about that bow tie. http://t.co/ShNbgqB6hH",0,0.0,0.0,Unknown,Unknown,Unknown,Unknown,Unknown
dtheories,13/06/2015 12:29:03,RT @ejcwa: Here we are! Ready for #WaATJConf15! http://t.co/GMeppba10b,0,0.0,0.0,Unknown,Unknown,Unknown,Unknown,Unknown
dtheories,13/06/2015 12:28:23,RT @ejcwa: Having a 1st look at the new legal needs study update with Minority &amp; Justice Commission and @ATJBoardWA #WaATJConf15 http://t.c‚Ä¶,0,0.0,0.0,Unknown,Unknown,Unknown,Unknown,Unknown
dtheories,13/06/2015 12:27:39,RT @AnnMBrice: First Tweet Ever!  Joining the 21st Century.  All for Access to Justice #WaATJConf15,0,0.0,0.0,Unknown,Unknown,Unknown,Unknown,Unknown
dtheories,12/06/2015 13:31:47,RT @Seahawks: Some high fives are higher than others.  @TDLockett12 ‚úã @TheJimmyGraham ‚úã  PHOTOS [http://t.co/fDpM1Mydkz] http://t.co/4MMfja‚Ä¶,0,0.0,0.0,Unknown,Unknown,Unknown,Unknown,Unknown
dtheories,12/06/2015 04:47:16,RT @BuzzFeed: This incredibly intricate Lego wedding cake is the ultimate in nerd cool http://t.co/f1zqlPP2F4 http://t.co/QObOlUkO2O,0,0.0,0.0,Unknown,Unknown,Unknown,Unknown,Unknown
dtheories,11/06/2015 12:41:23,What a tremendous career. RIP https://t.co/SojJwdWsT5,0,0.0,0.0,Unknown,Unknown,Unknown,Unknown,Unknown
dtheories,11/06/2015 04:49:14,Photoset: karaokesoul32: Michael Shanks &amp; the Saving Hope Cast on the Red Carpet at CTV Upfronts 4th June... http://t.co/XC4skaRfaM,0,0.0,0.0,Unknown,Unknown,Unknown,Unknown,Unknown
dtheories,10/06/2015 05:12:35,Yes. https://t.co/uh9gFpda2a,0,0.0,0.0,Unknown,Unknown,Unknown,Unknown,Unknown
dtheories,08/06/2015 05:14:53,"RT @tkdmike: YEA,HOW ABOUT A THANK YOU THIS TIME ASSHOLE. @tedcruz @GregAbbott_TX #TexasFlood #TedCruz2016 #TedCruz @FoxNewsSunday http://t‚Ä¶",0,0.0,0.0,Unknown,Unknown,Unknown,Unknown,Unknown
dtheories,08/06/2015 05:14:00,RT @Variety: The full list of winners from tonight's #TonyAwards: http://t.co/T4WX1kIihY http://t.co/qOpGtlfEvV,0,0.0,0.0,Unknown,Unknown,Unknown,Unknown,Unknown
dtheories,08/06/2015 05:13:33,Lovely scene. Reminder to take time while people are with us to show appreciation. #Stargate; so full of meaning! https://t.co/xtc5S11b4C,0,0.0,0.0,Unknown,Unknown,Unknown,Unknown,Unknown
