funkyblackcat,17/09/2015 00:49:10,"J√° to jogando mais que o Sandy Ravage, confere ai http://t.co/s4Ujy3ghoi",5,0.0,0.0,Unknown,Unknown,Unknown,Unknown,Unknown
funkyblackcat,16/09/2015 23:49:28,Minha internet caiu. S√≥ uma das 10 vezes que cai por dia. Live t√° voltando http://t.co/OCEUwqzQ2e,6,0.0,0.0,Unknown,Unknown,Unknown,Unknown,Unknown
funkyblackcat,16/09/2015 23:35:55,üî¥ Come√ßou a Funkystream! Bora jogar um Black Ops l√° http://t.co/OCEUwqzQ2e,9,0.0,0.0,Unknown,Unknown,Unknown,Unknown,Unknown
funkyblackcat,16/09/2015 23:09:49,Arrumando a live :),1,0.0,0.0,Unknown,Unknown,Unknown,Unknown,Unknown
funkyblackcat,16/09/2015 22:38:04,V√≠deo novo ::::: RED DEAD REDEMPTION - #20: Viva la Enrolaci√≥n! http://t.co/apB15xpTif,12,0.0,0.0,Unknown,Unknown,Unknown,Unknown,Unknown
funkyblackcat,15/09/2015 01:38:46,@otherlennon Caralho eu achei que era o Bowie. A voz eh muito igual,0,0.0,0.0,Unknown,Unknown,Unknown,Unknown,Unknown
funkyblackcat,14/09/2015 23:27:48,"üî¥ METAL GEAR SOLID V aka Quiet em roupas sensuais e jogadas de c√¢mera apelativas, vem ver http://t.co/OCEUwqzQ2e",11,0.0,0.0,Unknown,Unknown,Unknown,Unknown,Unknown
funkyblackcat,14/09/2015 23:20:04,Come√ßando a live aqui!! http://t.co/s4Ujy3ghoi,6,0.0,0.0,Unknown,Unknown,Unknown,Unknown,Unknown
funkyblackcat,14/09/2015 22:14:26,@Cienos_ Incrivelmente as vezes √© melhor que feita na hora,0,0.0,0.0,Unknown,Unknown,Unknown,Unknown,Unknown
funkyblackcat,14/09/2015 22:09:58,@eduardoguarda Live Gamer HD,0,0.0,0.0,Unknown,Unknown,Unknown,Unknown,Unknown
funkyblackcat,14/09/2015 22:09:19,"A pizza √© sabor """"paulistanos ofendidos""""",16,0.0,0.0,Unknown,Unknown,Unknown,Unknown,Unknown
funkyblackcat,14/09/2015 22:08:18,@Kang_Conqueror Mas claro,0,0.0,0.0,Unknown,Unknown,Unknown,Unknown,Unknown
funkyblackcat,14/09/2015 22:08:01,"@waldeirmarques Depende.. Se n√£o fizer quest√£o de 1080p60, recomendo Live Gamer HD ou Portable",0,0.0,0.0,Unknown,Unknown,Unknown,Unknown,Unknown
funkyblackcat,14/09/2015 22:06:58,"Vai ter live hoje sim! Mas antes, pizza. Provavelmente a pizza vai atrasar um pouco a live.",6,0.0,0.0,Unknown,Unknown,Unknown,Unknown,Unknown
funkyblackcat,14/09/2015 22:04:29,"Adoraria pegar essa HD60Pro nova que √© interna, pena que o software da Elgato √© t√£o travado e confuso",4,0.0,0.0,Unknown,Unknown,Unknown,Unknown,Unknown
funkyblackcat,14/09/2015 21:36:28,V√≠deo novo ::::: MAFIA II - #3: Trabalho honesto compensa? http://t.co/bhP0RRnZPe,6,0.0,0.0,Unknown,Unknown,Unknown,Unknown,Unknown
funkyblackcat,14/09/2015 04:57:18,"@PedroPithan O cara no final √© outro, o dono do celular foi atr√°s do aparelho, essa √© a melhor parte",0,0.0,0.0,Unknown,Unknown,Unknown,Unknown,Unknown
funkyblackcat,13/09/2015 03:44:03,@PedroPithan Pode deixar,0,0.0,0.0,Unknown,Unknown,Unknown,Unknown,Unknown
funkyblackcat,12/09/2015 22:21:38,"Passei por Lages SC, twitei e olha quanto maluco apareceu. Da hora pacaralho!! Valeu pelo role! https://t.co/U2qBMOI15o",15,0.0,0.0,Unknown,Unknown,Unknown,Unknown,Unknown
funkyblackcat,12/09/2015 17:55:08,@brunorisso11 Olha meus tweets anteriores :),0,0.0,0.0,Unknown,Unknown,Unknown,Unknown,Unknown
funkyblackcat,12/09/2015 17:54:26,@Sr_San_Andreas N√£o tenho tempo :/,0,0.0,0.0,Unknown,Unknown,Unknown,Unknown,Unknown
funkyblackcat,12/09/2015 17:53:40,@Afonso_Rose Vou ir pra SP ver o show hehe,0,0.0,0.0,Unknown,Unknown,Unknown,Unknown,Unknown
funkyblackcat,12/09/2015 17:52:44,@Sr_San_Andreas Sei n√£o cara hehe,0,0.0,0.0,Unknown,Unknown,Unknown,Unknown,Unknown
funkyblackcat,12/09/2015 17:49:02,@iyoniu @Sr_San_Andreas Um dia vou a√≠ :),1,0.0,0.0,Unknown,Unknown,Unknown,Unknown,Unknown
funkyblackcat,12/09/2015 17:48:36,"@Sr_San_Andreas N√£o vou ter tempo pra sair do hotel, mas as 17h t√¥ ali embaixo",0,0.0,0.0,Unknown,Unknown,Unknown,Unknown,Unknown
funkyblackcat,12/09/2015 17:47:32,"Acho que umas 17h eu des√ßo ali no lobby do hotel LeCanard, se vcs estiverem por perto chega a√≠ https://t.co/eHVqnd3TDg",3,0.0,0.0,Unknown,Unknown,Unknown,Unknown,Unknown
funkyblackcat,12/09/2015 17:45:29,@Sr_San_Andreas Isso,0,0.0,0.0,Unknown,Unknown,Unknown,Unknown,Unknown
funkyblackcat,12/09/2015 17:45:11,@GabrieLokosom Amanh√£ cedo,0,0.0,0.0,Unknown,Unknown,Unknown,Unknown,Unknown
funkyblackcat,12/09/2015 17:43:49,Hotel LeCanard https://t.co/UsLRXcertY,1,0.0,0.0,Unknown,Unknown,Unknown,Unknown,Unknown
funkyblackcat,12/09/2015 17:41:15,@RafaBlackCat Na real vou amanh√£ cedo,0,0.0,0.0,Unknown,Unknown,Unknown,Unknown,Unknown
funkyblackcat,12/09/2015 17:40:51,@MatheusEsen Amanh√£ j√° volto,0,0.0,0.0,Unknown,Unknown,Unknown,Unknown,Unknown
funkyblackcat,12/09/2015 17:38:54,Fazendo aqui um bate volta pro casamento da minha prima. Espero n√£o passar mal,4,0.0,0.0,Unknown,Unknown,Unknown,Unknown,Unknown
funkyblackcat,12/09/2015 17:33:21,"Al√¥, t√¥ em Lages SC. Algu√©m daqui?",10,0.0,0.0,Unknown,Unknown,Unknown,Unknown,Unknown
funkyblackcat,11/09/2015 23:34:59,@PedroPithan http://t.co/ChEtArbQRi,2,0.0,0.0,Unknown,Unknown,Unknown,Unknown,Unknown
funkyblackcat,11/09/2015 23:33:56,@PedroPithan Fala isso e joga Dota q √© quase um filme interativo,0,0.0,0.0,Unknown,Unknown,Unknown,Unknown,Unknown
funkyblackcat,11/09/2015 23:24:56,@jonbullbr Aleatorios. Mas vai sair um esse finde,0,0.0,0.0,Unknown,Unknown,Unknown,Unknown,Unknown
funkyblackcat,11/09/2015 23:20:23,@JooPedroBoeira Hoje n√£o cara infelizmente,0,0.0,0.0,Unknown,Unknown,Unknown,Unknown,Unknown
funkyblackcat,11/09/2015 23:20:08,@jonbullbr Opa,0,0.0,0.0,Unknown,Unknown,Unknown,Unknown,Unknown
funkyblackcat,11/09/2015 23:18:52,"Sim, por favor https://t.co/ryQEzRTod2",17,0.0,0.0,Unknown,Unknown,Unknown,Unknown,Unknown
funkyblackcat,11/09/2015 22:43:19,@LLucas_B Pra Lages,0,0.0,0.0,Unknown,Unknown,Unknown,Unknown,Unknown
funkyblackcat,11/09/2015 22:25:13,"Pessoal, hoje n√£o vai ter live pq vou viajar amanh√£. Gravar uns videos e pa. Volto no Domingo se n√£o der um terremoto na divisa RS/SC",6,0.0,0.0,Unknown,Unknown,Unknown,Unknown,Unknown
funkyblackcat,11/09/2015 02:41:46,@vinaunder Aqui mesmo!,0,0.0,0.0,Unknown,Unknown,Unknown,Unknown,Unknown
funkyblackcat,11/09/2015 02:36:42,"@vinaunder Ah, pra mim √© um site diferente mesmo",0,0.0,0.0,Unknown,Unknown,Unknown,Unknown,Unknown
funkyblackcat,11/09/2015 02:35:27,@vinaunder Qual √© o site?,0,0.0,0.0,Unknown,Unknown,Unknown,Unknown,Unknown
funkyblackcat,11/09/2015 02:33:31,@vinaunder Consegui. Tu nao?,0,0.0,0.0,Unknown,Unknown,Unknown,Unknown,Unknown
funkyblackcat,11/09/2015 01:36:45,"@MarquesZero Caralho mano, remembrance",1,0.0,0.0,Unknown,Unknown,Unknown,Unknown,Unknown
funkyblackcat,11/09/2015 01:36:04,"@gcleandrogc Ah nem vou dar trela pro moleque, s√≥ quer chamar aten√ß√£o",0,0.0,0.0,Unknown,Unknown,Unknown,Unknown,Unknown
funkyblackcat,11/09/2015 01:20:39,Gostei de um v√≠deo @YouTube http://t.co/yb0nLjxt5E um cagasinho Funky?hahahaha,12,0.0,0.0,Unknown,Unknown,Unknown,Unknown,Unknown
funkyblackcat,11/09/2015 01:18:47,Esse √© o dem√¥nio que me assustou na live https://t.co/ctdeWJ2VJ1,7,0.0,0.0,Unknown,Unknown,Unknown,Unknown,Unknown
funkyblackcat,10/09/2015 23:29:19,üî¥ FUNKYSTREAM bora jogar um BF4 no mapa escurinho http://t.co/s4Ujy3ghoi,19,0.0,0.0,Unknown,Unknown,Unknown,Unknown,Unknown
funkyblackcat,10/09/2015 22:23:40,Adicionei um v√≠deo a uma playlist @YouTube http://t.co/5FMdo23biz II - #2: Thug life desde sempre?,6,0.0,0.0,Unknown,Unknown,Unknown,Unknown,Unknown
funkyblackcat,10/09/2015 22:23:38,Adicionei um v√≠deo a uma playlist @YouTube http://t.co/6jge9Q4j3i II - #1: Introdu√ß√£o - WWII,4,0.0,0.0,Unknown,Unknown,Unknown,Unknown,Unknown
funkyblackcat,10/09/2015 22:18:37,@FeeiPs_ Mirillis Action ou Dxtory,1,0.0,0.0,Unknown,Unknown,Unknown,Unknown,Unknown
funkyblackcat,10/09/2015 22:18:11,"Hoje vai rolar aquele BF4zinho que ia rolar ontem mas n√£o rolou, vai rolar na live que rolar√° √†s 20h",11,0.0,0.0,Unknown,Unknown,Unknown,Unknown,Unknown
funkyblackcat,10/09/2015 22:13:59,@le_sparks Noice,0,0.0,0.0,Unknown,Unknown,Unknown,Unknown,Unknown
funkyblackcat,10/09/2015 22:12:08,@MarquesZero @PedroPithan Tradu√ß√£o localizada √© tudo,0,0.0,0.0,Unknown,Unknown,Unknown,Unknown,Unknown
funkyblackcat,10/09/2015 22:10:47,@MarquesZero @PedroPithan http://t.co/PqRLOPfOAn,0,0.0,0.0,Unknown,Unknown,Unknown,Unknown,Unknown
funkyblackcat,10/09/2015 22:04:03,"@PedroPithan @MarquesZero Mas, mas... em portugu√™s √© Martela o Martel√£o. Not even joking.",0,0.0,0.0,Unknown,Unknown,Unknown,Unknown,Unknown
funkyblackcat,10/09/2015 22:02:48,@MarquesZero @PedroPithan Vejam oq vcs est√£o perdendo https://t.co/nAjRWtU8NR,0,0.0,0.0,Unknown,Unknown,Unknown,Unknown,Unknown
funkyblackcat,10/09/2015 21:57:27,@lucaslopesf2 Consegui. Arquibancada superior sul,0,0.0,0.0,Unknown,Unknown,Unknown,Unknown,Unknown
funkyblackcat,10/09/2015 19:53:58,@GameTXT Eu tava me referindo ao lugar no show do David Gilmour mesmo,0,0.0,0.0,Unknown,Unknown,Unknown,Unknown,Unknown
funkyblackcat,10/09/2015 19:45:44,V√≠deo novo ::::: MAFIA II - #2: Thug life desde sempre? http://t.co/ZJHUalABE8,15,0.0,0.0,Unknown,Unknown,Unknown,Unknown,Unknown
funkyblackcat,10/09/2015 18:10:09,@TheRealAzan Talvez,0,0.0,0.0,Unknown,Unknown,Unknown,Unknown,Unknown
funkyblackcat,10/09/2015 18:10:02,@Mordacaa Eu s√≥ acompanhava pq eles so falavam de futebol hehe,0,0.0,0.0,Unknown,Unknown,Unknown,Unknown,Unknown
funkyblackcat,10/09/2015 18:09:39,@GuizinSales Tava falando do show do David Gilmour,0,0.0,0.0,Unknown,Unknown,Unknown,Unknown,Unknown
funkyblackcat,10/09/2015 17:57:21,@Mordacaa N√£o sou gremista. N√£o tor√ßo nem nada.,0,0.0,0.0,Unknown,Unknown,Unknown,Unknown,Unknown
funkyblackcat,10/09/2015 17:54:36,@Mordacaa Que time mano,0,0.0,0.0,Unknown,Unknown,Unknown,Unknown,Unknown
funkyblackcat,10/09/2015 14:07:35,Opaa show https://t.co/MJRAEDnO5i,2,0.0,0.0,Unknown,Unknown,Unknown,Unknown,Unknown
funkyblackcat,10/09/2015 14:05:26,Ent√£o n√£o foi por falta de tentativa. Vou ver se pego essa colet√¢nea do PS3,2,0.0,0.0,Unknown,Unknown,Unknown,Unknown,Unknown
funkyblackcat,10/09/2015 14:04:48,Joguei o Twin Snakes no GC mas n√£o terminei pq o mem card pifou. Joguei o Snake Eater no PS2 mas n√£o terminei pq  o console era emprestado.,2,0.0,0.0,Unknown,Unknown,Unknown,Unknown,Unknown
funkyblackcat,10/09/2015 13:59:04,Dando uma vontade enorme de correr atras do prejuizo e jogar os MGS antigos. Come√ßando pelo Snake Eater que eu n√£o terminei,8,0.0,0.0,Unknown,Unknown,Unknown,Unknown,Unknown
funkyblackcat,10/09/2015 13:12:30,@AssopraFita Melhor parte √© a banda tocando com instrumentos feitos de peda√ßos de corpos,0,0.0,0.0,Unknown,Unknown,Unknown,Unknown,Unknown
funkyblackcat,10/09/2015 13:06:29,@AssopraFita A despiroca√ß√£o que come√ßa no meio do filme √© meio inesperada. Parecia um filme s√©rio ate essa parte. Mas √© engra√ßado bagarai,0,0.0,0.0,Unknown,Unknown,Unknown,Unknown,Unknown
funkyblackcat,10/09/2015 12:47:17,Todo show que eu fui no exterior tinha entrada atraves de QR Code no celular. Ingresso fisico √© um puta atraso,8,0.0,0.0,Unknown,Unknown,Unknown,Unknown,Unknown
funkyblackcat,10/09/2015 12:46:22,Pleno 2015 e sou obrigado a ir retirar o ingresso ou pagar 17 conto de frete dentro da cidade pra um peda√ßo de papel http://t.co/xt8KNJKAhH,4,0.0,0.0,Unknown,Unknown,Unknown,Unknown,Unknown
funkyblackcat,10/09/2015 12:40:43,@matheusrls To falando do show do David Gilmour hehe,0,0.0,0.0,Unknown,Unknown,Unknown,Unknown,Unknown
funkyblackcat,10/09/2015 12:36:32,"@GustavoPizonii √â ent√£o, eu fui mais ou menos nessa posi√ß√£o no Roger Waters e no Paul McCartney (no Beira Rio) e era muito de boa msm",0,0.0,0.0,Unknown,Unknown,Unknown,Unknown,Unknown
funkyblackcat,10/09/2015 12:35:54,"@ErycKinG_ Taxi all the way. Ainda bem que Porto Alegre √© """"pequena""""",0,0.0,0.0,Unknown,Unknown,Unknown,Unknown,Unknown
funkyblackcat,10/09/2015 12:33:28,@GustavoPizonii @bruno_picinin Ah ta. Ta explicado haha,0,0.0,0.0,Unknown,Unknown,Unknown,Unknown,Unknown
funkyblackcat,10/09/2015 12:31:02,"@bruno_picinin Eita, como vc pegou t√£o barato?",0,0.0,0.0,Unknown,Unknown,Unknown,Unknown,Unknown
funkyblackcat,10/09/2015 12:30:44,@luizgustavomz Se vc morasse no exterior √© como se vc pagasse 60 reais.,0,0.0,0.0,Unknown,Unknown,Unknown,Unknown,Unknown
funkyblackcat,10/09/2015 12:30:10,@luizgustavomz N√£o √© exatamente reclama√ß√£o. Eu sou conformado com os pre√ßos no Brasil. Mas no exterior um show desses custa uns 60 USD.,0,0.0,0.0,Unknown,Unknown,Unknown,Unknown,Unknown
funkyblackcat,10/09/2015 12:29:00,@bruno_picinin Estudante?,0,0.0,0.0,Unknown,Unknown,Unknown,Unknown,Unknown
funkyblackcat,10/09/2015 12:27:51,@NIndisponivel Nope,0,0.0,0.0,Unknown,Unknown,Unknown,Unknown,Unknown
funkyblackcat,10/09/2015 12:27:45,"@igor_kazuki Claro que vale, imperdivel",0,0.0,0.0,Unknown,Unknown,Unknown,Unknown,Unknown
funkyblackcat,10/09/2015 12:27:34,Essa posi√ß√£o na Arena custa 230 reais. http://t.co/mTsyAJ878Y,6,0.0,0.0,Unknown,Unknown,Unknown,Unknown,Unknown
funkyblackcat,10/09/2015 12:25:31,@Cristo_Lucas Haaaaaaaa,0,0.0,0.0,Unknown,Unknown,Unknown,Unknown,Unknown
funkyblackcat,10/09/2015 12:24:06,Os pre√ßos pro David Gilmour est√£o ligeiramente astron√¥micos http://t.co/Yz8janiwIC,5,0.0,0.0,Unknown,Unknown,Unknown,Unknown,Unknown
funkyblackcat,10/09/2015 12:20:03,@DavyJonesRJ E depois dessa ent√£o http://t.co/IA7GDomLwI,3,0.0,0.0,Unknown,Unknown,Unknown,Unknown,Unknown
funkyblackcat,10/09/2015 03:56:32,@DanielSiquer Que bizarro kkk,0,0.0,0.0,Unknown,Unknown,Unknown,Unknown,Unknown
funkyblackcat,10/09/2015 03:48:07,@DanielSiquer Me diz que √© montagem,0,0.0,0.0,Unknown,Unknown,Unknown,Unknown,Unknown
funkyblackcat,10/09/2015 02:56:04,Tenso http://t.co/DBEKkpJicz,12,0.0,0.0,Unknown,Unknown,Unknown,Unknown,Unknown
funkyblackcat,09/09/2015 14:20:29,"@udson_carlos Dificil cara, o publico nunca aceita esse jogo muito bem",0,0.0,0.0,Unknown,Unknown,Unknown,Unknown,Unknown
funkyblackcat,09/09/2015 14:19:54,"@DEKOStrife √â, o jogo sem as DLCs fica bem incompleto hoje. Na verdade por pura sacanagem a Activision transformou parte do jogo em DLC.",0,0.0,0.0,Unknown,Unknown,Unknown,Unknown,Unknown
funkyblackcat,09/09/2015 14:04:00,@DEKOStrife O jogo √© mais focado no gameplay do que na historia. A historia √© contada meio que por cartas que vc conquista qnd vai jogando,0,0.0,0.0,Unknown,Unknown,Unknown,Unknown,Unknown
funkyblackcat,09/09/2015 13:13:33,"@JooRiberti Eu at√© curto, mas sou muito ruim. Mesma coisa jogo de corrida",0,0.0,0.0,Unknown,Unknown,Unknown,Unknown,Unknown
funkyblackcat,09/09/2015 13:07:05,@MrAx10 Acho q sim!,0,0.0,0.0,Unknown,Unknown,Unknown,Unknown,Unknown
funkyblackcat,09/09/2015 12:50:30,@JooRiberti N√£o pretendo n√£o,0,0.0,0.0,Unknown,Unknown,Unknown,Unknown,Unknown
funkyblackcat,09/09/2015 12:50:18,"@Viiilano S√≥ se voc√™ joga muito o Destiny, sen√£o n√£o vejo porque comprar",0,0.0,0.0,Unknown,Unknown,Unknown,Unknown,Unknown
funkyblackcat,09/09/2015 12:47:35,"@Viiilano O 2.0 √© o mesmo jogo, ele foi atualizado do 1.0 pro 2.0.",0,0.0,0.0,Unknown,Unknown,Unknown,Unknown,Unknown
funkyblackcat,09/09/2015 12:44:03,@MrAx10 Ta usando stream key Static ou Dynamic? Tenta a Static. Cada vez que vc come√ßar uma stream tem que por infos novas.,0,0.0,0.0,Unknown,Unknown,Unknown,Unknown,Unknown
funkyblackcat,09/09/2015 12:42:22,"@tag50menofblack √â, √© caro pra caralho. N√£o concordo com isso tambem. Mas o conteudo que vai ser adicionado em compensa√ß√£o √© gigantesco",0,0.0,0.0,Unknown,Unknown,Unknown,Unknown,Unknown
funkyblackcat,09/09/2015 12:38:47,"N√£o. O jogo foi todo reformulado, √© tipo um mega update. Dia 15 vem a maior DLC do jogo. https://t.co/gGar6tH4ui",2,0.0,0.0,Unknown,Unknown,Unknown,Unknown,Unknown
funkyblackcat,09/09/2015 12:35:52,@MrAx10 Qual √© sua duvida?,0,0.0,0.0,Unknown,Unknown,Unknown,Unknown,Unknown
funkyblackcat,09/09/2015 12:30:41,Tiraram a voz do Peter Dinklage do jogo. Ja estou com saudades,5,0.0,0.0,Unknown,Unknown,Unknown,Unknown,Unknown
funkyblackcat,09/09/2015 12:28:04,B√£o dia. Alguem ai t√° jogando Destiny 2.0?,4,0.0,0.0,Unknown,Unknown,Unknown,Unknown,Unknown
funkyblackcat,09/09/2015 02:30:01,"""""os memeiros"""" - Dodohria",11,0.0,0.0,Unknown,Unknown,Unknown,Unknown,Unknown
funkyblackcat,08/09/2015 23:21:59,"Vou jogar um MGSV na live, depois um BF4. Caso tal jogatina seja de vosso interesse, compare√ßa no seguinte web s√≠tio: http://t.co/OCEUwqzQ2e",8,0.0,0.0,Unknown,Unknown,Unknown,Unknown,Unknown
funkyblackcat,08/09/2015 23:13:28,üî¥ Come√ßando a Funkystream!! Paste there my breda http://t.co/OCEUwqzQ2e,8,0.0,0.0,Unknown,Unknown,Unknown,Unknown,Unknown
funkyblackcat,08/09/2015 22:53:18,Preparando a live ;)),8,0.0,0.0,Unknown,Unknown,Unknown,Unknown,Unknown
funkyblackcat,08/09/2015 20:08:23,"@ThatFreakz Sim to ligado, essa pistola √© manjada",0,0.0,0.0,Unknown,Unknown,Unknown,Unknown,Unknown
funkyblackcat,08/09/2015 20:02:24,@ThatFreakz Vou :),0,0.0,0.0,Unknown,Unknown,Unknown,Unknown,Unknown
funkyblackcat,08/09/2015 20:01:28,@MrVanDep @AD0LFZ Pra alguem que capotou a 150 km/h tu at√© que saiu indestrutivel,0,0.0,0.0,Unknown,Unknown,Unknown,Unknown,Unknown
funkyblackcat,08/09/2015 19:45:12,"@MrVanDep @AD0LFZ """"n√£o foi muito agradavel""""",0,0.0,0.0,Unknown,Unknown,Unknown,Unknown,Unknown
funkyblackcat,08/09/2015 19:40:09,@PedroPithan Passa pra ca cuzao nem divide,0,0.0,0.0,Unknown,Unknown,Unknown,Unknown,Unknown
funkyblackcat,08/09/2015 18:44:16,@AssopraFita Opa ai sim,0,0.0,0.0,Unknown,Unknown,Unknown,Unknown,Unknown
funkyblackcat,08/09/2015 15:39:11,"@victorludgero Ah n√£o ah n√£o, o que eu vi ao vivo foi esse https://t.co/GyeRwJBstK",1,0.0,0.0,Unknown,Unknown,Unknown,Unknown,Unknown
funkyblackcat,08/09/2015 15:38:32,"@victorludgero Nunca me esque√ßo desse, vi ao vivo https://t.co/s6b9PPLi6r",1,0.0,0.0,Unknown,Unknown,Unknown,Unknown,Unknown
funkyblackcat,08/09/2015 15:37:52,@_gaybol Ta carente ai fi? ahasuyas,0,0.0,0.0,Unknown,Unknown,Unknown,Unknown,Unknown
funkyblackcat,08/09/2015 15:31:21,@victorludgero Caralho esse √© um daqueles tombos que voc√™ consegue ver a vida inteira passar diante dos olhos,2,0.0,0.0,Unknown,Unknown,Unknown,Unknown,Unknown
funkyblackcat,08/09/2015 15:29:28,"@victorludgero """"catei um cavaco""""",1,0.0,0.0,Unknown,Unknown,Unknown,Unknown,Unknown
funkyblackcat,08/09/2015 15:28:43,@victorludgero Estilo LAHWF no Drive-Through?,0,0.0,0.0,Unknown,Unknown,Unknown,Unknown,Unknown
funkyblackcat,08/09/2015 15:14:45,Gostei de um v√≠deo @YouTube de @funkyblackcat http://t.co/ASMC72CQym MAFIA II - #1: Introdu√ß√£o - WWII,11,0.0,0.0,Unknown,Unknown,Unknown,Unknown,Unknown
funkyblackcat,08/09/2015 03:27:27,@BRKsEDU N√£o pera,2,0.0,0.0,Unknown,Unknown,Unknown,Unknown,Unknown
funkyblackcat,08/09/2015 03:27:20,@BRKsEDU Ooooooooorra n√£o deixava,7,0.0,0.0,Unknown,Unknown,Unknown,Unknown,Unknown
funkyblackcat,08/09/2015 03:25:57,@BRKsEDU To viciadaum tambem,4,0.0,0.0,Unknown,Unknown,Unknown,Unknown,Unknown
funkyblackcat,08/09/2015 02:32:38,Cara eu vou encerrar a live. J√° planejava fechar no fim dessa √∫ltima miss√£o https://t.co/Lw1Wb80Wi6,4,0.0,0.0,Unknown,Unknown,Unknown,Unknown,Unknown
funkyblackcat,08/09/2015 02:30:26,"Avisem o pessoal l√° no chat da live que minha internet morreu, pls",9,0.0,0.0,Unknown,Unknown,Unknown,Unknown,Unknown
funkyblackcat,08/09/2015 02:29:35,@thomazbrzao Ah mas eu reclamo,0,0.0,0.0,Unknown,Unknown,Unknown,Unknown,Unknown
funkyblackcat,08/09/2015 02:28:06,"Valeu GVT, show de bola essa internet que nunca cai. S√≥ que nem fodendo",19,0.0,0.0,Unknown,Unknown,Unknown,Unknown,Unknown
funkyblackcat,08/09/2015 00:07:53,"üî¥ THE NUMBERS, MASON! WHAT DO THEY MEAN? (adivinha o jogo e vem ver a live) http://t.co/OCEUwqzQ2e",16,0.0,0.0,Unknown,Unknown,Unknown,Unknown,Unknown
funkyblackcat,07/09/2015 22:49:22,"Pessoal, hoje vai ter live, mas vai come√ßar l√° pelas 21h porque est√¥mago vazio",8,0.0,0.0,Unknown,Unknown,Unknown,Unknown,Unknown
funkyblackcat,07/09/2015 22:05:03,V√≠deo novo ::::: MAFIA II - #1: Introdu√ß√£o - WWII http://t.co/ASMC72CQym,23,0.0,0.0,Unknown,Unknown,Unknown,Unknown,Unknown
funkyblackcat,07/09/2015 19:31:48,@Erickrealm15 Mudan√ßa de opiniao,1,0.0,0.0,Unknown,Unknown,Unknown,Unknown,Unknown
funkyblackcat,07/09/2015 19:06:24,"@UchihamaruGamer √â alguma coisa relacionada a """"web optimized"""". D√° pra fazer isso com o mp4, ja fiz algumas vezes mas nem sempre da certo",1,0.0,0.0,Unknown,Unknown,Unknown,Unknown,Unknown
funkyblackcat,07/09/2015 19:03:24,@Caiusto N√£o era o Max Payne o da dublagem tosca?,0,0.0,0.0,Unknown,Unknown,Unknown,Unknown,Unknown
funkyblackcat,07/09/2015 19:02:52,"@UchihamaruGamer MP4 √© muito mais rapido de renderizar, mas fica com qualidade pior e o Youtube leva muito mais tempo pra processar",0,0.0,0.0,Unknown,Unknown,Unknown,Unknown,Unknown
funkyblackcat,07/09/2015 18:59:10,@Enzoo_V √â sim!,0,0.0,0.0,Unknown,Unknown,Unknown,Unknown,Unknown
funkyblackcat,07/09/2015 18:53:18,Olha o que vai ter no canal hoje http://t.co/q1vERfcKc2,37,0.0,0.0,Unknown,Unknown,Unknown,Unknown,Unknown
funkyblackcat,07/09/2015 17:33:15,@MarquesZero http://t.co/ZHKaXYiOpL dafuq,0,0.0,0.0,Unknown,Unknown,Unknown,Unknown,Unknown
funkyblackcat,07/09/2015 16:44:45,"@TheGhostSix To recem em 5% do jogo ainda, proxima coisa q vou desenvolver √© a roupa stealth",0,0.0,0.0,Unknown,Unknown,Unknown,Unknown,Unknown
funkyblackcat,07/09/2015 03:25:56,@victorludgero Ele pegou aquela classe padr√£o do MW2,4,0.0,0.0,Unknown,Unknown,Unknown,Unknown,Unknown
funkyblackcat,06/09/2015 19:59:40,V√≠deo novo ::::: RED DEAD REDEMPTION - #19: John Marston INOCENTE!! http://t.co/cHLGDZtjMJ,10,0.0,0.0,Unknown,Unknown,Unknown,Unknown,Unknown
funkyblackcat,06/09/2015 16:25:27,"@AssopraFita Caralho manolo, os cara t√£o profissa hasdugyasgdhuy",0,0.0,0.0,Unknown,Unknown,Unknown,Unknown,Unknown
funkyblackcat,06/09/2015 16:16:18,"@AssopraFita Alias, como ele chegou ate vc?",0,0.0,0.0,Unknown,Unknown,Unknown,Unknown,Unknown
funkyblackcat,06/09/2015 16:06:51,@PedroPithan Sai daqui,0,0.0,0.0,Unknown,Unknown,Unknown,Unknown,Unknown
funkyblackcat,06/09/2015 16:05:12,"@AssopraFita Perai, ele comprou o teu celular roubado e vai ai pra tu desbloquear ele? Wat?",1,0.0,0.0,Unknown,Unknown,Unknown,Unknown,Unknown
funkyblackcat,06/09/2015 04:08:28,"@victorhugo0100 De ar, sim",0,0.0,0.0,Unknown,Unknown,Unknown,Unknown,Unknown
funkyblackcat,05/09/2015 14:13:50,@welitonbos Isso q eu nem somei a gorjeta,0,0.0,0.0,Unknown,Unknown,Unknown,Unknown,Unknown
funkyblackcat,05/09/2015 13:56:07,@eduardoguarda Imposto sobre opera√ß√£o financeira,0,0.0,0.0,Unknown,Unknown,Unknown,Unknown,Unknown
funkyblackcat,05/09/2015 13:55:23,@eduardoguarda Dolar turismo + iof,0,0.0,0.0,Unknown,Unknown,Unknown,Unknown,Unknown
funkyblackcat,05/09/2015 13:52:24,"Pra voc√™s que acham que dolar alto √© bom pros Youtubers, vejam esse video do @DavyJonesRJ https://t.co/ET9F666MYB",25,0.0,0.0,Unknown,Unknown,Unknown,Unknown,Unknown
funkyblackcat,05/09/2015 13:51:17,Imagina vc indo viajar pros EUA e almo√ßa num restaurante por 10 dolares. 45 reais.,49,0.0,0.0,Unknown,Unknown,Unknown,Unknown,Unknown
funkyblackcat,05/09/2015 13:49:17,"Bom dia, e esse dolar subindo 5 centavos por dia hein",48,0.0,0.0,Unknown,Unknown,Unknown,Unknown,Unknown
funkyblackcat,05/09/2015 12:12:33,@PedroPithan Acordo abro o twitter e vejo vc falando a mesma coisa da semana passada. √â tweet autom√°tico n√©,1,0.0,0.0,Unknown,Unknown,Unknown,Unknown,Unknown
funkyblackcat,04/09/2015 20:58:56,A live voltou aqui. Vamos ver quanto a GVT consegue segurar uma internet. http://t.co/OCEUwqzQ2e,9,0.0,0.0,Unknown,Unknown,Unknown,Unknown,Unknown
funkyblackcat,04/09/2015 20:44:46,Recome√ßando a live em 2 minutos,7,0.0,0.0,Unknown,Unknown,Unknown,Unknown,Unknown
funkyblackcat,04/09/2015 20:40:25,Minha internet caiu.,11,0.0,0.0,Unknown,Unknown,Unknown,Unknown,Unknown
funkyblackcat,04/09/2015 20:11:39,üî¥ FTC MW2 Ao Vivo come√ßando - http://t.co/OCEUwqzQ2e,15,0.0,0.0,Unknown,Unknown,Unknown,Unknown,Unknown
funkyblackcat,04/09/2015 19:22:32,@DBandeiraDH Ta de boa ja,0,0.0,0.0,Unknown,Unknown,Unknown,Unknown,Unknown
funkyblackcat,04/09/2015 19:21:59,"@AD0LFZ Ele foi muito mais rapido quie o MW2 uahishuuhas, saporra √© eterna",0,0.0,0.0,Unknown,Unknown,Unknown,Unknown,Unknown
funkyblackcat,04/09/2015 19:21:32,"@Lutra_Gamer Pretendia fazer 5, mas n√£o sei se consigo",0,0.0,0.0,Unknown,Unknown,Unknown,Unknown,Unknown
funkyblackcat,04/09/2015 19:19:31,"@ManoXampson N√£o, nao deve durar tanto assim hehe",0,0.0,0.0,Unknown,Unknown,Unknown,Unknown,Unknown
funkyblackcat,04/09/2015 19:18:49,Vai ter live do FTC MW2 √†s 17h hein. Esse vai longe,14,0.0,0.0,Unknown,Unknown,Unknown,Unknown,Unknown
funkyblackcat,04/09/2015 18:08:46,"Video novo ::::: GTA 3 - #26: FINAL- Adeus novamente, Chatalina! http://t.co/lvKh7NttBN",16,0.0,0.0,Unknown,Unknown,Unknown,Unknown,Unknown
funkyblackcat,03/09/2015 22:46:23,@eduardoguarda Vai sim,0,0.0,0.0,Unknown,Unknown,Unknown,Unknown,Unknown
funkyblackcat,03/09/2015 22:36:22,@eduardoguarda Azubu,0,0.0,0.0,Unknown,Unknown,Unknown,Unknown,Unknown
funkyblackcat,03/09/2015 22:33:53,@FabioKL3 ????,0,0.0,0.0,Unknown,Unknown,Unknown,Unknown,Unknown
funkyblackcat,03/09/2015 22:30:57,"At√© amanh√£ ela j√° deve ficar melhor. Tipo, ela deve mesmo, porque amanh√£ tem live do FTC MW2",12,0.0,0.0,Unknown,Unknown,Unknown,Unknown,Unknown
funkyblackcat,03/09/2015 22:30:11,"Hoje n√£o vai ter live pessoal. A Gabi t√° com febre aqui, essa traste. Botem a culpa nela",21,0.0,0.0,Unknown,Unknown,Unknown,Unknown,Unknown
funkyblackcat,03/09/2015 19:04:32,"V√≠deo novo ::::: FTC - Black Ops - #18: Pegou Flamethrower, tem que usar http://t.co/PczgpV1ZVM",13,0.0,0.0,Unknown,Unknown,Unknown,Unknown,Unknown
funkyblackcat,03/09/2015 13:12:29,"@DEKOStrife Opa, √© o Batima mesmo! https://t.co/CWmS5ehyA3",0,0.0,0.0,Unknown,Unknown,Unknown,Unknown,Unknown
funkyblackcat,03/09/2015 13:11:57,"@DEKOStrife Eu lembro de ter visto ele em algum filme... talvez o Batman, mas n√£o tenho certeza",0,0.0,0.0,Unknown,Unknown,Unknown,Unknown,Unknown
funkyblackcat,03/09/2015 13:09:53,"@DetonaHard Joguei o Twin Snakes e o Snake Eater, mas n√£o cheguei a zera-los",0,0.0,0.0,Unknown,Unknown,Unknown,Unknown,Unknown
funkyblackcat,03/09/2015 13:09:31,@savinimg N√£o vai cara. √â um jogo meio t√°tico demais pra ser feito em serie hehehe,0,0.0,0.0,Unknown,Unknown,Unknown,Unknown,Unknown
funkyblackcat,03/09/2015 13:08:49,"Olivia, minha sobrinha que √© filha da minha irm√£ https://t.co/50SK8zEHJw",5,0.0,0.0,Unknown,Unknown,Unknown,Unknown,Unknown
funkyblackcat,03/09/2015 13:05:15,O Fulton do MGSV √© basicamente um Wololo high tech,3,0.0,0.0,Unknown,Unknown,Unknown,Unknown,Unknown
funkyblackcat,03/09/2015 12:40:38,@mortalrevil Acho que vou esperar o 0 e o 2 antes de ir pros mais recentes!,1,0.0,0.0,Unknown,Unknown,Unknown,Unknown,Unknown
funkyblackcat,03/09/2015 12:40:18,@BrunoCalasans Ah legal que tem isso,0,0.0,0.0,Unknown,Unknown,Unknown,Unknown,Unknown
funkyblackcat,03/09/2015 12:38:08,"@Max_Alexandre12 To sim, sao pratica pras missoes principais :D",0,0.0,0.0,Unknown,Unknown,Unknown,Unknown,Unknown
funkyblackcat,03/09/2015 12:37:23,@dantepayne_ Haha saquei,0,0.0,0.0,Unknown,Unknown,Unknown,Unknown,Unknown
funkyblackcat,03/09/2015 12:36:38,"@taviao """"Nada contra, mas...""""",0,0.0,0.0,Unknown,Unknown,Unknown,Unknown,Unknown
funkyblackcat,03/09/2015 12:35:54,"@Guilherme9355 Ele n√£o surge num caminho linear? Digo, n√£o √© certo que ele aparece?",0,0.0,0.0,Unknown,Unknown,Unknown,Unknown,Unknown
funkyblackcat,03/09/2015 12:34:49,Pra quem t√° jogando Metal Gear: Eu ando botando bal√£o em todo inimigo que eu desacordo. To fazendo cagada?,6,0.0,0.0,Unknown,Unknown,Unknown,Unknown,Unknown
funkyblackcat,03/09/2015 12:33:18,@TheGhostSix http://t.co/jDVFCSKKrA,0,0.0,0.0,Unknown,Unknown,Unknown,Unknown,Unknown
funkyblackcat,03/09/2015 12:32:07,@renannunes9 Divertidos,0,0.0,0.0,Unknown,Unknown,Unknown,Unknown,Unknown
funkyblackcat,03/09/2015 12:32:00,@mateuzitos Eu lembro que tinha um personagem paranormal que impedia vc de usar o controle. Ai a solu√ß√£o cheese era mudar pro controle 2 kkk,1,0.0,0.0,Unknown,Unknown,Unknown,Unknown,Unknown
funkyblackcat,03/09/2015 12:30:40,@renannunes9 Mafia 2.,0,0.0,0.0,Unknown,Unknown,Unknown,Unknown,Unknown
funkyblackcat,03/09/2015 12:30:31,@Jardelaires Ai ja num sei!,0,0.0,0.0,Unknown,Unknown,Unknown,Unknown,Unknown
funkyblackcat,03/09/2015 12:30:24,@Guilherme9355 J√° :D,0,0.0,0.0,Unknown,Unknown,Unknown,Unknown,Unknown
funkyblackcat,03/09/2015 12:30:17,@ViniMENTALES Tem sim. Mas n√£o sei qual√© do MP ainda,0,0.0,0.0,Unknown,Unknown,Unknown,Unknown,Unknown
funkyblackcat,03/09/2015 12:30:10,"@snclasen Por enquanto n√£o, so se achar uma missao da hora pacarai",0,0.0,0.0,Unknown,Unknown,Unknown,Unknown,Unknown
funkyblackcat,03/09/2015 12:29:50,@Cienos_ Acho q sim!,0,0.0,0.0,Unknown,Unknown,Unknown,Unknown,Unknown
funkyblackcat,03/09/2015 12:29:38,"@dosbrodi Hahah, eu to a caminho de ficar assim, √© bom e ruim ao mesmo tempo",0,0.0,0.0,Unknown,Unknown,Unknown,Unknown,Unknown
funkyblackcat,03/09/2015 12:29:04,@mateuzitos Tem umas viage sim. Mas eu nunca entendi qual √© a pegada dos bagulhos paranormais desse jogo,1,0.0,0.0,Unknown,Unknown,Unknown,Unknown,Unknown
funkyblackcat,03/09/2015 12:28:17,Pena que o jogo ta crashando afu pra mim. Buga o video e fica uma tela preta. Ja atualizei o driver novo da Nvidia e n√£o resolveu,4,0.0,0.0,Unknown,Unknown,Unknown,Unknown,Unknown
funkyblackcat,03/09/2015 12:27:00,"Ontem na madruga eu joguei algumas horas de Metal Gear, agora to pegando o jeito do jogo e come√ßando a curtir bastante.",3,0.0,0.0,Unknown,Unknown,Unknown,Unknown,Unknown
funkyblackcat,03/09/2015 12:26:31,"B√£o dia. Agora eu tenho g√°s. E caf√©, grazadeu.",7,0.0,0.0,Unknown,Unknown,Unknown,Unknown,Unknown
funkyblackcat,03/09/2015 04:41:40,@FunkyJogueGTA2 Fica sim. Tem muita cor repetida,0,0.0,0.0,Unknown,Unknown,Unknown,Unknown,Unknown
funkyblackcat,03/09/2015 03:11:28,"@404Khauan O jogo exibe 60 quadros (imagens) por segundo. Antigamente o Youtube so exibia 30, ent√£o tinhamos que renderizar a 30",0,0.0,0.0,Unknown,Unknown,Unknown,Unknown,Unknown
