interney,16/09/2015 17:17:16,RT @smwSP: Acompanhe ao vivo as palestras da Social Media Week S√£o Paulo: https://t.co/aK5iqt9BQP #SMWSP,0,0.0,0.0,Unknown,Unknown,Unknown,Unknown
interney,16/09/2015 13:30:08,Depois da #SMWSP tem a Confer√™ncia Web br 2015 na semana que vem: http://t.co/48qY0xmUxM,0,0.0,0.0,Unknown,Unknown,Unknown,Unknown
interney,16/09/2015 12:12:43,"Nessa crise tem gente dizento que a √°gua j√° t√° batendo na bunda, mas quem t√° economizando √°gua diz que por enquanto t√° tudo bem.",2,0.0,0.0,Unknown,Unknown,Unknown,Unknown
interney,16/09/2015 03:31:27,"2015 e as pessoas ainda n√£o aprenderam que √© mais f√°cil bloquear algu√©m do que brigar, e ainda economiza-se um baita tempo.",17,0.0,0.0,Unknown,Unknown,Unknown,Unknown
interney,16/09/2015 03:28:38,"@groovelivre Brinde, eu ganhei e achei legal compartilhar. Se fosse jab√° tinha um #ad no final :)",0,0.0,0.0,Unknown,Unknown,Unknown,Unknown
interney,16/09/2015 01:32:14,O filme #VingadoresEradeUltron j√° pode ser alugado no #TelecineOn #DoCinemaDiretoParaSuaTV http://t.co/MQtMrMNWzm http://t.co/0qMpx0JvsV,0,0.0,0.0,Unknown,Unknown,Unknown,Unknown
interney,15/09/2015 15:24:40,@ValentinnaaS essa acho que √© a menos amea√ßada de todas!,0,0.0,0.0,Unknown,Unknown,Unknown,Unknown
interney,15/09/2015 14:30:54,Quais profiss√µes est√£o amea√ßadas pelos rob√¥s? http://t.co/IMG5gdMEm3,0,0.0,0.0,Unknown,Unknown,Unknown,Unknown
interney,15/09/2015 14:01:21,Conhe√ßa a interface do WordPress_com  e descubra como escrever pode ser uma tarefa bem simples http://t.co/dN2Z8pmJJu,3,0.0,0.0,Unknown,Unknown,Unknown,Unknown
interney,15/09/2015 02:02:45,A playlist Discover Weekly do Spotify sugeriu uma m√∫sica q eu cantarolei essa semana mas √± ouvi em lugar nenhum. Expliquem essa ateus.,1,0.0,0.0,Unknown,Unknown,Unknown,Unknown
interney,14/09/2015 14:32:45,"Come√ßa hoje a Social Media Week S√£o Paulo - Streaming, WiFi, Food Trucks - Leia esses avisos antes de sair de casa: http://t.co/D0CY1REtzk",5,0.0,0.0,Unknown,Unknown,Unknown,Unknown
interney,14/09/2015 02:59:26,@carlinhosnovack At√© agora ningu√©m me convidou! :),0,0.0,0.0,Unknown,Unknown,Unknown,Unknown
interney,11/09/2015 15:07:11,Algumas vezes ao fugir da mediocridade nos tornamos pequenos ao inv√©s de nos tornarmos grandes.,8,0.0,0.0,Unknown,Unknown,Unknown,Unknown
interney,10/09/2015 18:08:39,"@ConteudoAnimal teremos alguns stands uns 3 ou 4, mas ainda tem v√°rias palestras com vagas",0,0.0,0.0,Unknown,Unknown,Unknown,Unknown
interney,10/09/2015 14:30:25,Conhe√ßa ferramentas p/ agendar seus posts e os melhores hor√°rios p/ publicar em redes sociais: http://t.co/PLShd6uVsy http://t.co/KdPwgGF6Nt,7,0.0,0.0,Unknown,Unknown,Unknown,Unknown
interney,10/09/2015 13:30:10,"A 00K e-commerce tools, startup de tecnologia, est√° contratando programadores Zend e PHP: http://t.co/ggPr81HyOO",2,0.0,0.0,Unknown,Unknown,Unknown,Unknown
interney,09/09/2015 21:30:37,"Nome das salas, Lista de Espera, Programa√ß√£o Completa e Streaming! #SMWSP 2015 http://t.co/HYuF1oR4v3",3,0.0,0.0,Unknown,Unknown,Unknown,Unknown
interney,09/09/2015 15:30:48,P√°ginas: Atualiza√ß√µes impulsionam neg√≥cios nos dispositivos m√≥veis | Facebook Newsroom Brazil http://t.co/ONSsztxbmH http://t.co/rtdF2AnSDI,2,0.0,0.0,Unknown,Unknown,Unknown,Unknown
interney,08/09/2015 16:29:30,@iDuncanSalazar se tem uma coisa rara nessa vida √© algu√©m estar de acordo com as regras dos outros.,0,0.0,0.0,Unknown,Unknown,Unknown,Unknown
interney,08/09/2015 15:55:48,O mundo √© feito por pessoas e institui√ß√µes que criam regras pra si e acreditam que o resto do mundo deve respeit√°-las.,19,0.0,0.0,Unknown,Unknown,Unknown,Unknown
interney,07/09/2015 12:16:48,üôâüôàüôä http://t.co/QEMBSsL4Bx http://t.co/MqBtGuO2ZM,2,0.0,0.0,Unknown,Unknown,Unknown,Unknown
interney,06/09/2015 14:54:14,"Levando a Juju pra nadar! 2 anos de amor, sol e mar ‚ù§Ô∏è http://t.co/77nRIxkwFB http://t.co/V18qeuAGGd",1,0.0,0.0,Unknown,Unknown,Unknown,Unknown
interney,05/09/2015 13:16:35,1¬™ viagem da Julia para fora de S√£o Paulo. http://t.co/kGA9uRnMAL http://t.co/I8aR6lwMpG,1,0.0,0.0,Unknown,Unknown,Unknown,Unknown
interney,05/09/2015 12:58:43,Bom dia ‚òÄÔ∏èüå¥üåä http://t.co/wNsWBPShBO http://t.co/KkiKeGaOsI,2,0.0,0.0,Unknown,Unknown,Unknown,Unknown
interney,03/09/2015 16:16:03,RT @brwordpresscom: Veja 6 aplicativos para se manter informado e encontrar inspira√ß√£o para novos textos. http://t.co/j1GXMhmolc,0,0.0,0.0,Unknown,Unknown,Unknown,Unknown
interney,02/09/2015 19:28:12,"@OficialTonninho Eu j√° achei o amor da minha vida, n√£o corro esse risco :)",0,0.0,0.0,Unknown,Unknown,Unknown,Unknown
interney,02/09/2015 15:09:05,Habeas Block Preventivo - Qdo vc bloqueia algu√©m antes mesmo dessa pessoa ser sua amiga p/ evitar risco dela pedir amizade no futuro.,11,0.0,0.0,Unknown,Unknown,Unknown,Unknown
interney,02/09/2015 12:09:06,Todo dia alguma empresa gigante podia mudar o logo n√©?   Galera fica t√£o mais legal discutindo mudan√ßa de logo do que outras tretas.,21,0.0,0.0,Unknown,Unknown,Unknown,Unknown
interney,01/09/2015 15:30:28,Conhe√ßa as melhores funcionalidades do Jetpack no novo site em PT-BR http://t.co/IEmNUVN2E8 Turbine seu WordPress :) http://t.co/NS1wj9Bvyg,2,0.0,0.0,Unknown,Unknown,Unknown,Unknown
interney,01/09/2015 15:11:22,@MafaldaMonacast Muito bacana! Parab√©ns! :),0,0.0,0.0,Unknown,Unknown,Unknown,Unknown
interney,01/09/2015 12:30:13,"A internet e os text√µes sobre """"elefantes"""" http://t.co/bj5b9pyQPR",1,0.0,0.0,Unknown,Unknown,Unknown,Unknown
interney,01/09/2015 02:33:41,"#EntrandoNumaRoubada - Gostei do filme, √≥tima roteiro e trilha (@ Cinemark in S√£o Paulo, SP) https://t.co/XjYBo2ZAqM http://t.co/DdtcDLrH7z",1,0.0,0.0,Unknown,Unknown,Unknown,Unknown
interney,31/08/2015 22:30:10,Palestra Gratuita - Transforme suas Comunidades em centros lucrativos http://t.co/ZE1yKhTFH9,2,0.0,0.0,Unknown,Unknown,Unknown,Unknown
interney,31/08/2015 22:17:12,@DeilsonHair Aqui tem a agenda do evento: http://t.co/oH9DrUCvwH e na p√°gina inicial mais infos: http://t.co/3EbneAKKv9,0,0.0,0.0,Unknown,Unknown,Unknown,Unknown
interney,31/08/2015 21:30:24,Palestra Gratuita - Tudo o que voc√™ sempre quis saber sobre a Uber http://t.co/xxiE5cxsac,0,0.0,0.0,Unknown,Unknown,Unknown,Unknown
interney,31/08/2015 20:30:40,Palestra Gratuita - Da startup ao sucesso http://t.co/x6AmkzmEOJ,0,0.0,0.0,Unknown,Unknown,Unknown,Unknown
interney,31/08/2015 19:30:16,Palestra Gratuita - Internet das Coisas: aprisionamento ou descentraliza√ß√£o social http://t.co/k2ash0ZdAi,1,0.0,0.0,Unknown,Unknown,Unknown,Unknown
interney,31/08/2015 18:54:38,@evertonkari eu tenho um app que segue de volta quem parece de verdade! :),0,0.0,0.0,Unknown,Unknown,Unknown,Unknown
interney,31/08/2015 18:54:19,"@elmeerr @FabAlmeidaGanso Esse recurso vai e volta, j√° me acostumei a seguir uma lista secreta :) Al√©m disso √© legal acompanhar quem chega",0,0.0,0.0,Unknown,Unknown,Unknown,Unknown
interney,31/08/2015 18:30:28,Palestra Gratuita - Dados na passarela: como o comportamento de fashionistas afetam as marcas nas m√≠dias sociais http://t.co/XS6FroQ2gx,0,0.0,0.0,Unknown,Unknown,Unknown,Unknown
interney,31/08/2015 17:30:08,Palestra Gratuita - Manter as coisas doces quando os tempos est√£o azedos: Usando dados para gerenciar crises http://t.co/wwZHAiHhi9,0,0.0,0.0,Unknown,Unknown,Unknown,Unknown
interney,31/08/2015 16:30:31,Palestra Gratuita - Voc√™ realmente sabe como entender sua performance em redes sociais? http://t.co/p1ygZz8uio,3,0.0,0.0,Unknown,Unknown,Unknown,Unknown
interney,31/08/2015 15:39:12,@GustaMociaro ainda estamos fechando a quest√£o do streaming,0,0.0,0.0,Unknown,Unknown,Unknown,Unknown
interney,31/08/2015 15:38:40,@FabAlmeidaGanso @elmeerr eu sigo de volta quem parece de verdade caso a pessoa queira mandar DM :),0,0.0,0.0,Unknown,Unknown,Unknown,Unknown
interney,31/08/2015 15:30:05,Palestra Gratuita - Tecnologias Inovadoras para aumentar Engajamento e ROI http://t.co/iJulx9RdXO,4,0.0,0.0,Unknown,Unknown,Unknown,Unknown
interney,31/08/2015 14:30:37,Palestra Gratuita - 10 atividades que todo profissional de marketing deveria automatizar http://t.co/EkiuApf6oM,1,0.0,0.0,Unknown,Unknown,Unknown,Unknown
interney,31/08/2015 13:30:10,Palestra Gratuita - Dicas para engajar seu cliente utilizando e-mail e redes sociais http://t.co/f2BnO53oDu,0,0.0,0.0,Unknown,Unknown,Unknown,Unknown
interney,28/08/2015 15:30:02,6 aplicativos para se manter informado e encontrar inspira√ß√£o para novos textos http://t.co/u6rAdkJR9q http://t.co/S9EHaCuDv0,8,0.0,0.0,Unknown,Unknown,Unknown,Unknown
interney,27/08/2015 20:50:08,RT @rolaodado20: √âPICO! Saiu o 31¬∫ epis√≥dio do Rola o Dado com @GruntarTV @interney @Amedyr @FormacaoFireB @azecos https://t.co/x3broNIkf3,0,0.0,0.0,Unknown,Unknown,Unknown,Unknown
interney,27/08/2015 19:30:27,Possui uma Startup que √© Sociedade LTDA? Conhe√ßa o dom√≠nio .LTDA e o pr√™mio Startup Award 2015 http://t.co/LftNzXDqFA http://t.co/aEIceMJ0n7,4,0.0,0.0,Unknown,Unknown,Unknown,Unknown
interney,27/08/2015 18:30:15,"Adeus, quadrados: Instagram agora aceita fotos/v√≠deos verticais e horizontais http://t.co/RgBS3i0WBk http://t.co/EhqhiQZIG4",9,0.0,0.0,Unknown,Unknown,Unknown,Unknown
interney,27/08/2015 13:47:19,Queria agradecer a Nossa Senhora do Home Office e ao Santo Delivery pela gra√ßa de n√£o prec‚Ä¶ http://t.co/TMo6bdeCth http://t.co/1v2JOw3qJb,1,0.0,0.0,Unknown,Unknown,Unknown,Unknown
interney,27/08/2015 13:30:14,"Mais de 140 palestrantes confirmados, 30% das atividades j√° se esgotaram, e voc√™ j√° se inscreveu? http://t.co/r0Tapd5VNl",2,0.0,0.0,Unknown,Unknown,Unknown,Unknown
interney,26/08/2015 18:18:49,"Bateu uma vontade de ca√ßar confus√£o nas redes sociais, mas da√≠ olhei meus jobs aqui e a vontade passou.",16,0.0,0.0,Unknown,Unknown,Unknown,Unknown
interney,26/08/2015 17:04:32,@ConteudoAnimal pendrive! :),0,0.0,0.0,Unknown,Unknown,Unknown,Unknown
interney,26/08/2015 14:30:38,"J√° se inscreveu na Social Media Week S√£o Paulo ? http://t.co/8Hf7hIWosI - 20 palestras j√° est√£o esgotadas, n√£o deixe para a √∫ltima hora!",0,0.0,0.0,Unknown,Unknown,Unknown,Unknown
interney,26/08/2015 13:30:07,Twitter testa no Brasil agregador de not√≠cias mais relevantes na rede social http://t.co/jX0mWrAwq3 http://t.co/wSycVo3az1,11,0.0,0.0,Unknown,Unknown,Unknown,Unknown
interney,25/08/2015 20:30:14,Conhe√ßa o time que faz a Social Media Week S√£o Paulo acontecer: http://t.co/nrDw2AxUwM #SMWSP :) http://t.co/LMno7I0kuj,5,0.0,0.0,Unknown,Unknown,Unknown,Unknown
interney,25/08/2015 18:30:46,"Introduzindo Moments, uma forma simples de compartilhar momentos com amigos: http://t.co/6Y99jFR8UE http://t.co/GhzcVCMGQg",2,0.0,0.0,Unknown,Unknown,Unknown,Unknown
interney,25/08/2015 05:01:29,@Diogo_Diniz no momento n√£o :(,0,0.0,0.0,Unknown,Unknown,Unknown,Unknown
interney,24/08/2015 23:07:23,RT @azecos: J√° estamos LIVE!! Epis√≥dio 31 no ar! #AzeCosRPG http://t.co/7RZZuuzsFL http://t.co/uFa5KRQTJV,0,0.0,0.0,Unknown,Unknown,Unknown,Unknown
interney,24/08/2015 17:24:13,"Muito legal esse presente que ganhei da Coca-Cola Brasil, um livro em homenagem aos 100 an‚Ä¶ http://t.co/F6XbVkwCYL http://t.co/8BKpWdsmQr",1,0.0,0.0,Unknown,Unknown,Unknown,Unknown
interney,24/08/2015 14:30:49,V√° de Uber na Social Media Week S√£o Paulo 2015 #SMWSP  http://t.co/eydcCk33aj http://t.co/3vuVFFUouv,3,0.0,0.0,Unknown,Unknown,Unknown,Unknown
interney,24/08/2015 14:10:26,@amanda_arm nasce em janeiro! \o/,0,0.0,0.0,Unknown,Unknown,Unknown,Unknown
interney,23/08/2015 23:35:10,@jampa @chicobarney @justnandamota @inagaki @rosana eu prefiro dan√ßar ao inv√©s de ser juiz :P,0,0.0,0.0,Unknown,Unknown,Unknown,Unknown
interney,21/08/2015 18:30:12,VEVO e Spark Inc - Conte√∫do Musical de Forma Estrat√©gica na Era das M√≠dias Sociais http://t.co/rFXlk4oP4M,2,0.0,0.0,Unknown,Unknown,Unknown,Unknown
interney,21/08/2015 17:30:25,"Internet, M√∫sica &amp; Marcas - Novas rela√ß√µes na produ√ß√£o e distribui√ß√£o http://t.co/f2vzS272in",0,0.0,0.0,Unknown,Unknown,Unknown,Unknown
interney,21/08/2015 16:30:30,Conte√∫do √∫til e ferramentas digitais: a pr√≥xima gera√ß√£o do Real Time Marketing http://t.co/eS59XS1muF,1,0.0,0.0,Unknown,Unknown,Unknown,Unknown
interney,21/08/2015 11:34:45,"RT @camilabenvenga: N√£o vejo a hora de ver minha filha, acordei assim hoje!",0,0.0,0.0,Unknown,Unknown,Unknown,Unknown
interney,20/08/2015 20:54:39,"@LecoLeite o aplicativo mudou muito ao longo dos anos, voc√™ est√° usando a √∫ltima vers√£o?",0,0.0,0.0,Unknown,Unknown,Unknown,Unknown
interney,20/08/2015 17:30:21,Atualize seu site ou blog de qualquer lugar com o aplicativo do WordPress para iOS e Android http://t.co/FkbsKOz5dL http://t.co/vaQQmtXXMV,1,0.0,0.0,Unknown,Unknown,Unknown,Unknown
interney,20/08/2015 16:30:03,Aumente o alcance do seu an√∫ncio dentro e fora do Twitter pela Twitter Audience Platform: http://t.co/QPa6oRQiZw http://t.co/SaBvDmaWOc,0,0.0,0.0,Unknown,Unknown,Unknown,Unknown
interney,20/08/2015 11:30:22,Voc√™ tem um servi√ßo inovador? A Tecnisa e a movePro querem conhecer http://t.co/uDjZtJDleo,0,0.0,0.0,Unknown,Unknown,Unknown,Unknown
interney,19/08/2015 20:01:24,@marciosmelo Dependendo do lugar as pessoas s√≥ me chamam de InterNey :),0,0.0,0.0,Unknown,Unknown,Unknown,Unknown
interney,19/08/2015 17:55:29,@thiagoacioli http://t.co/FRw4RDzbeV,0,0.0,0.0,Unknown,Unknown,Unknown,Unknown
interney,19/08/2015 17:31:05,Baixe o App Mobile da Social Media Week e explore mais de  90 atividades e 120 palestrantes: http://t.co/QsyyDPHA9s http://t.co/B5uFYaHwuK,3,0.0,0.0,Unknown,Unknown,Unknown,Unknown
interney,19/08/2015 16:30:12,WhatsApp para computador chega ao iPhone http://t.co/Wb5VreCU8l http://t.co/w5yQgkFkCW,6,0.0,0.0,Unknown,Unknown,Unknown,Unknown
interney,19/08/2015 12:30:15,"""""Nosso futuro em marketing √© diretamente proporcional √† nossa coragem de abandonar o passado"""" http://t.co/qxiExhhMaI http://t.co/yoUIVMlta2",4,0.0,0.0,Unknown,Unknown,Unknown,Unknown
interney,18/08/2015 19:26:25,Obrigado a todos que participaram do Webinar! Espero v√™-los em breve no meu curso :) http://t.co/lL5DERJpUq,1,0.0,0.0,Unknown,Unknown,Unknown,Unknown
interney,18/08/2015 16:20:08,Hoje √†s 15:00 Webinar Gratuito sobre Inbound Marketing http://t.co/88QtTtmMzv - Inscreva-se! :) http://t.co/KyybwJKzFa,3,0.0,0.0,Unknown,Unknown,Unknown,Unknown
interney,17/08/2015 00:40:48,@misaolivr n√£o tenho mais nada a ver com a boo-box faz algum tempo j√°! :),0,0.0,0.0,Unknown,Unknown,Unknown,Unknown
interney,15/08/2015 17:24:37,@asbel eu tenho um app que segue autom√°tico usu√°rio q n√£o parecem spam e d√£o unfollow em inativos ;),0,0.0,0.0,Unknown,Unknown,Unknown,Unknown
interney,15/08/2015 00:12:45,"@GruntarTV @onerdescritor @azecos @BrunoCobbi @O_RPGista @eduardospohr t√¥ tentando largar o papel, as Dragons e Drag√£o q eu tinha j√° foram",1,0.0,0.0,Unknown,Unknown,Unknown,Unknown
interney,14/08/2015 22:12:45,"RT @SomosA2ad: Para facilitar a sua vida de #socialmedia, confere essa lista de perfis para seguir üòÅ ‚Üí http://t.co/PWZgFV3jRn http://t.co/t‚Ä¶",0,0.0,0.0,Unknown,Unknown,Unknown,Unknown
interney,14/08/2015 18:57:46,@cristianolima @TheFanMachine http://t.co/IXAEduaZre,0,0.0,0.0,Unknown,Unknown,Unknown,Unknown
interney,14/08/2015 08:51:32,@hellen_bispo conjunto de chaves de fenda / chaves inglesas,0,0.0,0.0,Unknown,Unknown,Unknown,Unknown
interney,14/08/2015 02:44:14,#IBMSchool adorei o brinde para palestrante üî©üîß http://t.co/tcHfWgN7cJ http://t.co/MBCcmE2rq7,1,0.0,0.0,Unknown,Unknown,Unknown,Unknown
interney,13/08/2015 22:53:22,"#IBMSchool (at @IBMBrasil in S√£o Paulo, SP) https://t.co/g6jVX4ogTE",0,0.0,0.0,Unknown,Unknown,Unknown,Unknown
interney,13/08/2015 19:30:33,Webinar Gratuito sobre Inbound Marketing no dia 18/agosto √†s 15:00:  http://t.co/88QtTtmMzv - Inscreva-se! :) http://t.co/KyybwJKzFa,0,0.0,0.0,Unknown,Unknown,Unknown,Unknown
interney,13/08/2015 19:05:09,"RT @uolhost: Ter√ßa-feira,18/08, tem webinar gratuito da Academia UOL HOST com @Interney sobre Inbound Marketing. Saiba mais em: http://t.co‚Ä¶",0,0.0,0.0,Unknown,Unknown,Unknown,Unknown
interney,12/08/2015 23:30:12,Inscri√ß√£o em lote no Social Media Week S√£o Paulo 2015 http://t.co/5f6OvREuPf http://t.co/hk1G8Smvim,2,0.0,0.0,Unknown,Unknown,Unknown,Unknown
interney,12/08/2015 22:30:18,Mensagens Diretas no Twitter deixam de ter limite de 140 caracteres: http://t.co/hzpd7BkXC1 http://t.co/pUZ85Nvpfz,9,0.0,0.0,Unknown,Unknown,Unknown,Unknown
interney,12/08/2015 19:37:30,"Fazia tempo que eu n√£o pegava a linha amarela do metr√¥ (a azul e a verde pego quase todo dia), parecia que eu estava no exterior.",3,0.0,0.0,Unknown,Unknown,Unknown,Unknown
interney,12/08/2015 12:09:12,RT @brwordpresscom: O http://t.co/shyGbA7xDu Brasil agora tem uma conta oficial no Twitter. ;),0,0.0,0.0,Unknown,Unknown,Unknown,Unknown
interney,11/08/2015 16:30:38,Credenciamento de Imprensa no #SMWSP 2015: http://t.co/r7EincufuM http://t.co/2oDd0bb2Qa,1,0.0,0.0,Unknown,Unknown,Unknown,Unknown
interney,11/08/2015 13:30:42,WordCamp RJ ter√° participa√ß√£o de funcion√°rios da Automattic em miss√£o de recrutamento: http://t.co/QKXiJ7kvOK http://t.co/dPrzxp8LVs,6,0.0,0.0,Unknown,Unknown,Unknown,Unknown
interney,10/08/2015 22:05:29,"@kyoeric aceitamos ainda essa semana, me escreve no saopaulo@socialmediaweek.org",0,0.0,0.0,Unknown,Unknown,Unknown,Unknown
interney,10/08/2015 22:04:27,@thiagoacioli vou divulgar dados sobre credenciamento de imprensa em breve! :),0,0.0,0.0,Unknown,Unknown,Unknown,Unknown
interney,10/08/2015 15:00:54,"@thiagoacioli @publicitariossc Uai, pra divulgar o evento n√£o precisa de parceria! :) √â s√≥ publicar os links que j√° ficamos felizes! \o/",0,0.0,0.0,Unknown,Unknown,Unknown,Unknown
interney,10/08/2015 13:30:22,Social Media Week S√£o Paulo Trailer 2015 http://t.co/4YORTHrB2V - 85% da programa√ß√£o no ar! :) http://t.co/fTSzdVV5OR,5,0.0,0.0,Unknown,Unknown,Unknown,Unknown
interney,09/08/2015 11:18:24,"Eu n√£o sei se tecnicamente j√° posso ser chamado de pai, mas meu cora√ß√£o n√£o liga pra tecni‚Ä¶ http://t.co/hluINqE5SH http://t.co/nFZKcLbw99",0,0.0,0.0,Unknown,Unknown,Unknown,Unknown
interney,07/08/2015 17:11:58,Viver perigosamente nos dias de hoje: puxar conversa sobre Uber com taxista.,17,0.0,0.0,Unknown,Unknown,Unknown,Unknown
interney,07/08/2015 16:28:30,"RT @tvnube: A entrevista com o """"criador da internet no Brasil"""", o @interney , est√° no ar! Assista agora na TV Nube: http://t.co/0dZzHJQLyR",0,0.0,0.0,Unknown,Unknown,Unknown,Unknown
interney,07/08/2015 16:19:21,"Eu tamb√©m suspeito de gente que d√° RT em elogio, mas quando √© algu√©m foda como a @biagranja eu preciso aproveitar a oportunidade n√©? :)",0,0.0,0.0,Unknown,Unknown,Unknown,Unknown
interney,07/08/2015 16:17:09,"RT @biagranja: J√° o @interney √© de uma praticidade e pragmatismo que nunca vi igual. Ele recebe, fecha, toca, entrega e t√° pronto. Muito ag‚Ä¶",0,0.0,0.0,Unknown,Unknown,Unknown,Unknown
interney,07/08/2015 16:17:06,RT @biagranja: Me perguntaram agora quem s√£o as pessoas mais produtivas que eu conhe√ßo... Certamente a @rosana e o @interney,0,0.0,0.0,Unknown,Unknown,Unknown,Unknown
interney,06/08/2015 13:30:06,Novidade no Hootsuite ‚Äì agora d√° para agendar postagens no Instagram http://t.co/dI6tmJeBBY http://t.co/0E0BJtJXbU,5,0.0,0.0,Unknown,Unknown,Unknown,Unknown
interney,05/08/2015 21:30:16,Mensagens nas P√°ginas: Novas maneiras para pessoas e neg√≥cios se conectarem: http://t.co/kIgvdg2F1t,1,0.0,0.0,Unknown,Unknown,Unknown,Unknown
interney,05/08/2015 19:30:27,Teles temem avan√ßo do WhatsApp  http://t.co/PznpKz3ODN - Os coment√°rios dos executivos das teles mostram que eles vivem no s√©culo passado.,5,0.0,0.0,Unknown,Unknown,Unknown,Unknown
interney,05/08/2015 18:30:12,"Netflix Brasil ter√° Bianca Comparato e Jo√£o Miguel em '3%', sua 1¬™ s√©rie http://t.co/g7Ut3JDeXW",0,0.0,0.0,Unknown,Unknown,Unknown,Unknown
interney,05/08/2015 15:30:10,Conhe√ßa alguns palestrantes da #SMWSP 2015 http://t.co/iO9j2wvfAT,3,0.0,0.0,Unknown,Unknown,Unknown,Unknown
interney,04/08/2015 21:50:13,"@CassioOzires Sim, ser√° poss√≠vel. Coloquei mais detalhes no √∫lttimo par√°grafo aqui: http://t.co/jFChG7aCrs :)",0,0.0,0.0,Unknown,Unknown,Unknown,Unknown
interney,04/08/2015 14:54:43,Respeite os seus direitos e dos outros #sqn http://t.co/1rZjnsuzQu http://t.co/UuYiUKT3YD,2,0.0,0.0,Unknown,Unknown,Unknown,Unknown
interney,04/08/2015 13:30:31,6 Ferramentas gratuitas para monitorar seu site ou blog http://t.co/MTIrpuDmSq,6,0.0,0.0,Unknown,Unknown,Unknown,Unknown
interney,03/08/2015 16:30:42,Primeira vers√£o da programa√ß√£o no ar e abertura das inscri√ß√µes da #SMWSP 2015  http://t.co/P8I9imMSSU,2,0.0,0.0,Unknown,Unknown,Unknown,Unknown
interney,02/08/2015 12:10:20,O mundo n√£o est√° ficando mais est√∫pido.   A internet apenas deu visibilidade a estupidez que sempre esteve por a√≠.,186,0.0,0.0,Unknown,Unknown,Unknown,Unknown
interney,31/07/2015 21:32:55,"A√≠ me aparece um monte de gente simp√°tica dizendo que √© ranzinza, n√£o vou jogar confete em voc√™s n√£o viu?",0,0.0,0.0,Unknown,Unknown,Unknown,Unknown
interney,31/07/2015 21:32:18,"@p4ulo3dson A dan√ßa funcionou mesmo, passando a gravidez da esposa vou retomar a pr√°tica :)",0,0.0,0.0,Unknown,Unknown,Unknown,Unknown
interney,31/07/2015 21:11:29,Cada ano que passa fico mais ranzinza.  Algu√©m tem sugest√µes para combater esse efeito?   Ou abra√ßo a ranhetice de vez?,1,0.0,0.0,Unknown,Unknown,Unknown,Unknown
interney,30/07/2015 15:30:21,Facebook lan√ßa ferramenta ‚Äúverifica√ß√£o de seguran√ßa‚Äù http://t.co/YtMmoXPsZs,0,0.0,0.0,Unknown,Unknown,Unknown,Unknown
interney,30/07/2015 13:30:20,"""""5 Services You Can Offer Local Business to Boost Your Blogging Income"""" http://t.co/BTDYHBRb4i",1,0.0,0.0,Unknown,Unknown,Unknown,Unknown
interney,28/07/2015 13:30:16,Happiness Engineer: o profissional de suporte que entrega felicidade http://t.co/5rOkyiiyEo - j√° pensou em trabalhar nesse time?,1,0.0,0.0,Unknown,Unknown,Unknown,Unknown
interney,25/07/2015 20:42:57,@docloser http://t.co/WQDKu3hYb2,0,0.0,0.0,Unknown,Unknown,Unknown,Unknown
interney,25/07/2015 20:27:28,Curiosidade: quem por a√≠ realmente gosta de uva passa?,3,0.0,0.0,Unknown,Unknown,Unknown,Unknown
interney,25/07/2015 17:36:53,Come√ßando agora a Palestra de Monitoramento Al√©m das M√≠dias Sociais com o bluesman @gabsramalho #MAMSnaCPR4,2,0.0,0.0,Unknown,Unknown,Unknown,Unknown
interney,24/07/2015 17:56:07,http://t.co/lATxrKgxzw A internet est√° mudando o jeito de aprender idiomas com professores nativos #italki #ad,1,0.0,0.0,Unknown,Unknown,Unknown,Unknown
interney,24/07/2015 15:43:42,@diversita to disfar√ßado de campuseiro hehehe do lado do palco Venus,0,0.0,0.0,Unknown,Unknown,Unknown,Unknown
interney,24/07/2015 10:05:28,@onerdescritor @Amedyr J√° que os nomes s√£o diferentes de onde vc tirou a rela√ß√£o? :P,0,0.0,0.0,Unknown,Unknown,Unknown,Unknown
interney,24/07/2015 10:04:09,"@rodrigzneto sou curador da area de Redes Sociais, n√£o vou palestrar.",0,0.0,0.0,Unknown,Unknown,Unknown,Unknown
interney,23/07/2015 22:00:06,Juro que eu e o @leoclbox n√£o combinamos a camiseta antes. http://t.co/OFUTLykFey http://t.co/KSQP8N05K0,0,0.0,0.0,Unknown,Unknown,Unknown,Unknown
interney,23/07/2015 21:30:29,Meu primeiro computador: http://t.co/TMpunm6NZx,0,0.0,0.0,Unknown,Unknown,Unknown,Unknown
interney,23/07/2015 14:02:10,http://t.co/X8TUJusaND Menos de 1% das pessoas podem ter uma conversa fluente em Ingl√™s. Be the 1% #italki #ad,1,0.0,0.0,Unknown,Unknown,Unknown,Unknown
interney,23/07/2015 00:13:16,"Matar a saudade da """"coxinha"""" de caranguejo (@ Boteco Maxime in Recife, PE) https://t.co/Tsjet0WQcc",0,0.0,0.0,Unknown,Unknown,Unknown,Unknown
interney,22/07/2015 22:43:48,"Cheguei pra Campus Party Recife! (@ Aeroporto Internacional do Recife / Guararapes (REC) in Recife, PE) https://t.co/ZiTraYa8c5",0,0.0,0.0,Unknown,Unknown,Unknown,Unknown
interney,22/07/2015 12:30:33,12 Solutions to Selling Products Through Instagram: http://t.co/Pflo8eWC4w,2,0.0,0.0,Unknown,Unknown,Unknown,Unknown
interney,22/07/2015 00:19:24,@huugs Aqui: https://t.co/i03FbeGATk mas vale lembrar q nossa legisla√ß√£o tb tem restri√ß√µes http://t.co/LamPmHUowE,0,0.0,0.0,Unknown,Unknown,Unknown,Unknown
interney,21/07/2015 15:30:20,Toda vez que recebo a liga√ß√£o de um n√∫mero desconhecido eu sinto como se o meu celular estivesse prestes a ser possu√≠do por uma for√ßa do mal,7,0.0,0.0,Unknown,Unknown,Unknown,Unknown
interney,21/07/2015 14:30:42,"Faltam 6 meses pra Julia nascer, mas eu j√° estou cheio de dilemas, como por exemplo: se ensino a falar biscoito ou bolacha.",1,0.0,0.0,Unknown,Unknown,Unknown,Unknown
interney,21/07/2015 13:30:28,Automattic: conhe√ßa a cultura de uma empresa Open Source http://t.co/XXvohOGsRS,4,0.0,0.0,Unknown,Unknown,Unknown,Unknown
interney,20/07/2015 14:12:06,"@camilabenvenga Cabe sim amor, a J√∫ s√≥ tem 6,5cm por enqto :)",0,0.0,0.0,Unknown,Unknown,Unknown,Unknown
interney,18/07/2015 15:30:26,The SEO ‚ÄúFood‚Äù Pyramid http://t.co/MxhOIQmWRj,1,0.0,0.0,Unknown,Unknown,Unknown,Unknown
interney,18/07/2015 12:40:52,RT @camilabenvenga: Gr√°vidos cc/ @interney http://t.co/TKBrEPIJPS,0,0.0,0.0,Unknown,Unknown,Unknown,Unknown
interney,18/07/2015 12:28:26,http://t.co/YafSHLE2jS A maioria das pessoas que aprendem Ingl√™s nunca o usam numa situa√ß√£o real. You can! #italki #ad,1,0.0,0.0,Unknown,Unknown,Unknown,Unknown
interney,17/07/2015 23:42:38,Crio lista de tarefas s√≥ pra depois ter o prazer de marc√°-las como finalizadas.,11,0.0,0.0,Unknown,Unknown,Unknown,Unknown
interney,17/07/2015 15:15:29,@naosalvo @rosana tamb√©m n√£o tenho nenhuma info a respeito,0,0.0,0.0,Unknown,Unknown,Unknown,Unknown
interney,17/07/2015 15:12:46,Free Options to Popular Paid Marketing Services and Tools http://t.co/1ilmqETbgP,1,0.0,0.0,Unknown,Unknown,Unknown,Unknown
interney,17/07/2015 12:30:39,"""""The Entrepreneur‚Äôs Guide to Google AdWords"""" http://t.co/djYNnkwuMg",1,0.0,0.0,Unknown,Unknown,Unknown,Unknown
interney,16/07/2015 22:32:06,RT @azecos: Saiu o 30¬∫ epis√≥dio do Rola o Dado com os her√≥is @GruntarTV @interney @Amedyr e @FormacaoFireB https://t.co/Te46w5kywS,0,0.0,0.0,Unknown,Unknown,Unknown,Unknown
interney,16/07/2015 16:30:04,"12 Growth Hackers Were Asked """"What Growth Hack Are You Most Proud Of?"""" http://t.co/MkdGKE9CbP",0,0.0,0.0,Unknown,Unknown,Unknown,Unknown
interney,16/07/2015 13:30:18,4 esteri√≥tipos femininos na m√≠dia que voc√™ provavelmente n√£o tinha notado: http://t.co/sYXbVbB4Tn,9,0.0,0.0,Unknown,Unknown,Unknown,Unknown
interney,16/07/2015 12:34:59,@TalittaAraujo oh!,0,0.0,0.0,Unknown,Unknown,Unknown,Unknown
interney,16/07/2015 11:30:28,Gamee is a new social network for casual gamers http://t.co/nlML68PaVq,1,0.0,0.0,Unknown,Unknown,Unknown,Unknown
interney,16/07/2015 00:04:15,@gpbsays Era um an√∫ncio (tinha o #ad) j√° apaguei,0,0.0,0.0,Unknown,Unknown,Unknown,Unknown
interney,15/07/2015 13:30:04,12 grandes avan√ßos que a humanidade deve √† cerveja: http://t.co/hczPd2ulFt,1,0.0,0.0,Unknown,Unknown,Unknown,Unknown
interney,15/07/2015 12:30:25,T√©cnicas de espionagem adaptadas a publicidade http://t.co/DxZRTyR4lC,3,0.0,0.0,Unknown,Unknown,Unknown,Unknown
interney,14/07/2015 21:48:09,"@andremata0123 estou por fora dos cursos de TI, estou trabalhando com comunica√ß√£o faz 10 anos, melhor falar com algum profissional de BH",0,0.0,0.0,Unknown,Unknown,Unknown,Unknown
interney,14/07/2015 21:44:10,@ONovoNerd quem t√° organizando √© outra assessoria n√£o sou eu...,0,0.0,0.0,Unknown,Unknown,Unknown,Unknown
interney,14/07/2015 19:56:56,"@andremata0123 P√¥ cara, vou ficar te devendo, estou com muito trabalho, se for algo que eu possa responder por aqui √© s√≥ avisar.",0,0.0,0.0,Unknown,Unknown,Unknown,Unknown
interney,14/07/2015 13:30:28,P2 Theme - Transformando seu blog em uma poderosa ferramenta de comunica√ß√£o http://t.co/ZvllwrUASB,1,0.0,0.0,Unknown,Unknown,Unknown,Unknown
interney,14/07/2015 05:22:58,"@ConteudoAnimal parado no tempo? Cara acho que vc n√£o sabe o que a IBM t√° fazendo, o Watson √© o que tem de mais avan√ßado hoje em cogni√ß√£o",0,0.0,0.0,Unknown,Unknown,Unknown,Unknown
interney,14/07/2015 05:22:12,"@ONovoNerd tenho sim, me manda um e-mail: interney@gmail.com que eu encaminho pra eles",0,0.0,0.0,Unknown,Unknown,Unknown,Unknown
interney,14/07/2015 03:22:59,I'm supporting @formacaofireb Forma√ß√£o Fireball @Patreon https://t.co/k5g1UxBZGE,0,0.0,0.0,Unknown,Unknown,Unknown,Unknown
interney,14/07/2015 01:06:10,Eu acabei de apoiar o projeto 13¬™ Era RPG no @catarse https://t.co/NHZupaJme9,0,0.0,0.0,Unknown,Unknown,Unknown,Unknown
interney,13/07/2015 22:49:25,RT @rolaodado20: LIVE! 30¬∫ epis√≥dio do Rola o Dado! #AzeCosRPG  http://t.co/CYZmQdJCdy http://t.co/9ZlI7Ca0vF,0,0.0,0.0,Unknown,Unknown,Unknown,Unknown
interney,13/07/2015 14:30:13,Mobile Marketing - um √≥timo curso na FGV com os professores mais experientes do mercado: http://t.co/FFm7L0RMRn,0,0.0,0.0,Unknown,Unknown,Unknown,Unknown
interney,13/07/2015 13:30:21,Voc√™ que estuda comunica√ß√£o e marketing venha discutir o futuro da computa√ß√£o cognitiva: http://t.co/aQ6nvKgi60 http://t.co/yY6iHAMXm8,3,0.0,0.0,Unknown,Unknown,Unknown,Unknown
interney,11/07/2015 15:30:26,O valor dos emojis dos consumidores http://t.co/FfEVrLKE7J,1,0.0,0.0,Unknown,Unknown,Unknown,Unknown
interney,10/07/2015 19:27:22,Uma das desvantagens de ser n√¥made √© perder alguma coisa porque foi enviada para um endere√ßo antigo.,3,0.0,0.0,Unknown,Unknown,Unknown,Unknown
interney,09/07/2015 19:30:22,Novos controles para o News Feed do Facebook http://t.co/e5jdY92DDr,2,0.0,0.0,Unknown,Unknown,Unknown,Unknown
interney,08/07/2015 14:30:12,O Certo e o Errado nas rela√ß√µes Pessoais e Profissionais http://t.co/xUkJc8EcZ3,0,0.0,0.0,Unknown,Unknown,Unknown,Unknown
interney,08/07/2015 13:30:05,O Cetic disponibilizou uma nova forma de ver os dados hist√≥ricos de uso de tecnologia no Brasil: http://t.co/O9pXdpYWwE,4,0.0,0.0,Unknown,Unknown,Unknown,Unknown
interney,08/07/2015 12:30:19,Tend√™ncias de Marketing de Conte√∫do 2015: http://t.co/SwciTbHptM,1,0.0,0.0,Unknown,Unknown,Unknown,Unknown
interney,08/07/2015 12:13:07,"@_victor82 @supercellgames √© um bom v√≠cio, o jogo parece bem interessante e din√¢mico.",0,0.0,0.0,Unknown,Unknown,Unknown,Unknown
interney,08/07/2015 03:54:17,@_victor82 conhe√ßo mas n√£o me interessei muito pela id√©ia de criar uma vila e tals,0,0.0,0.0,Unknown,Unknown,Unknown,Unknown
interney,08/07/2015 03:53:39,@SmaugTkX em Sampa tem o http://t.co/q2oblPJW2z,0,0.0,0.0,Unknown,Unknown,Unknown,Unknown
interney,08/07/2015 01:12:43,Perdendo precioso tempo com esse joguinho (Battle Camp) e gostando :) http://t.co/C7DlbBZwoG http://t.co/U7TlxBmiSM,0,0.0,0.0,Unknown,Unknown,Unknown,Unknown
interney,07/07/2015 21:30:11,How We Changed the Facebook Friends Icon http://t.co/S5otTwx80u,0,0.0,0.0,Unknown,Unknown,Unknown,Unknown
interney,07/07/2015 21:17:49,"Todo mundo est√° tentando fazer do mundo um lugar melhor.  √Äs vezes para os outros, √†s vezes pra si mesmo.",16,0.0,0.0,Unknown,Unknown,Unknown,Unknown
interney,07/07/2015 19:16:38,J√° fiz tanta coisa essa semana que achei que hoje era quinta-feira.,4,0.0,0.0,Unknown,Unknown,Unknown,Unknown
interney,07/07/2015 17:30:11,"Mesma verba, melhores resultados http://t.co/OxAaY7FlaS",0,0.0,0.0,Unknown,Unknown,Unknown,Unknown
interney,07/07/2015 15:30:38,Twitter lan√ßa self-service de an√∫ncios para pequenas e m√©dias empresas no Brasil http://t.co/tRsZX8EuKr,6,0.0,0.0,Unknown,Unknown,Unknown,Unknown
interney,07/07/2015 14:30:23,Descubra como aumentar visitas no seu site ou blog http://t.co/yphmYwwynR,0,0.0,0.0,Unknown,Unknown,Unknown,Unknown
interney,07/07/2015 13:30:05,6 Reasons You Don‚Äôt Have a Crazy Viral App: http://t.co/OIb64OPtPt,0,0.0,0.0,Unknown,Unknown,Unknown,Unknown
interney,07/07/2015 12:30:20,Waze iniciar√° programa piloto de caronas em Israel: http://t.co/AVKoFo6qZG,1,0.0,0.0,Unknown,Unknown,Unknown,Unknown
interney,06/07/2015 19:30:21,Red Bull lan√ßa edital para projetos que usem a tecnologia para melhorar SP http://t.co/0yJgdX4FPc,1,0.0,0.0,Unknown,Unknown,Unknown,Unknown
interney,06/07/2015 15:30:18,Brasileiros desenvolvem carregador abastecido pelo joelho: http://t.co/zz3QaDSIXw,4,0.0,0.0,Unknown,Unknown,Unknown,Unknown
interney,05/07/2015 14:04:54,"#NowPlaying """"Gangsta's Paradise"""" by Scott Bradlee's Postmodern Jukebox from Emoji Antique ‚ô´ http://t.co/dwIbJQGxTf",0,0.0,0.0,Unknown,Unknown,Unknown,Unknown
interney,03/07/2015 17:30:21,O Uber n√£o √© coca√≠na http://t.co/ashflKIt8a,5,0.0,0.0,Unknown,Unknown,Unknown,Unknown
interney,03/07/2015 12:30:03,Twitter oferece segmenta√ß√£o em 'personas' para anunciantes http://t.co/ogiktmDR3U,6,0.0,0.0,Unknown,Unknown,Unknown,Unknown
interney,02/07/2015 12:30:39,Uma playlist no Spotify com as m√∫sicas mais populares do AC/DC http://t.co/Xd1mWOdujb http://t.co/yG9H4UUaF7,4,0.0,0.0,Unknown,Unknown,Unknown,Unknown
interney,01/07/2015 23:00:37,RT @azecos: Saiu o 29¬∫ epis√≥dio do Rola o Dado com @interney @GruntarTV @Amedyr e @FormacaoFireB  #AzeCosRPG https://t.co/RyXCm7hgxh,0,0.0,0.0,Unknown,Unknown,Unknown,Unknown
interney,01/07/2015 18:30:47,How to Optimize Facebook Custom Tabs for More Conversions http://t.co/IfWW9idOK3,1,0.0,0.0,Unknown,Unknown,Unknown,Unknown
interney,01/07/2015 18:26:38,@PhillipSuamberg vou fazer uma playlist de AC/DC pra comemorar! :),0,0.0,0.0,Unknown,Unknown,Unknown,Unknown
interney,01/07/2015 17:30:30,Rob√¥ 'pedreiro' instala tijolos e constr√≥i casas em 2 dias http://t.co/acasWhHVMJ - pr√≥xima v√≠tima dos vereadores de Sampa,5,0.0,0.0,Unknown,Unknown,Unknown,Unknown
interney,01/07/2015 16:34:13,"Depois da proibi√ß√£o do Uber, datil√≥grafos querem o fim do computador http://t.co/am6Ky4MFAL",33,0.0,0.0,Unknown,Unknown,Unknown,Unknown
interney,01/07/2015 16:30:27,How to Keep Coming With New Ideas in Blogging http://t.co/yvtrGIJLR1,0,0.0,0.0,Unknown,Unknown,Unknown,Unknown
interney,01/07/2015 15:30:37,Inbound Marketing vs. Outbound Marketing: http://t.co/CIdAtPmsJd,2,0.0,0.0,Unknown,Unknown,Unknown,Unknown
interney,30/06/2015 15:30:29,Dicas b√°sicas para melhorar sua escrita: http://t.co/rx6xSnqFvL,4,0.0,0.0,Unknown,Unknown,Unknown,Unknown
interney,29/06/2015 23:06:33,RT @rolaodado20: J√° estamos LIVE! Chega mais pro 29¬™ Epis√≥dio!! http://t.co/CYZmQdJCdy #AzeCosRPG http://t.co/poKtLksSNT,0,0.0,0.0,Unknown,Unknown,Unknown,Unknown
interney,29/06/2015 22:06:40,RT @azecos: Lembrando que hoje 20h tem o ep. 29 do Rola o Dado com @GruntarTV @interney @Amedyr e o estreante @FormacaoFireB !! http://t.co‚Ä¶,0,0.0,0.0,Unknown,Unknown,Unknown,Unknown
