jeanwyllys_real,17/09/2015 01:00:20,"Uma defesa da cultura com um """"vr√°""""! https://t.co/fE0EJg3iR9 (ASCOM)",3,0.0,0.0,Unknown,Unknown,Unknown,Unknown,Unknown
jeanwyllys_real,16/09/2015 22:15:13,#QuantoCusta a viol√™ncia sexual contra meninas? #CustaCaro! Conhe√ßa a campanha: https://t.co/3QCok4zU1J (ASCOM) http://t.co/932UDDttlj,26,0.0,0.0,Unknown,Unknown,Unknown,Unknown,Unknown
jeanwyllys_real,16/09/2015 21:37:21,Como diz meu colega @depChicoAlencar: quem contrata o DJ escolhe a m√∫sica da festa. #FimDoFinanciamentoEmpresarial http://t.co/VVLq3QDBeY,27,0.0,0.0,Unknown,Unknown,Unknown,Unknown,Unknown
jeanwyllys_real,16/09/2015 19:07:30,Acompanhe ao vivo a sess√£o do STF que questiona o financiamento de campanhas eleitorais por empresas: https://t.co/VYvpUmbAj6  (ASCOM),16,0.0,0.0,Unknown,Unknown,Unknown,Unknown,Unknown
jeanwyllys_real,16/09/2015 18:13:14,"Doa√ß√µes ocultas: n√≥s, do PSOL, j√° denunci√°vamos h√° muito tempo! https://t.co/v5MWTgTRHv http://t.co/ZADqOusZj4",43,0.0,0.0,Unknown,Unknown,Unknown,Unknown,Unknown
jeanwyllys_real,15/09/2015 22:15:48,"Confira o registro, em fotos, da sess√£o Solene em Homenagem aos 10 anos do @PSOLOficial: https://t.co/SdHsWr32JN http://t.co/azQtDSzsE7",7,0.0,0.0,Unknown,Unknown,Unknown,Unknown,Unknown
jeanwyllys_real,15/09/2015 19:15:31,"RT @lexmourao: A quem possa interessar, est√° passando o document√°rio #FavelaGay no #CanalBrasil e √© incr√≠vel! E o @jeanwyllys_real s√≥ fala ‚Ä¶",0,0.0,0.0,Unknown,Unknown,Unknown,Unknown,Unknown
jeanwyllys_real,15/09/2015 16:38:52,"RT @PSOLOficial: """"O financiamento privado de campanha √© a fonte da corrup√ß√£o"""". Confira a an√°lise do deputado @jeanwyllys_real: http://t.co/‚Ä¶",0,0.0,0.0,Unknown,Unknown,Unknown,Unknown,Unknown
jeanwyllys_real,15/09/2015 16:38:24,"N√£o. √â uma """"piada"""" que p√°ginas """"crist√£s"""" passaram a compartilhar como se verdade fosse http://t.co/IqwFpJB9wx ASCOM https://t.co/FDV6zvzPlt",12,0.0,0.0,Unknown,Unknown,Unknown,Unknown,Unknown
jeanwyllys_real,15/09/2015 13:30:24,Sess√£o solene em homenagem aos 10 anos do PSOL n√£o est√° sendo transmitida. Entenda: https://t.co/45ORmZkYk8 (ASCOM) http://t.co/arbtQU0Jin,35,0.0,0.0,Unknown,Unknown,Unknown,Unknown,Unknown
jeanwyllys_real,15/09/2015 02:32:40,Come√ßou... https://t.co/nhp6EE58FN,13,0.0,0.0,Unknown,Unknown,Unknown,Unknown,Unknown
jeanwyllys_real,15/09/2015 02:03:36,"#VerdadesSecretas √© a novela mais perturbadora a que eu assisti nos √∫ltimos 15 anos. Parab√©ns, @WalcyrCarrasco , @MauroMendoncaF e demais!",71,0.0,0.0,Unknown,Unknown,Unknown,Unknown,Unknown
jeanwyllys_real,14/09/2015 23:25:57,#ProtestoN√£o√âCrime / RT @torturra: A lei antiterrorismo e compromissos financeiros internacionais. Ao vivo no Fluxo https://t.co/Ygz60AuygB,12,0.0,0.0,Unknown,Unknown,Unknown,Unknown,Unknown
jeanwyllys_real,14/09/2015 19:49:15,O #Fant√°stico foi conhecer a realidade da regulamenta√ß√£o da maconha no Uruguai. Adivinha o que encontraram? https://t.co/lw8goaPJ1r,12,0.0,0.0,Unknown,Unknown,Unknown,Unknown,Unknown
jeanwyllys_real,14/09/2015 17:21:04,RT @_milesd: Excelente an√°lise da situa√ß√£o politica atual https://t.co/wmznwvb9Xb,0,0.0,0.0,Unknown,Unknown,Unknown,Unknown,Unknown
jeanwyllys_real,14/09/2015 16:03:28,RT @sigapartidA: O Dep. Fed. do RJ @jeanwyllys_real tamb√©m √© contra o exterm√≠nio ind√≠gena da comunidade #GuaraniKaiow√° e VOC√ä?http://t.co/y‚Ä¶,0,0.0,0.0,Unknown,Unknown,Unknown,Unknown,Unknown
jeanwyllys_real,14/09/2015 15:40:37,RT @PSOLOficial: PSOL completa 10 anos de luta e combatividade. Saiba mais sobre as comemora√ß√µes: http://t.co/F5NmVYgEQv,0,0.0,0.0,Unknown,Unknown,Unknown,Unknown,Unknown
jeanwyllys_real,14/09/2015 01:00:16,"Daqui a pouco, √†s 23h, tem reprise desta entrevista que concedi ao programa #Espa√ßoP√∫blico, na TV Brasil: https://t.co/jzK4gwoA5o",6,0.0,0.0,Unknown,Unknown,Unknown,Unknown,Unknown
jeanwyllys_real,13/09/2015 23:50:22,"Vem, gente, vai ter bolo! #PSOL10Anos (ASCOM) http://t.co/BqUHLvV91t",3,0.0,0.0,Unknown,Unknown,Unknown,Unknown,Unknown
jeanwyllys_real,13/09/2015 21:00:53,"Quem disse que religi√£o, sexualidade e Estado n√£o est√£o misturados ou n√£o se discutem?  https://t.co/omouyMQwjB #CongressoDireitoHomoafetivo",12,0.0,0.0,Unknown,Unknown,Unknown,Unknown,Unknown
jeanwyllys_real,13/09/2015 18:30:55,"V√° em paz, Betty. Voc√™ segue imortal em tudo aquilo que inspira! https://t.co/HVYKON7pVQ http://t.co/R27mXOrS70",47,0.0,0.0,Unknown,Unknown,Unknown,Unknown,Unknown
jeanwyllys_real,13/09/2015 18:00:32,"Precisamos mudar as regras do jogo, ou essa lava-jato passar√° e vir√£o outras, num ciclo que nunca termina.  https://t.co/7t0lAwGZ7R",15,0.0,0.0,Unknown,Unknown,Unknown,Unknown,Unknown
jeanwyllys_real,13/09/2015 13:01:06,.@PSOLOficial completa 10 anos de luta e combatividade. Saiba mais sobre as comemora√ß√µes: http://t.co/fHaRgBDJxW ASCOM,9,0.0,0.0,Unknown,Unknown,Unknown,Unknown,Unknown
jeanwyllys_real,13/09/2015 02:00:36,A polariza√ß√£o pol√≠tica √© bom ou ruim para o desenvolvimento do pa√≠s? Essa e outras perguntas eu respondi aqui: https://t.co/jzK4gwoA5o,4,0.0,0.0,Unknown,Unknown,Unknown,Unknown,Unknown
jeanwyllys_real,13/09/2015 01:49:15,Essa semana votamos altera√ß√µes improdutivas no processo eleitoral. Uma reforma pol√≠tica que de reforma n√£o tem nada: https://t.co/kCSEOBdz1W,12,0.0,0.0,Unknown,Unknown,Unknown,Unknown,Unknown
jeanwyllys_real,12/09/2015 21:00:41,"Est√£o tod@s convidados para a sess√£o solene em comemora√ß√£o aos 10 anos do @PSOLOficial, √â nesta ter√ßa, dia 15 (ASCOM) http://t.co/961nTdFACL",9,0.0,0.0,Unknown,Unknown,Unknown,Unknown,Unknown
jeanwyllys_real,12/09/2015 17:01:35,Professores/as est√£o sendo intimidad@s a n√£o educarem p/ o respeito √† igualdade e diversidade http://t.co/37AyQhT2PX http://t.co/8fdfvUwjwO,15,0.0,0.0,Unknown,Unknown,Unknown,Unknown,Unknown
jeanwyllys_real,12/09/2015 15:01:33,"""""E voc√™, tem medo do qu√™?"""": http://t.co/zGSr9qaA1b Por @MuriloCleto na @revistaforum . (ASCOM) http://t.co/b5oJvw0nlj",11,0.0,0.0,Unknown,Unknown,Unknown,Unknown,Unknown
jeanwyllys_real,12/09/2015 13:01:31,J√° votou para eleger aquele parlamentar que lhe representa? As vota√ß√µes acabam dia 20: https://t.co/UKiKqmjBGT ASCOM http://t.co/6WTitOG7QB,8,0.0,0.0,Unknown,Unknown,Unknown,Unknown,Unknown
jeanwyllys_real,12/09/2015 02:15:25,"RT @sigapartidA: @jeanwyllys_real Jean, querid√≠ssimo, um dos poucos que luta pelos MINORIZADOS neste pa√≠s. Sua coragem e for√ßa nos inspira.‚Ä¶",0,0.0,0.0,Unknown,Unknown,Unknown,Unknown,Unknown
jeanwyllys_real,12/09/2015 02:14:04,"RT @MarceloFreixo: O @jeanwyllys_real me desafiou, ent√£o vamos l√°! #EuConfesso que j√° cometi os meus delitos na minha inf√¢ncia! Veja: http:‚Ä¶",0,0.0,0.0,Unknown,Unknown,Unknown,Unknown,Unknown
jeanwyllys_real,12/09/2015 02:11:55,Voc√™s t√™m toda raz√£o. Cometi um erro de informa√ß√£o hist√≥rica na entrevista ao #Espa√ßoP√∫blico http://t.co/szR522qmXO http://t.co/FyAEJB2xDd,2,0.0,0.0,Unknown,Unknown,Unknown,Unknown,Unknown
jeanwyllys_real,11/09/2015 21:27:44,RT @psolnacamara: Participe da homenagem aos 10 anos do @PSOLOficial no dia 15/09: https://t.co/Jwmdib1tL2 http://t.co/TAKZcPCX4W,0,0.0,0.0,Unknown,Unknown,Unknown,Unknown,Unknown
jeanwyllys_real,11/09/2015 19:28:34,"RT @sigapartidA: O jornalista, escritor baiano, professor e Dep. Federal @jeanwyllys_real √© contra o genoc√≠dio do povo #GuaraniKaiow√° http:‚Ä¶",0,0.0,0.0,Unknown,Unknown,Unknown,Unknown,Unknown
jeanwyllys_real,11/09/2015 17:45:38,Um plano que √© para dar diretrizes √† educa√ß√£o n√£o pode ignorar essa diversidade num pa√≠s t√£o plural como o Brasil! http://t.co/qxQiKm9UZa,8,0.0,0.0,Unknown,Unknown,Unknown,Unknown,Unknown
jeanwyllys_real,11/09/2015 17:44:54,A educa√ß√£o tem papel fundamental na forma√ß√£o e constru√ß√£o de mentalidades que primem pelo respeito √† diversidade e √† pluralidade humana.,29,0.0,0.0,Unknown,Unknown,Unknown,Unknown,Unknown
jeanwyllys_real,11/09/2015 17:44:33,"Independentemente de projetos de lei, as crian√ßas s√£o diferentes uma das outras e os conflitos escolares v√£o aparecer.",5,0.0,0.0,Unknown,Unknown,Unknown,Unknown,Unknown
jeanwyllys_real,11/09/2015 17:43:51,Se opor √† presen√ßa dessas express√µes nos Planos de Educa√ß√£o √© se opor √† integridade f√≠sica e bem-estar dos seus filhos e de suas filhas.,3,0.0,0.0,Unknown,Unknown,Unknown,Unknown,Unknown
jeanwyllys_real,11/09/2015 17:42:38,"Se opor √†s express√µes de g√™nero, identidade de g√™nero e orienta√ß√£o sexual nos Planos de Educa√ß√£o √© se opor √† diversidade na escola.",9,0.0,0.0,Unknown,Unknown,Unknown,Unknown,Unknown
jeanwyllys_real,11/09/2015 17:41:59,O PME-SP teve a pluralidade humana barrada por vereadores e l√≠deres religiosos que utilizam a pauta para manipular as pessoas na sua boa-f√©.,3,0.0,0.0,Unknown,Unknown,Unknown,Unknown,Unknown
jeanwyllys_real,11/09/2015 17:40:02,Os rapazes do @CanalPoenaRoda foram l√° na vota√ß√£o do Plano Municipal de Educa√ß√£o de SP e comprovaram a minha teoria: https://t.co/dnGcvZOOcf,10,0.0,0.0,Unknown,Unknown,Unknown,Unknown,Unknown
jeanwyllys_real,11/09/2015 17:38:57,Lembram quando eu disse o que aconteceria se pergunt√°ssemos o que √© g√™nero √†s pessoas que fazem exorta√ß√µes contra? https://t.co/sDMSJ4L9Fe,18,0.0,0.0,Unknown,Unknown,Unknown,Unknown,Unknown
jeanwyllys_real,11/09/2015 00:00:26,"Tudo bem, @RenanQuinalha! #EuConfesso e desafio agora o @MarceloFreixo, o @Ticostacruz e a @ellenoleria: https://t.co/AMIUFozugN #Redu√ß√£oN√£o",7,0.0,0.0,Unknown,Unknown,Unknown,Unknown,Unknown
jeanwyllys_real,10/09/2015 20:51:49,"Devemos distinguir o uso do abuso. Dependentes devem ser tratados no √¢mbito da sa√∫de, n√£o presos. #descriminalizastf http://t.co/MWtPHbjKj8",36,0.0,0.0,Unknown,Unknown,Unknown,Unknown,Unknown
jeanwyllys_real,10/09/2015 20:32:59,Devemos encarar a problem√°tica das drogas no √¢mbito da sa√∫de p√∫blica e da liberdade individual: https://t.co/Pp9YRUjA9B #descriminalizastf,26,0.0,0.0,Unknown,Unknown,Unknown,Unknown,Unknown
jeanwyllys_real,10/09/2015 20:28:26,"@isalacerda Aqui, Isa.  https://t.co/Pp9YRUjA9B #DescriminalizaSTF",1,0.0,0.0,Unknown,Unknown,Unknown,Unknown,Unknown
jeanwyllys_real,10/09/2015 20:24:46,"A legaliza√ß√£o e a regulamenta√ß√£o, nos moldes feitos com o tabaco e o √°lcool, √© o melhor caminho! #descriminalizastf http://t.co/UUOccbFdDU",58,0.0,0.0,Unknown,Unknown,Unknown,Unknown,Unknown
jeanwyllys_real,10/09/2015 18:22:18,Acompanhe ao vivo a sess√£o do STF que discute a descriminaliza√ß√£o do porte de drogas: https://t.co/VYvpUmbAj6  #DescriminalizaSTF,24,0.0,0.0,Unknown,Unknown,Unknown,Unknown,Unknown
jeanwyllys_real,10/09/2015 18:20:29,Vejam que bacana essa anima√ß√£o explicando o que est√° em julgamento agora no STF: https://t.co/gJjZoka25s #DescriminalizaSTF,12,0.0,0.0,Unknown,Unknown,Unknown,Unknown,Unknown
jeanwyllys_real,09/09/2015 22:53:29,RT @DCM_online: Como devolver a dec√™ncia √† pol√≠tica. Por Jean Wyllys. http://t.co/Cfp4L4hBaR http://t.co/1gmU2A6IRt,0,0.0,0.0,Unknown,Unknown,Unknown,Unknown,Unknown
jeanwyllys_real,09/09/2015 22:33:41,"A minha entrevista no programa #Espa√ßoP√∫blico, da TV Brasil, j√° est√° dispon√≠vel, na √≠ntegra, aqui:  https://t.co/jzK4gwoA5o O que acharam? üòâ",11,0.0,0.0,Unknown,Unknown,Unknown,Unknown,Unknown
jeanwyllys_real,09/09/2015 18:00:13,"RT @cartacapital: Uma decis√£o exemplar da justi√ßa de Natal em caso de cal√∫nias, amea√ßas de morte e √≥dio homof√≥bico. Por @jeanwyllys_real",0,0.0,0.0,Unknown,Unknown,Unknown,Unknown,Unknown
jeanwyllys_real,09/09/2015 17:48:02,"No que se transformou o PSDB, caro FHC? √â imposs√≠vel que a estupidez abaixo n√£o lhe constranja de algum modo!  https://t.co/OnRHO42Jnu",22,0.0,0.0,Unknown,Unknown,Unknown,Unknown,Unknown
jeanwyllys_real,09/09/2015 17:37:28,Mais do que nunca √© a hora de todas e todos voc√™s do Distrito Federal fazerem press√£o e mostrarem que as fam√≠lias de voc√™s existem.,3,0.0,0.0,Unknown,Unknown,Unknown,Unknown,Unknown
jeanwyllys_real,09/09/2015 17:37:09,"Agora o projeto de lei, aprovado pelos deputados e deputadas distritais, volta para a C√¢mara Legislativa do DF que pode derrubar o veto.",2,0.0,0.0,Unknown,Unknown,Unknown,Unknown,Unknown
jeanwyllys_real,09/09/2015 17:35:20,"Os novos arranjos familiares s√£o maioria no pa√≠s e todas as fam√≠lias devem ser protegidas. Parab√©ns, @RollembergPSB! http://t.co/jAgS0bs7O3",13,0.0,0.0,Unknown,Unknown,Unknown,Unknown,Unknown
jeanwyllys_real,09/09/2015 17:22:09,"Quando voc√™ souber conjugar o verbo ver, talvez o deputado acorde üòâ #Equipe https://t.co/3TA25hlPpP",5,0.0,0.0,Unknown,Unknown,Unknown,Unknown,Unknown
jeanwyllys_real,09/09/2015 17:17:12,RT @revistaforum: @jeanwyllys_real faz protesto contra 'dress code' da C√¢mara. http://t.co/BRzenYg6L6 http://t.co/tDYb5aGAu0,0,0.0,0.0,Unknown,Unknown,Unknown,Unknown,Unknown
jeanwyllys_real,09/09/2015 15:39:13,RT @PSOLOficial: #MaisEticaMenosEstetica @jeanwyllys_real protesta contra a imposi√ß√£o do dress code √†s pessoas que frequentam a Casa http:/‚Ä¶,0,0.0,0.0,Unknown,Unknown,Unknown,Unknown,Unknown
jeanwyllys_real,09/09/2015 15:25:14,"RT @psolnacamara: Ato das servidoras e dos servidores contra o """"dress code"""", projeto que quer regulamentar a vestimenta na C√¢mara. http://t‚Ä¶",0,0.0,0.0,Unknown,Unknown,Unknown,Unknown,Unknown
jeanwyllys_real,09/09/2015 15:02:20,"Cuidem do seu decoro - este, sempre t√£o relegado! - que eu cuido do meu decote: https://t.co/JKIbc87lPy http://t.co/IpwQ1tMwIF",27,0.0,0.0,Unknown,Unknown,Unknown,Unknown,Unknown
jeanwyllys_real,09/09/2015 13:12:43,"A deputada Christiane Brasil (presidente do PTB-RJ e filha do ex-deputado Roberto Jefferson,‚Ä¶ https://t.co/Vj9UbHK5JO",12,0.0,0.0,Unknown,Unknown,Unknown,Unknown,Unknown
jeanwyllys_real,09/09/2015 04:27:02,"Precisamos encher a pol√≠tica de gente e mudar as regras do jogo, ou essa lava-jato passar√° e vir√£o outras: https://t.co/7t0lAwGZ7R",20,0.0,0.0,Unknown,Unknown,Unknown,Unknown,Unknown
jeanwyllys_real,09/09/2015 02:17:34,"""""'Presidenta' existe na l√≠ngua portuguesa desde 1872"""": http://t.co/qI0YDHbFWP  üòò üòò üòò (ASCOM)  https://t.co/wFWT7CYwJM",51,0.0,0.0,Unknown,Unknown,Unknown,Unknown,Unknown
jeanwyllys_real,09/09/2015 02:11:44,"@kau_dc @TVBrasil Domingo, √†s 23h. (ASCOM)",0,0.0,0.0,Unknown,Unknown,Unknown,Unknown,Unknown
jeanwyllys_real,09/09/2015 02:06:56,"RT @TVBrasil: Chegou ao fim a entrevista do #Espa√ßoP√∫blico com @jeanwyllys_real. E ai, curtiu? http://t.co/9zMTszeSJN",0,0.0,0.0,Unknown,Unknown,Unknown,Unknown,Unknown
jeanwyllys_real,09/09/2015 02:06:06,"Agradecemos a tod@s que acompanharam o #Espa√ßoP√∫blico da @TVBrasil. Domingo, √†s 23h, tem reprise! E em breve no nosso canal do Youtube ASCOM",7,0.0,0.0,Unknown,Unknown,Unknown,Unknown,Unknown
jeanwyllys_real,09/09/2015 02:01:03,"RT @TVBrasil: @jeanwyllys_real no #Espa√ßoP√∫blico: """"O povo brasileiro consome uma representa√ß√£o da pol√≠tica que trata a pol√≠tica como algo r‚Ä¶",0,0.0,0.0,Unknown,Unknown,Unknown,Unknown,Unknown
jeanwyllys_real,09/09/2015 02:00:43,"RT @TVBrasil: """"Eu n√£o defendo o governo Dilma. Eu fa√ßo oposi√ß√£o de esquerda, mas uma oposi√ß√£o respons√°vel"""" explica @jeanwyllys_real http://‚Ä¶",0,0.0,0.0,Unknown,Unknown,Unknown,Unknown,Unknown
jeanwyllys_real,09/09/2015 01:58:47,"""""Quando as pessoas veem um deputado fazendo seu trabalho, tentam desestabilizar com mentiras e cal√∫nias"""": #Espa√ßoP√∫blico @TVBrasil (ASCOM)",6,0.0,0.0,Unknown,Unknown,Unknown,Unknown,Unknown
jeanwyllys_real,09/09/2015 01:58:04,"""""As pessoas nos elegeram para encontrar solu√ß√µes para que vivamos bem e eu tento cumprir esse papel."""" #Espa√ßoP√∫blico @TVBrasil (ASCOM)",13,0.0,0.0,Unknown,Unknown,Unknown,Unknown,Unknown
jeanwyllys_real,09/09/2015 01:56:18,"RT @TVBrasil: """"Sou jornalista, sei como a not√≠cia √© instrumentalizada politicamente"""" critica @jeanwyllys_real. #Espa√ßoP√∫blico: http://t.co/‚Ä¶",0,0.0,0.0,Unknown,Unknown,Unknown,Unknown,Unknown
jeanwyllys_real,09/09/2015 01:56:08,"""""A presidenta Dilma tem que se pronunciar sobre o que est√° acontecendo com o povo Guarani Kaiow√°"""" #Espa√ßoP√∫blico @TVBrasil (ASCOM)",36,0.0,0.0,Unknown,Unknown,Unknown,Unknown,Unknown
jeanwyllys_real,09/09/2015 01:55:43,RT @caliladasmerces: Quer ver a entrevista online com @jeanwyllys_real. Clica aqui e acompanhe #Espa√ßoP√∫blico na @TVBrasil http://t.co/59it‚Ä¶,0,0.0,0.0,Unknown,Unknown,Unknown,Unknown,Unknown
jeanwyllys_real,09/09/2015 01:50:13,"""""Se voc√™ critica como o governo Dilma trata os povos ind√≠genas, voc√™ e acusado de 'coxinha'""""  #Espa√ßoP√∫blico @TVBrasil (ASCOM)",8,0.0,0.0,Unknown,Unknown,Unknown,Unknown,Unknown
jeanwyllys_real,09/09/2015 01:49:12,"RT @TVBrasil: @jeanwyllys_real no #Espa√ßoP√∫blico: """"As reformas estruturais neste pa√≠s n√£o foram feitas. Talvez por isso a gente esteja aond‚Ä¶",0,0.0,0.0,Unknown,Unknown,Unknown,Unknown,Unknown
jeanwyllys_real,09/09/2015 01:47:57,"""""Ningu√©m diz que as bancadas da bala e ruralista, por exemplo, legislam em causa pr√≥pria"""". #Espa√ßoP√∫blico @TVBrasil (ASCOM)",49,0.0,0.0,Unknown,Unknown,Unknown,Unknown,Unknown
jeanwyllys_real,09/09/2015 01:46:50,"""""A acusa√ß√£o de que n√≥s, LGBTs, estamos legislando em causa pr√≥pria √© uma maneira de desqualificar a nossa luta"""". #Espa√ßoP√∫blico @TVBrasil",13,0.0,0.0,Unknown,Unknown,Unknown,Unknown,Unknown
jeanwyllys_real,09/09/2015 01:45:05,RT @vanianinah: A fala de @jeanwyllys_real √© de uma lucidez reconfortante. √â uma das agulhas no palheiro da pol√≠tica. (via @TVBrasil) #Espa‚Ä¶,0,0.0,0.0,Unknown,Unknown,Unknown,Unknown,Unknown
jeanwyllys_real,09/09/2015 01:44:37,"RT @jacksonraymundo: Assistindo o deputado @jeanwyllys_real no #Espa√ßoP√∫blico, da @TVBrasil.",0,0.0,0.0,Unknown,Unknown,Unknown,Unknown,Unknown
jeanwyllys_real,09/09/2015 01:44:05,RT @sudornelles: Entrevista do @jeanwyllys_real na @TVBrasil .,0,0.0,0.0,Unknown,Unknown,Unknown,Unknown,Unknown
jeanwyllys_real,09/09/2015 01:43:49,@tonfalcao &lt;3   ASCOM,1,0.0,0.0,Unknown,Unknown,Unknown,Unknown,Unknown
jeanwyllys_real,09/09/2015 01:43:33,RT @BruSanGomes: Na @TVBrasil agora o dep @jeanwyllys_real Boa entrevista e √≥timo programa!,0,0.0,0.0,Unknown,Unknown,Unknown,Unknown,Unknown
jeanwyllys_real,09/09/2015 01:43:26,RT @ecarollopes: @jeanwyllys_real na @TVBrasil vale a pena assistir!,0,0.0,0.0,Unknown,Unknown,Unknown,Unknown,Unknown
jeanwyllys_real,09/09/2015 01:43:17,RT @beatbeatt: @jeanwyllys_real to assistindo! ‚ù§üíôüíö,0,0.0,0.0,Unknown,Unknown,Unknown,Unknown,Unknown
jeanwyllys_real,09/09/2015 01:43:12,RT @TheThamy: queria assistir master chef mas o debate com o @jeanwyllys_real t√° muito interessante #JeanMeRepresenta,0,0.0,0.0,Unknown,Unknown,Unknown,Unknown,Unknown
jeanwyllys_real,09/09/2015 01:42:59,"RT @fernandapsol: @jeanwyllys_real agora no @TVBrasil. """"Eu n√£o tenho dono, tenho causas"""", criticando financiamento empresarial de campanha.",0,0.0,0.0,Unknown,Unknown,Unknown,Unknown,Unknown
jeanwyllys_real,09/09/2015 01:42:30,RT @Nil_Lucena: Excelente entrevista do  @jeanwyllys_real √† @TVBrasil no #Espa√ßoP√∫blico .,0,0.0,0.0,Unknown,Unknown,Unknown,Unknown,Unknown
jeanwyllys_real,09/09/2015 01:42:13,"RT @TVBrasil: """"O que √© cultural n√£o √© da natureza. O que √© cultural a gente muda"""" afirma @jeanwyllys_real no #Espa√ßoP√∫blico #aovivo http://‚Ä¶",0,0.0,0.0,Unknown,Unknown,Unknown,Unknown,Unknown
jeanwyllys_real,09/09/2015 01:42:02,"RT @TVBrasil: Segundo @jeanwyllys_real: """"A corrup√ß√£o √© sist√™mica, n√£o pertence s√≥ a um partido e n√£o √© praticada s√≥ por um governo"""". No #Es‚Ä¶",0,0.0,0.0,Unknown,Unknown,Unknown,Unknown,Unknown
jeanwyllys_real,09/09/2015 01:40:08,Assista ao vivo a entrevista de @jeanwyllys_real no #Espa√ßoP√∫blico da @TVBrasil e envie suas perguntas: http://t.co/tQRWLYr2v2 ASCOM,5,0.0,0.0,Unknown,Unknown,Unknown,Unknown,Unknown
jeanwyllys_real,09/09/2015 01:22:21,"RT @TVBrasil: """"Eu venci uma elei√ß√£o financiada por pessoas f√≠sicas, que acreditaram em mim. Isso mostra que √© poss√≠vel!"""" diz @jeanwyllys_re‚Ä¶",0,0.0,0.0,Unknown,Unknown,Unknown,Unknown,Unknown
jeanwyllys_real,09/09/2015 01:21:50,"RT @TVBrasil: """"A gente n√£o pode dizer que toda comunidade evang√©lica √© fundamentalista"""" afirma od eputado @jeanwyllys_real agora no #Espa√ßo‚Ä¶",0,0.0,0.0,Unknown,Unknown,Unknown,Unknown,Unknown
jeanwyllys_real,09/09/2015 01:18:05,Acontecendo agora: entrevista ao vivo no #Espa√ßoP√∫blico da TV Brasil. Participe e envie suas perguntas.  ;)   ASCOM http://t.co/8tE0JvLSWK,11,0.0,0.0,Unknown,Unknown,Unknown,Unknown,Unknown
jeanwyllys_real,09/09/2015 01:17:59,"RT @TVBrasil: """"Eu sempre desconfio de moralistas que fazem barulho e apontam o dedo. Sempre acho que escondem alguma coisa"""" afirma @jeanwyl‚Ä¶",0,0.0,0.0,Unknown,Unknown,Unknown,Unknown,Unknown
jeanwyllys_real,09/09/2015 01:08:30,RT @TVBrasil: Acompanhe agora a entrevista com @jeanwyllys_real ‚Äã no #Espa√ßoP√∫blico e envie suas perguntas! http://t.co/qUPlod5QiF,0,0.0,0.0,Unknown,Unknown,Unknown,Unknown,Unknown
jeanwyllys_real,09/09/2015 01:04:44,"RT @samiroliveira: aguardando a entrevista do @jeanwyllys_real ao programa """"espa√ßo p√∫blico"""", na @TVBrasil. a √∫ltima vez que assisti foi com‚Ä¶",0,0.0,0.0,Unknown,Unknown,Unknown,Unknown,Unknown
jeanwyllys_real,09/09/2015 00:53:34,RT @TVBrasil: Quer mandar sua pergunta para o deputado @jeanwyllys_real? Use a hashtag #Espa√ßoP√∫blico  http://t.co/9zMTszeSJN http://t.co/O‚Ä¶,0,0.0,0.0,Unknown,Unknown,Unknown,Unknown,Unknown
jeanwyllys_real,09/09/2015 00:53:30,"RT @TVBrasil: Logo mais, √†s 22h, come√ßa o #Espa√ßoP√∫blico com o deputado @jeanwyllys_real. Participe! http://t.co/9zMTszeSJN http://t.co/ETP‚Ä¶",0,0.0,0.0,Unknown,Unknown,Unknown,Unknown,Unknown
jeanwyllys_real,08/09/2015 23:27:02,RT @TVBrasil: .@jeanwyllys_real vai comentar o discurso de √≥dio que ronda a esfera pol√≠tica no pa√≠s. √Äs 22h http://t.co/9zMTszeSJN http://t‚Ä¶,0,0.0,0.0,Unknown,Unknown,Unknown,Unknown,Unknown
jeanwyllys_real,08/09/2015 23:11:03,"RT @aesantana: Hoje tem @jeanwyllys_real no Espa√ßo P√∫blico, da TV Brasil: http://t.co/pRFsqaPMTb",0,0.0,0.0,Unknown,Unknown,Unknown,Unknown,Unknown
jeanwyllys_real,08/09/2015 19:31:16,RT @revistaforum: Quem tem medo de @jeanwyllys_real? Por @MuriloCleto. http://t.co/dfY1egW4W7,0,0.0,0.0,Unknown,Unknown,Unknown,Unknown,Unknown
jeanwyllys_real,08/09/2015 18:11:38,RT @TVBrasil: √Äs 22h o #Espa√ßoP√∫blico entrevista o deputado federal @jeanwyllys_real. Participe! http://t.co/9zMTszeSJN http://t.co/N11haPs‚Ä¶,0,0.0,0.0,Unknown,Unknown,Unknown,Unknown,Unknown
jeanwyllys_real,08/09/2015 17:44:49,Jean Wyllys √© o entrevistado de hoje no programa #Espa√ßoP√∫blico da @TVBrasil: http://t.co/5bVrC9HHIP √Äs 22h! ASCOM http://t.co/ftJHSo5rhX,13,0.0,0.0,Unknown,Unknown,Unknown,Unknown,Unknown
jeanwyllys_real,08/09/2015 15:28:50,"@andrevaz_med @MuriloCleto Para n√≥s, fazer pol√≠tica √© debater ideias de forma honesta. Campanha difamat√≥ria n√£o √© pol√≠tica, √© crime. ASCOM",0,0.0,0.0,Unknown,Unknown,Unknown,Unknown,Unknown
jeanwyllys_real,08/09/2015 15:24:05,"""""E voc√™, tem medo do qu√™?"""": http://t.co/zGSr9qaA1b Por @MuriloCleto na @revistaforum desta semana. (ASCOM) http://t.co/GzgQVRoQus",12,0.0,0.0,Unknown,Unknown,Unknown,Unknown,Unknown
jeanwyllys_real,08/09/2015 15:15:43,"RT @MuriloCleto: Na @revistaforum desta semana, que come√ßa a circular hoje, recorro a Delumeau pra explicar o √≥dio a @jeanwyllys_real: http‚Ä¶",0,0.0,0.0,Unknown,Unknown,Unknown,Unknown,Unknown
jeanwyllys_real,08/09/2015 02:01:39,RT @gian_lemes: Gostei de um v√≠deo @YouTube de @jeanwyllys_real http://t.co/aarSYiSThH Porte de drogas para o consumo pessoal - Brasil em D‚Ä¶,0,0.0,0.0,Unknown,Unknown,Unknown,Unknown,Unknown
jeanwyllys_real,08/09/2015 01:00:17,Digo e repito: devemos debater sobre drogas l√≠citas e il√≠citas pautados no conhecimento e n√£o no senso comum: http://t.co/v8HyefGi20,27,0.0,0.0,Unknown,Unknown,Unknown,Unknown,Unknown
jeanwyllys_real,08/09/2015 00:02:14,RT @LuizHalan: Gostei de um v√≠deo @YouTube de @jeanwyllys_real http://t.co/Zbc6WGUbqr Porte de drogas para o consumo pessoal - Brasil em De‚Ä¶,0,0.0,0.0,Unknown,Unknown,Unknown,Unknown,Unknown
jeanwyllys_real,07/09/2015 23:59:52,Que bom que gostou. Esse debate sobre porte de drogas p/ consumo pessoal j√° est√° no YT: http://t.co/v8HyefGi20 ASCOM https://t.co/ywNEDerpBj,9,0.0,0.0,Unknown,Unknown,Unknown,Unknown,Unknown
jeanwyllys_real,07/09/2015 23:48:50,Esses s√£o os meus sonhos para o futuro. Quais s√£o os seus? https://t.co/5oc5z8gazU,4,0.0,0.0,Unknown,Unknown,Unknown,Unknown,Unknown
jeanwyllys_real,07/09/2015 23:35:21,RT @almeidathais__: @jeanwyllys_real depoimento INCR√çVEL no doc favela gay.  üëè‚ù§üåà,0,0.0,0.0,Unknown,Unknown,Unknown,Unknown,Unknown
jeanwyllys_real,07/09/2015 23:29:23,"RT @tartagIia: Muito bom o document√°rio """"Favela Gay"""", com Carlinhos do Salgueiro e @jeanwyllys_real, que t√° passando agora no Canal Brasil.‚Ä¶",0,0.0,0.0,Unknown,Unknown,Unknown,Unknown,Unknown
jeanwyllys_real,07/09/2015 23:26:58,Fiquem ligad@s nos dias de reprise do #FavelaGay no @sigacanalbrasil. https://t.co/yCxrVR90e9  (ASCOM) http://t.co/rYSjJ7HxX5,14,0.0,0.0,Unknown,Unknown,Unknown,Unknown,Unknown
jeanwyllys_real,07/09/2015 23:24:26,RT @Marvircos: A quest√£o da diversidade dentro da diversidade que o @jeanwyllys_real  coloca no document√°rio #FavelaGay precisa ser mais di‚Ä¶,0,0.0,0.0,Unknown,Unknown,Unknown,Unknown,Unknown
jeanwyllys_real,07/09/2015 23:21:21,@xpacemonkey Obrigado pelo carinho e pela for√ßa. &lt;3 Nos motiva a seguir na luta. (ASCOM),1,0.0,0.0,Unknown,Unknown,Unknown,Unknown,Unknown
jeanwyllys_real,07/09/2015 23:20:42,@AmandaSaiaBamba No document√°rio a fala foi sobre as pessoas que buscam ajuda para o sofrimento e n√£o dos profissionais que ajudam (ASCOM),0,0.0,0.0,Unknown,Unknown,Unknown,Unknown,Unknown
jeanwyllys_real,07/09/2015 23:15:23,@xpacemonkey Ainda n√£o. Mas a p√°gina do doc. no Facebook disse que informar√° quando estiver dispon√≠vel. ;) https://t.co/M6ZENZTnRj (ASCOM),1,0.0,0.0,Unknown,Unknown,Unknown,Unknown,Unknown
jeanwyllys_real,07/09/2015 23:14:17,"@AmandaSaiaBamba N√£o √© isso que acham os psic√≥logos e as psic√≥logas que defendem a """"cura gay"""". (ASCOM)",0,0.0,0.0,Unknown,Unknown,Unknown,Unknown,Unknown
jeanwyllys_real,07/09/2015 23:13:19,RT @Almeidaky1: Fala did√°tica e esclarecedora de @jeanwyllys_real no document√°rio #FavelaGay agora no @sigacanalbrasil A experi√™ncia das pe‚Ä¶,0,0.0,0.0,Unknown,Unknown,Unknown,Unknown,Unknown
jeanwyllys_real,07/09/2015 23:12:38,"RT @JachsonBispo: #FavelaGay: varias hist√≥rias e √∫nico desejo abordar preconceito, homofobia e aceita√ß√£o familiar agora no #canalbrasil com‚Ä¶",0,0.0,0.0,Unknown,Unknown,Unknown,Unknown,Unknown
jeanwyllys_real,07/09/2015 23:12:23,@marzio_sabino &lt;3 (ASCOM),0,0.0,0.0,Unknown,Unknown,Unknown,Unknown,Unknown
jeanwyllys_real,07/09/2015 23:11:29,@Catarina_RR Por enquanto s√≥ est√° dispon√≠vel na TV paga. Mas a p√°gina do document√°rio no Facebook divulgar√° quando ficar online. ASCOM,0,0.0,0.0,Unknown,Unknown,Unknown,Unknown,Unknown
jeanwyllys_real,07/09/2015 23:10:20,RT @wericksonreis_: @jeanwyllys_real Estou adorando o document√°rio #FavelaGay,0,0.0,0.0,Unknown,Unknown,Unknown,Unknown,Unknown
jeanwyllys_real,07/09/2015 23:09:26,"RT @galvaojr19: √â exatamente isso: """"Vc encontrar pessoas como vc no mundo, faz um bem para a sa√∫de ps√≠quica"""".@jeanwyllys_real  no @canalbra‚Ä¶",0,0.0,0.0,Unknown,Unknown,Unknown,Unknown,Unknown
jeanwyllys_real,07/09/2015 23:08:07,"""""A sa√≠da para o sofrimento ps√≠quico n√£o √© buscar terapia para refor√ßar a opress√£o, mas para sair da vergonha pro orgulho."""" #FavelaGay ASCOM",26,0.0,0.0,Unknown,Unknown,Unknown,Unknown,Unknown
jeanwyllys_real,07/09/2015 23:07:02,"RT @AnaSanches: """"N√≥s somos considerados invertidos"""" @jeanwyllys_real #FavelaGay",0,0.0,0.0,Unknown,Unknown,Unknown,Unknown,Unknown
jeanwyllys_real,07/09/2015 23:05:08,"""""Meu irm√£o podia expressar o desejo dele com 15 anos de idade. Eu n√£o podia falar pq corria o risco de levar murro na cara"""" #FavelaGay ASCOM",11,0.0,0.0,Unknown,Unknown,Unknown,Unknown,Unknown
jeanwyllys_real,07/09/2015 22:53:23,RT @Almeidaky1: Muito bom o document√°rio #FavelaGay no @sigacanalbrasil agora. https://t.co/yEZg3HFpOV,0,0.0,0.0,Unknown,Unknown,Unknown,Unknown,Unknown
jeanwyllys_real,07/09/2015 22:53:05,"@davysales O filme ainda n√£o est√° dispon√≠vel online, Davy. Mas a p√°gina #FavelaGay no Face disse que divulgar√° assim que ficar. ASCOM",0,0.0,0.0,Unknown,Unknown,Unknown,Unknown,Unknown
jeanwyllys_real,07/09/2015 22:42:20,Quem tamb√©m est√° assistindo agora ao document√°rio #FavelaGay no @sigacanalbrasil d√° RT! \o/ (ASCOM) http://t.co/6gcyx1e441,16,0.0,0.0,Unknown,Unknown,Unknown,Unknown,Unknown
jeanwyllys_real,07/09/2015 22:21:07,√Äs 19h30 o @sigacanalbrasil exibe o document√°rio #FavelaGay. Peguem a pipoca! Come√ßa daqui a pouco. =) ASCOM http://t.co/744Xsp6aXe,38,0.0,0.0,Unknown,Unknown,Unknown,Unknown,Unknown
jeanwyllys_real,07/09/2015 22:03:29,"RT @sigacanalbrasil: √Äs 19h30, o document√°rio """"Favela Gay"""" d√° voz ao povo #LGBT das comunidades cariocas: http://t.co/nM0cdOmm21",0,0.0,0.0,Unknown,Unknown,Unknown,Unknown,Unknown
jeanwyllys_real,07/09/2015 20:40:30,"""""Dos filhos deste solo, √©s m√£e gentil, p√°tria amada, Brasil""""  [Os Guarani-Kaiow√° tiveram a‚Ä¶ https://t.co/1JlRjxmYOU",12,0.0,0.0,Unknown,Unknown,Unknown,Unknown,Unknown
jeanwyllys_real,07/09/2015 20:04:14,Professores/as est√£o sendo intimidad@s a n√£o educarem p/ o respeito √† igualdade e diversidade http://t.co/37AyQhT2PX http://t.co/R6OYQ1SMbY,39,0.0,0.0,Unknown,Unknown,Unknown,Unknown,Unknown
jeanwyllys_real,07/09/2015 17:50:34,"""""A guerra √© um massacre entre pessoas que n√£o se conhecem para proveito de pessoas que se conhecem‚Ä¶ https://t.co/EIvKSkuf7H",21,0.0,0.0,Unknown,Unknown,Unknown,Unknown,Unknown
jeanwyllys_real,07/09/2015 15:43:29,"RT @congemfoco: Pr√™mio Congresso em Foco ‚Äòsepara joio de trigo‚Äô, diz Jean Wyllys http://t.co/rUX53PP8Dd. #PremioCongEmFoco2015 http://t.co/‚Ä¶",0,0.0,0.0,Unknown,Unknown,Unknown,Unknown,Unknown
jeanwyllys_real,07/09/2015 15:27:49,"Gritemos o grito dos exclu√≠dos,para que tod@s saibam qual a verdadeira independ√™ncia que buscamos: http://t.co/xtJmuFOtf0 #7DeSetembro",18,0.0,0.0,Unknown,Unknown,Unknown,Unknown,Unknown
jeanwyllys_real,07/09/2015 03:04:10,Nesta segunda a TV C√¢mara reprisa o debate sobre porte de drogas para o consumo pessoal. Confira os hor√°rios! ASCOM http://t.co/acIaytstRb,3,0.0,0.0,Unknown,Unknown,Unknown,Unknown,Unknown
jeanwyllys_real,07/09/2015 02:06:49,RT @beatbeatt: @jeanwyllys_real ai foi lindo &lt;333333,0,0.0,0.0,Unknown,Unknown,Unknown,Unknown,Unknown
jeanwyllys_real,07/09/2015 02:00:45,"@jyzonh Outras oportunidades vir√£o, querido. N√£o fica triste! &lt;3 (ASCOM)",1,0.0,0.0,Unknown,Unknown,Unknown,Unknown,Unknown
jeanwyllys_real,07/09/2015 01:43:22,"@jyzonh Quando for acontecer alguma atividade em Belford Roxo ou regi√£o, te avisamos por aqui. ;) (ASCOM)",1,0.0,0.0,Unknown,Unknown,Unknown,Unknown,Unknown
jeanwyllys_real,07/09/2015 01:09:10,RT @Amilcar_Bernard: Gostei de um v√≠deo @YouTube de @jeanwyllys_real http://t.co/dGLQ6qo1bh Jean Wyllys explica a origem dos direitos human‚Ä¶,0,0.0,0.0,Unknown,Unknown,Unknown,Unknown,Unknown
jeanwyllys_real,07/09/2015 01:08:20,"Assista ao programa pol√≠tico de 2015 do @PSOLOficial, exibido em cadeia nacional de TV na √∫ltima semana: https://t.co/dZHYLid7Jb (ASCOM)",4,0.0,0.0,Unknown,Unknown,Unknown,Unknown,Unknown
jeanwyllys_real,07/09/2015 00:25:05,RT @chiconob: Juiz manda rapaz q destilou √≥dio homofobico contra @jeanwyllys_real prestar servi√ßos em institui√ß√£o q cuida de LGBTS: http://‚Ä¶,0,0.0,0.0,Unknown,Unknown,Unknown,Unknown,Unknown
jeanwyllys_real,06/09/2015 23:57:54,"RT @andredefreitas: @jeanwyllys_real e nas m√£os """"OUTRA -- Poesia reunida no Sarau Manguinhos"""". Confere a√≠ o poema """"exu"""". http://t.co/YbRM26‚Ä¶",0,0.0,0.0,Unknown,Unknown,Unknown,Unknown,Unknown
jeanwyllys_real,06/09/2015 23:56:11,RT @folha: Pol√≠tica esquenta a Bienal do Livro do Rio neste domingo. http://t.co/Zm5APP7LR4,0,0.0,0.0,Unknown,Unknown,Unknown,Unknown,Unknown
jeanwyllys_real,06/09/2015 22:43:03,Um registro na @bienaldolivro ap√≥s o #Caf√©Liter√°rio sobre a situa√ß√£o pol√≠tica atual. Obrigado a tod@s! #BienalRio http://t.co/vUn5IIH8cN,2,0.0,0.0,Unknown,Unknown,Unknown,Unknown,Unknown
jeanwyllys_real,06/09/2015 21:09:51,#PSOL10Anos - √â tempo de celebrar uma d√©cada de luta. Saiba mais sobre as comemora√ß√µes preparadas pelo @Psolnacamara http://t.co/aatfNAguC3,2,0.0,0.0,Unknown,Unknown,Unknown,Unknown,Unknown
jeanwyllys_real,06/09/2015 19:55:59,RT @rafapazinato: Pra mim a melhor da semana foi o cara q amea√ßou o @jeanwyllys_real ser condenado a prestar serv comunit em entidade q ass‚Ä¶,0,0.0,0.0,Unknown,Unknown,Unknown,Unknown,Unknown
jeanwyllys_real,06/09/2015 19:01:10,Acabam HOJE as inscri√ß√µes para a X Semana de Historia Pol√≠tica da UERJ. Corre l√°: http://t.co/aaSfkbci37  ASCOM http://t.co/YfJjU1RYkX,5,0.0,0.0,Unknown,Unknown,Unknown,Unknown,Unknown
jeanwyllys_real,06/09/2015 18:01:12,"RT @Suxbernardo: O cara acreditou numa mat√©ria do @sensacionalista , amea√ßou o dep. Jean Wyllys e agora foi condenado http://t.co/uMnzSTyYqb",0,0.0,0.0,Unknown,Unknown,Unknown,Unknown,Unknown
jeanwyllys_real,06/09/2015 17:01:02,"Em reuni√£o com Rodrigo Janot, parlamentares do PSOL pedem afastamento de Eduardo Cunha: http://t.co/DGpQsiV3Nf ASCOM http://t.co/SjOeN2txzG",20,0.0,0.0,Unknown,Unknown,Unknown,Unknown,Unknown
jeanwyllys_real,06/09/2015 15:01:13,"Mais um massacre contra o povo ind√≠gena, e mais um constrangedor sil√™ncio no Congresso: http://t.co/YclTastJpj http://t.co/nMAHjEghYF",59,0.0,0.0,Unknown,Unknown,Unknown,Unknown,Unknown
jeanwyllys_real,06/09/2015 13:00:55,"Daqui a pouco, √†s 15h30, participo do Caf√© Liter√°rio c/ sess√£o de aut√≥grafos na @bienaldolivro http://t.co/KrLQQ5gtqw http://t.co/pqwofGMKyy",4,0.0,0.0,Unknown,Unknown,Unknown,Unknown,Unknown
jeanwyllys_real,06/09/2015 02:01:44,"Uma decis√£o exemplar para quem acredita que pode fazer cal√∫nias, amea√ßas de morte, na internet, e ficar impune: http://t.co/OGWxTzpe6S",40,0.0,0.0,Unknown,Unknown,Unknown,Unknown,Unknown
jeanwyllys_real,06/09/2015 01:17:12,Que todas as crian√ßas do mundo possam ter futuro e cantar! Que nos desperte compaix√£o a m√∫sica de suas vidas plenas https://t.co/PVP0aQOxoi,12,0.0,0.0,Unknown,Unknown,Unknown,Unknown,Unknown
jeanwyllys_real,06/09/2015 00:14:28,"Amanh√£, √†s 15h30, participo do Caf√© Liter√°rio com sess√£o de aut√≥grafos na @bienaldolivro: http://t.co/cOXvUkgbIM http://t.co/qijV9Jdd8I",4,0.0,0.0,Unknown,Unknown,Unknown,Unknown,Unknown
jeanwyllys_real,06/09/2015 00:09:09,@wcalbkd Agradecemos pelo apoio e confian√ßa. &lt;3 (ASCOM),0,0.0,0.0,Unknown,Unknown,Unknown,Unknown,Unknown
jeanwyllys_real,05/09/2015 23:33:30,"RT @gondimricardo: Se voc√™ visse sua cidade, o lugar onde enterrou o umbigo, reduzida a isso, n√£o procuraria outro lugar para viver? http:/‚Ä¶",0,0.0,0.0,Unknown,Unknown,Unknown,Unknown,Unknown
jeanwyllys_real,05/09/2015 22:41:17,"RT @ValnorHenriques: Que todos fa√ßam isto, pois √© tanta mentira que √© necess√°rio verificar. Link abaixo permite.   https://t.co/elsYJAIkp8",0,0.0,0.0,Unknown,Unknown,Unknown,Unknown,Unknown
jeanwyllys_real,05/09/2015 21:53:29,RT @LuizHelson: Parab√©ns @jeanwyllys_real ! Rebatendo bem as cr√≠ticas e as cal√∫nias! T√¥ contigo! https://t.co/w940qAmMuU,0,0.0,0.0,Unknown,Unknown,Unknown,Unknown,Unknown
jeanwyllys_real,05/09/2015 21:22:15,"@_gaabrieldias Estamos juntos, Gabriel! ;) (ASCOM)",1,0.0,0.0,Unknown,Unknown,Unknown,Unknown,Unknown
jeanwyllys_real,05/09/2015 21:09:15,RT @Firenzzy: Triste saber que existem pessoas que acreditam em qualquer bobagem podendo consultar a fonte... #Lamentavel https://t.co/5ZrE‚Ä¶,0,0.0,0.0,Unknown,Unknown,Unknown,Unknown,Unknown
jeanwyllys_real,05/09/2015 21:08:47,@_gaabrieldias Estamos em busca de uma audi√™ncia com o Minist√©rio da Sa√∫de para tentar por fim a essa portaria: http://t.co/F1pGX8CIpc ASCOM,1,0.0,0.0,Unknown,Unknown,Unknown,Unknown,Unknown
jeanwyllys_real,05/09/2015 21:00:54,Temos muito sangue que poderia estar na veia de quem precisa. Assine e d√™ RT! http://t.co/FMNC0kH5kp #igualdadeNaVeia http://t.co/FSPR2frQvn,74,0.0,0.0,Unknown,Unknown,Unknown,Unknown,Unknown
jeanwyllys_real,05/09/2015 20:52:41,RT @leocecchelero: @jeanwyllys_real hahahahah √© povo acreditando em qualquer coisa que v√™ pela frente! Ser√° que j√° viram disco voador tbm?,0,0.0,0.0,Unknown,Unknown,Unknown,Unknown,Unknown
jeanwyllys_real,05/09/2015 20:46:23,"Isso √© uma """"piada"""" que transformaram em cal√∫nia. Cuidado ao acreditar em tudo que l√™: http://t.co/IqwFpJB9wx ASCOM https://t.co/oKQXjadXhO",15,0.0,0.0,Unknown,Unknown,Unknown,Unknown,Unknown
jeanwyllys_real,05/09/2015 20:35:49,A bancada do @PSOLOficial repudia os ataques contra os Guarani Kaiow√° e cobra urgente interven√ß√£o do governo federal: http://t.co/tPbqMbX6ui,27,0.0,0.0,Unknown,Unknown,Unknown,Unknown,Unknown
jeanwyllys_real,05/09/2015 19:00:53,O Pr√™mio Congresso Em Foco est√° de volta e as vota√ß√µes j√° est√£o abertas: https://t.co/UKiKqmjBGT  (ASCOM) http://t.co/sIOKRkGl5g,9,0.0,0.0,Unknown,Unknown,Unknown,Unknown,Unknown
jeanwyllys_real,05/09/2015 17:00:44,J√° havia alertado sobre a queda na qualidade de ensino em benef√≠cio das margens de lucro dos grupos educacionais: https://t.co/FCyEe48lni,6,0.0,0.0,Unknown,Unknown,Unknown,Unknown,Unknown
jeanwyllys_real,05/09/2015 15:00:28,Sabiam que as suas fam√≠lias correm o risco de perder a prote√ß√£o do Estado? D√™ RT e diga: #MinhaFamiliaExiste https://t.co/sWeF9DsLTW,23,0.0,0.0,Unknown,Unknown,Unknown,Unknown,Unknown
jeanwyllys_real,05/09/2015 15:00:24,RT @redebrasilatual: Internauta que amea√ßou Jean Wyllys de morte √© condenado a servi√ßo comunit√°rio http://t.co/DcjfeHwDTp http://t.co/iWCEj‚Ä¶,0,0.0,0.0,Unknown,Unknown,Unknown,Unknown,Unknown
jeanwyllys_real,05/09/2015 14:59:40,RT @revistaforum: Internauta que amea√ßou Jean Wyllys de morte √© condenado pela Justi√ßa http://t.co/tdJMJ1vYn6 http://t.co/pjBGJ3LhNg,0,0.0,0.0,Unknown,Unknown,Unknown,Unknown,Unknown
jeanwyllys_real,05/09/2015 14:55:27,RT @brasilpost: Internauta amea√ßa Jean Wyllys no Facebook e √© condenado http://t.co/qlYBtuo000 http://t.co/0EahP3X8C9,0,0.0,0.0,Unknown,Unknown,Unknown,Unknown,Unknown
jeanwyllys_real,05/09/2015 14:50:07,"RT @cartacapital: Uma decis√£o exemplar da justi√ßa em caso de cal√∫nias, amea√ßas de morte e √≥dio homof√≥bico. Por @jeanwyllys_real",0,0.0,0.0,Unknown,Unknown,Unknown,Unknown,Unknown
jeanwyllys_real,05/09/2015 13:01:18,"Se muitos ignoravam ou clamavam por muros, hoje j√° n√£o podem se fazer de indiferentes: http://t.co/31AXpAdZYI http://t.co/qxQqvYx3FF",33,0.0,0.0,Unknown,Unknown,Unknown,Unknown,Unknown
jeanwyllys_real,05/09/2015 01:19:28,RT @ari_junior80: Parab√©ns @jeanwyllys_real pelo posicionamento intelectual sobre o combate ou legaliza√ß√£o da maconha. Obs.: nunca fui usu√°‚Ä¶,0,0.0,0.0,Unknown,Unknown,Unknown,Unknown,Unknown
jeanwyllys_real,04/09/2015 23:51:44,RT @lpcastroo: assistindo a @tvcamara e o debate sobre o problema das drogas. Parab√©ns @jeanwyllys_real pela lucidez üëèüèª,0,0.0,0.0,Unknown,Unknown,Unknown,Unknown,Unknown
jeanwyllys_real,04/09/2015 23:42:03,RT @mariagiassi: Acompanhando o @jeanwyllys_real na TV C√¢mara. O mundo precisa de pessoas como ele.,0,0.0,0.0,Unknown,Unknown,Unknown,Unknown,Unknown
jeanwyllys_real,04/09/2015 23:39:14,"""""O debate em torno das drogas l√≠citas e il√≠citas tem que ser pautado no conhecimento"""": http://t.co/lBOkEZ6tha ASCOM http://t.co/hYmy0T12Ar",11,0.0,0.0,Unknown,Unknown,Unknown,Unknown,Unknown
jeanwyllys_real,04/09/2015 23:35:09,"""""Est√° na hora de reconhecermos que a pol√≠tica de guerra √†s drogas √© falida"""": #TVCamara http://t.co/lBOkEZ6tha ASCOM http://t.co/qBtqIME2C0",21,0.0,0.0,Unknown,Unknown,Unknown,Unknown,Unknown
jeanwyllys_real,04/09/2015 23:24:18,Em instantes debato na TV C√¢mara sobre o porte de drogas para consumo pessoal. Assista aqui: http://t.co/lBOkEZ6tha http://t.co/PMJATJIXE7,6,0.0,0.0,Unknown,Unknown,Unknown,Unknown,Unknown
jeanwyllys_real,04/09/2015 23:04:55,RT @lucasconcet: Melhor not√≠cia do dia! Qui√ß√° tenha uma posi√ß√£o mais pac√≠fica com a causa gay depois dos servi√ßos volunt√°rios. https://t.co‚Ä¶,0,0.0,0.0,Unknown,Unknown,Unknown,Unknown,Unknown
jeanwyllys_real,04/09/2015 22:56:39,RT @PSOLOficial: Internauta √© condenado por compartilhar ofensas e amea√ßa de morte contra @jeanwyllys_real. Saiba mais: http://t.co/udhsREj‚Ä¶,0,0.0,0.0,Unknown,Unknown,Unknown,Unknown,Unknown
jeanwyllys_real,04/09/2015 22:52:10,"RT @cartacapital: Decis√£o exemplar da justi√ßa do Natal em um caso de cal√∫nias, amea√ßas de morte e √≥dio homof√≥bico| Por @jeanwyllys_real htt‚Ä¶",0,0.0,0.0,Unknown,Unknown,Unknown,Unknown,Unknown
jeanwyllys_real,04/09/2015 22:46:49,Me amea√ßou de morte e agora ter√° que prestar servi√ßos comunit√°rios para LGBTs vulner√°veis: http://t.co/SsJg7jbPjk http://t.co/BxKRWghhlX,189,0.0,0.0,Unknown,Unknown,Unknown,Unknown,Unknown
jeanwyllys_real,04/09/2015 19:03:15,"N√£o exclua mais da metade das fam√≠lias da nossa sociedade, @RollembergPSB.  #VetaRollemberg http://t.co/0q6lN905we http://t.co/LsJ2lJHcXX",32,0.0,0.0,Unknown,Unknown,Unknown,Unknown,Unknown
jeanwyllys_real,04/09/2015 16:32:47,"Domingo, dia 6, participo do Caf√© Liter√°rio com sess√£o de aut√≥grafos na @bienaldolivro do Rio http://t.co/cOXvUkgbIM http://t.co/LLysCr5ikd",4,0.0,0.0,Unknown,Unknown,Unknown,Unknown,Unknown
jeanwyllys_real,04/09/2015 14:10:41,"Acontecendo agora: mesa """"Estado, religi√£o e sexualidade"""", no I Cong Int e V Cong Nacional de Direito Homoafetivo. http://t.co/vCGQgdQElw",16,0.0,0.0,Unknown,Unknown,Unknown,Unknown,Unknown
jeanwyllys_real,04/09/2015 01:58:48,"RT @PSOLOficial: Em reuni√£o com Rodrigo Janot, parlamentares do PSOL pedem afastamento de Eduardo Cunha. Leia mais: http://t.co/9tU5Fxa0qw",0,0.0,0.0,Unknown,Unknown,Unknown,Unknown,Unknown
jeanwyllys_real,04/09/2015 00:52:22,Cunha avan√ßa nos seus planos de aparelhamento da TV C√¢mara: http://t.co/gXCpKDgQns Temos que estar bem despert@s! http://t.co/DnXOGjVWGZ,12,0.0,0.0,Unknown,Unknown,Unknown,Unknown,Unknown
jeanwyllys_real,03/09/2015 21:30:23,O charlatanismo travestido de f√© √© uma grave amea√ßa √† sa√∫de p√∫blica: http://t.co/ckWx0m4hDD http://t.co/XbxAThNccn,36,0.0,0.0,Unknown,Unknown,Unknown,Unknown,Unknown
jeanwyllys_real,03/09/2015 19:20:55,"RT @PSOLOficial: Dez anos de luta, combatividade e coer√™ncia! Saiba mais sobre as comemora√ß√µes: http://t.co/wM8NMSI2tB http://t.co/yNgBUdDk‚Ä¶",0,0.0,0.0,Unknown,Unknown,Unknown,Unknown,Unknown
jeanwyllys_real,03/09/2015 17:19:56,"RT @folha: Janot foi receptivo a pedido de afastamento de Cunha, diz PSOL. http://t.co/JrfWQjmQR4",0,0.0,0.0,Unknown,Unknown,Unknown,Unknown,Unknown
jeanwyllys_real,03/09/2015 16:32:44,"Em reuni√£o com Janot, entregamos o pedido de afastamento de Cunha da presid√™ncia da C√¢mara: http://t.co/mcGYpdZIsJ http://t.co/ThmGT6ruM9",60,0.0,0.0,Unknown,Unknown,Unknown,Unknown,Unknown
jeanwyllys_real,03/09/2015 02:51:17,"""""Os refugiados s√£o nossos futuros maridos e mulheres, melhores amigos ou almas g√™meas. Eles s√£o os‚Ä¶ https://t.co/rHVs14MA38",16,0.0,0.0,Unknown,Unknown,Unknown,Unknown,Unknown
jeanwyllys_real,02/09/2015 23:32:47,RT @srBeholder: Meu voto nas √∫ltimas e pr√≥ximas elei√ß√µes: https://t.co/BSkgudFjdw cc @depChicoAlencar @jeanwyllys_real,0,0.0,0.0,Unknown,Unknown,Unknown,Unknown,Unknown
jeanwyllys_real,02/09/2015 21:45:56,"Se muitos ignoravam ou clamavam por muros, hoje j√° n√£o podem se fazer de indiferentes: https://t.co/ZzPdzIcyZK http://t.co/vlCWzpU301",70,0.0,0.0,Unknown,Unknown,Unknown,Unknown,Unknown
