LucasPenido,17/09/2015 01:14:48,Ahhhhhhhh..200 jogos! A√≠ sim! S√£o Victor √© o cara! #GALO,0,0.0,0.0,Unknown,Unknown,Unknown,Unknown
LucasPenido,17/09/2015 01:13:21,Eu entendi certo ou a comentarista do @canalpremiere falou que o Victor completou 20 jogos com a camisa do Atl√©tico?! Rsrs.,0,0.0,0.0,Unknown,Unknown,Unknown,Unknown
LucasPenido,17/09/2015 00:55:25,"""""O que os editores do THE HYPE BR est√£o escutando?"""" - Edi√ß√£o Set/2015: http://t.co/xY98LWJ5ni via @YouTube",0,0.0,0.0,Unknown,Unknown,Unknown,Unknown
LucasPenido,16/09/2015 23:06:45,"""""Tirashi"""" üëåüèºüòã @ Restaurante Hokkaido https://t.co/AegmxA55ti",0,0.0,0.0,Unknown,Unknown,Unknown,Unknown
LucasPenido,16/09/2015 22:14:03,"Prestigiando a preview da nova cole√ß√£o de Ver√£o atemporal 2016, da querid√≠ssima SONIA PINTO‚Ä¶ https://t.co/zA7NniyrCj",0,0.0,0.0,Unknown,Unknown,Unknown,Unknown
LucasPenido,16/09/2015 20:25:58,Oque os editores do @lucaspenido est√£o escutando? Voc√™ saber√° logo mais no video que vai ao ar em‚Ä¶ https://t.co/6Hp06KAYzc,0,0.0,0.0,Unknown,Unknown,Unknown,Unknown
LucasPenido,16/09/2015 00:38:09,Mais uma foto do Adidas Originals x Pharrell Williams - Supershell x Mr.  O modelo que aterrizou em‚Ä¶ https://t.co/vFry2YdkEV,0,0.0,0.0,Unknown,Unknown,Unknown,Unknown
LucasPenido,15/09/2015 21:35:06,New Ink!  Homenagem a 8a maravilha do mundo: STEVIE WONDER!  Escolhi a foto de sua capa mais‚Ä¶ https://t.co/58IZJnSu9n,0,0.0,0.0,Unknown,Unknown,Unknown,Unknown
LucasPenido,15/09/2015 18:56:33,A outra coxa! üòÅüòÅüòÅüòì (fotos em breve!) @ Classic Tattoo https://t.co/KKIgEQPBiM,0,0.0,0.0,Unknown,Unknown,Unknown,Unknown
LucasPenido,15/09/2015 16:21:58,Boooy! Look what just came in! Adidas Originals x Pharrell Williams - Supershell x Mr.   O modelo‚Ä¶ https://t.co/1M9txFZLKe,2,0.0,0.0,Unknown,Unknown,Unknown,Unknown
LucasPenido,14/09/2015 20:28:27,Visitando a monnalisa_official com o Benji boy e a @gutacalmon! Que baby boutique LINDA! @ Monnalisa‚Ä¶ https://t.co/QHCBSrdm1o,0,0.0,0.0,Unknown,Unknown,Unknown,Unknown
LucasPenido,14/09/2015 19:21:08,Half boy/Half Skater! Ele que escolheu o look! Benji boy e a aniversariante do dia! Meu mundo e nada‚Ä¶ https://t.co/KG18lMgeuq,0,0.0,0.0,Unknown,Unknown,Unknown,Unknown
LucasPenido,14/09/2015 14:56:59,"J√° dizia Walt Disney: """"Se voc√™ consegue sonhar algo, consegue realiz√°-lo""""  √â com essa filosofia em‚Ä¶ https://t.co/lp3Ceok9jZ",0,0.0,0.0,Unknown,Unknown,Unknown,Unknown
LucasPenido,14/09/2015 11:38:02,"Hoje √© o dia dela! Melhor esposa e m√£e que algu√©m poderia desejar! N√£o diria escolher, pois se eu‚Ä¶ https://t.co/8NOV1yof84",0,0.0,0.0,Unknown,Unknown,Unknown,Unknown
LucasPenido,14/09/2015 01:07:03,Esse vers√≠culo nunca fez tanto sentido!  Desejando a todos uma excelente semana! In God We Trust!‚Ä¶ https://t.co/BRPReTl4Nh,0,0.0,0.0,Unknown,Unknown,Unknown,Unknown
LucasPenido,13/09/2015 22:33:21,"Ok...mas os meus favoritos dessa """"rota√ß√£o"""" s√£o essa dupla! Baby """"Old Skool"""" e """"Baby """"Sk8-Hi"""". üë∂üèª‚ù§Ô∏èüëüüíØ‚Ä¶ https://t.co/C4p9RCwuv4",0,0.0,0.0,Unknown,Unknown,Unknown,Unknown
LucasPenido,13/09/2015 21:43:28,"Os pr√≥ximos baby sneakers a entrarem na """"sneaker rotation"""" do Benji Boy. üôèüë∂üèª‚ù§Ô∏èüíØ #babysneakers https://t.co/ySlKgzwaik",0,0.0,0.0,Unknown,Unknown,Unknown,Unknown
LucasPenido,13/09/2015 20:16:23,"R.I.P Betty Lago! Nessa linda foto com meu estilista brasileiro favorito de todos os tempos, Sim√£o‚Ä¶ https://t.co/qqZ0zfQd7S",0,0.0,0.0,Unknown,Unknown,Unknown,Unknown
LucasPenido,13/09/2015 04:41:26,RT @Benja97: Mayweather disse que encerrou a carreira hoje! Ser√°?,0,0.0,0.0,Unknown,Unknown,Unknown,Unknown
LucasPenido,13/09/2015 02:52:18,Hoje tem Floyd x Berto! That's what's up! Acho improv√°vel...mas imagine se o Berto ven√ßa? O rematch seria astron√¥mico! Em todos os sentidos!,0,0.0,0.0,Unknown,Unknown,Unknown,Unknown
LucasPenido,13/09/2015 02:39:40,RT @MatthyConcepts: Gostei de um v√≠deo @YouTube de @lucaspenido http://t.co/kERwogQoWs THBR TV: LUCAS PENIDO entrevista DJ ZEGON,0,0.0,0.0,Unknown,Unknown,Unknown,Unknown
LucasPenido,13/09/2015 02:38:38,"RT @DiegoRuahn: O @lucaspenido Selecionou, """"As 10 marcas NACIONAIS, mais legais do cen√°rio, hoje"""" (2015)  Confira‚Ä¶ https://t.co/HEsWyIMc98",0,0.0,0.0,Unknown,Unknown,Unknown,Unknown
LucasPenido,13/09/2015 01:50:07,"TUDO nesse video √© üíØ! A laranja se abrindo, a m√∫sica, a cantora (Stephanie of Monaco). üçäüöÄüë∏üèº https://t.co/jg8xxqOWMX",0,0.0,0.0,Unknown,Unknown,Unknown,Unknown
LucasPenido,13/09/2015 00:23:13,"O video com """"As 10 marcas NACIONAIS, mais legais do cen√°rio, hoje!"""" (2015) j√° obteve mais de 5.000 views em pouco... http://t.co/ZC67iYDxYx",0,0.0,0.0,Unknown,Unknown,Unknown,Unknown
LucasPenido,13/09/2015 00:09:06,#Repost @lucaspenido with repostapp. „Éª„Éª„Éª Finalmente acabaram os rumores! Kanye West √© flagrado com a‚Ä¶ https://t.co/g4Q99qnKTp,0,0.0,0.0,Unknown,Unknown,Unknown,Unknown
LucasPenido,13/09/2015 00:04:41,"Essa aqui foi do """"making of"""" da minha mais recente """"tat""""! #Queens #comingtoamerica #Classictattoobh‚Ä¶ https://t.co/RfllhzL1Xv",0,0.0,0.0,Unknown,Unknown,Unknown,Unknown
LucasPenido,12/09/2015 17:45:36,Benji boy estreiando a sua jaqueta @adidasoriginals x neighborhood_official √† caminho do anivers√°rio‚Ä¶ https://t.co/ELxVWmFhXo,0,0.0,0.0,Unknown,Unknown,Unknown,Unknown
LucasPenido,11/09/2015 04:20:02,I liked a @YouTube video http://t.co/dxfIrpx4A1 Perfil Daniel Ganjaman - Manos e Minas,0,0.0,0.0,Unknown,Unknown,Unknown,Unknown
LucasPenido,11/09/2015 04:07:15,I liked a @YouTube video http://t.co/DSwHAc6pnf Criolo - Ao Vivo em Paris 2015 - Turne Convoque seu Buda HD,0,0.0,0.0,Unknown,Unknown,Unknown,Unknown
LucasPenido,11/09/2015 02:54:19,"O video com """"As 10 marcas NACIONAIS, mais legais do cen√°rio, hoje"""" (2015) j√° obteve quase 3.000‚Ä¶ https://t.co/C26r2xS1LC",0,0.0,0.0,Unknown,Unknown,Unknown,Unknown
LucasPenido,11/09/2015 01:40:39,Agora ele faz pose na hora de tirar a foto! Rsrs. Quem aguenta?! ‚ù§Ô∏è‚ù§Ô∏è‚ù§Ô∏è‚ù§Ô∏è‚ù§Ô∏è‚ù§Ô∏è‚ù§Ô∏è‚ù§Ô∏èüë∂üèªüôèüíØ https://t.co/vP7dgXGRzu,0,0.0,0.0,Unknown,Unknown,Unknown,Unknown
LucasPenido,09/09/2015 19:51:14,"""""As 10 marcas NACIONAIS, mais legais do cen√°rio, hoje."""" (2015) por THE HYPE BR: http://t.co/17cEg7kLBj via @YouTube",0,0.0,0.0,Unknown,Unknown,Unknown,Unknown
LucasPenido,09/09/2015 19:10:01,Relembrar √© viver! Collab @lucaspenido x @whatsupnephew!   Ah! E fiquem ligados! Tenho uma grande‚Ä¶ https://t.co/hbe2avzFiY,0,0.0,0.0,Unknown,Unknown,Unknown,Unknown
LucasPenido,09/09/2015 17:50:07,"Selecionamos """"As 10 marcas NACIONAIS (independentes) mais legais do cen√°rio, hoje"""" 2015  O video vai‚Ä¶ https://t.co/BF0CQCp4Si",0,0.0,0.0,Unknown,Unknown,Unknown,Unknown
LucasPenido,09/09/2015 02:33:29,New Ink! This one... a homage to #Queens where I grew up! (And of the greatest comedies ever!) #ComingToAmerica http://t.co/BUbXhLnVSe,0,0.0,0.0,Unknown,Unknown,Unknown,Unknown
LucasPenido,09/09/2015 02:02:47,"‚ÄúEnt√£o, clamam ao SENHOR na sua tribula√ß√£o, e ELE os LIVRA das suas ang√∫stias.   Faz cessar a‚Ä¶ https://t.co/CyEcnAjlJY",0,0.0,0.0,Unknown,Unknown,Unknown,Unknown
LucasPenido,09/09/2015 01:42:55,"RT @RAPresentando: ‚ÄúMeus 10 discos de Rap‚Äù por @LucasPenido, editor-chefe do @theHypeBr!   Confira: http://t.co/1P6M5mze7r http://t.co/jvs9‚Ä¶",0,0.0,0.0,Unknown,Unknown,Unknown,Unknown
LucasPenido,09/09/2015 01:42:42,RT @pabloxamatattoo: Photo: Tattoo feita no Brother @lucaspenido #traditionaltattoo #oldschooltattoo #eddiemurphy... http://t.co/pY0JhVlfML,0,0.0,0.0,Unknown,Unknown,Unknown,Unknown
LucasPenido,08/09/2015 20:02:39,"THE HYPE BR x SYMPATHY - """"Joey Ramone"""" Tee  ‚ÄúN√£o vendemos muitos discos mas de alguma forma, deixamos‚Ä¶ https://t.co/hIqE4N7fJh",0,0.0,0.0,Unknown,Unknown,Unknown,Unknown
LucasPenido,08/09/2015 13:08:52,Que t√™nis LINDO! http://t.co/E00p9K96W2,0,0.0,0.0,Unknown,Unknown,Unknown,Unknown
LucasPenido,08/09/2015 08:12:43,"BOM DIA!!!  """"N√£o que j√° a tenha alcan√ßado ou que seja perfeito; mas PROSSIGO para ALCAN√áAR aquilo‚Ä¶ https://t.co/9L8dNdWGqI",0,0.0,0.0,Unknown,Unknown,Unknown,Unknown
LucasPenido,08/09/2015 01:48:30,Good Night &amp; God Bless! üôèüèº  #dreambug #thbrshop https://t.co/v0Y7YhuLKY,0,0.0,0.0,Unknown,Unknown,Unknown,Unknown
LucasPenido,06/09/2015 01:22:24,"Cada dia que passa, tenho mais orgulho da minha equipe!   Nesse caso espec√≠fico, da 2a temporada do‚Ä¶ https://t.co/XDn0vziQNV",0,0.0,0.0,Unknown,Unknown,Unknown,Unknown
LucasPenido,06/09/2015 01:06:51,"O que achar da TIMBERLAND 6"""" inch """"All red""""?  Confesso que conseguiram SATURAR a """"yellow boot""""‚Ä¶ https://t.co/fHqbxGWqjt",0,0.0,0.0,Unknown,Unknown,Unknown,Unknown
LucasPenido,06/09/2015 00:59:49,Descansando no s√°bado √† noite?   Aproveite para ler o http://t.co/CsQG4ha7Qy (link na bio) e se atualizar com‚Ä¶ https://t.co/m44rrIpJZl,0,0.0,0.0,Unknown,Unknown,Unknown,Unknown
LucasPenido,05/09/2015 22:28:15,De bobs no S√°bado?   Que tal concorrer a esse G-SHOCK x HUF (apenas 400 produzidos e s√≥ 60 vieram para o Brasil!)... http://t.co/qksaczkgqc,0,0.0,0.0,Unknown,Unknown,Unknown,Unknown
LucasPenido,05/09/2015 21:11:39,üò±üíô Pirei nessa collab da @alifenewyork com a gshock_us! Ser√° que vem pro thbrshop? üòâ  A collab e‚Ä¶ https://t.co/INPyP2todO,0,0.0,0.0,Unknown,Unknown,Unknown,Unknown
LucasPenido,05/09/2015 02:57:49,"N√£o falei (nos dois posts antes desse) que o lugar aonde fiz minha mais recente tattoo, o‚Ä¶ https://t.co/dMzLRnLrwh",0,0.0,0.0,Unknown,Unknown,Unknown,Unknown
LucasPenido,05/09/2015 01:03:55,New ink!   Homenagem ao bairro aonde cresci (#QUEENS). Muita gente √± sabe mas 90% desse filme foi‚Ä¶ https://t.co/fRWhmG0sfN,0,0.0,0.0,Unknown,Unknown,Unknown,Unknown
LucasPenido,05/09/2015 00:43:03,New ink! https://t.co/BK4Ym3Jamr,0,0.0,0.0,Unknown,Unknown,Unknown,Unknown
LucasPenido,04/09/2015 01:31:04,A fascinante hist√≥ria de como MARCELO COELHO fotografou a lenda viva da arquitetura FRANK‚Ä¶ https://t.co/WO1SPs4tLj,1,0.0,0.0,Unknown,Unknown,Unknown,Unknown
LucasPenido,03/09/2015 09:19:51,Bom dia!  ‚ÄúPosso todas as coisas NAQUELE que me fortalece.‚Äù Filipenses 4:13  May God Bless our‚Ä¶ https://t.co/U6zIO43n7C,0,0.0,0.0,Unknown,Unknown,Unknown,Unknown
LucasPenido,03/09/2015 04:21:45,RT @DiegoRuahn: WoOOoow foi pro ar galera!  Entrevista muito daora do @lucaspenido | @lucaspenido com‚Ä¶ https://t.co/8cy24ufPvU,0,0.0,0.0,Unknown,Unknown,Unknown,Unknown
LucasPenido,02/09/2015 23:22:36,"I liked a @YouTube video from @lucaspenido http://t.co/R8KazeIo8q THBR TV - """"Melhores Momentos"""" - 1a Temporada",0,0.0,0.0,Unknown,Unknown,Unknown,Unknown
LucasPenido,02/09/2015 22:59:19,N√£o conseguiu garantir o seu G-SHOCK x HUF?   Essa √© sua chance! Estamos sorteando um modelo (apenas‚Ä¶ https://t.co/zMn9xpNYLl,0,0.0,0.0,Unknown,Unknown,Unknown,Unknown
LucasPenido,02/09/2015 22:19:31,"Bat√≠ um papo com MARCELO COELHO!  """"Um dos 200 fot√≥grafos mais influentes do mundo""""! Assista: https://t.co/xL53vNpwYC http://t.co/IHQrdAG3XI",0,0.0,0.0,Unknown,Unknown,Unknown,Unknown
LucasPenido,02/09/2015 22:14:35,"Em Fevereiro, tive a honra de bater um papo com marcelocoelhofotografia! Eleito """"Um dos 200‚Ä¶ https://t.co/SEcTYrBaKg",0,0.0,0.0,Unknown,Unknown,Unknown,Unknown
LucasPenido,02/09/2015 22:01:22,"Tive o prazer de entrevistar MARCELO COELHO, eleito como """"Um dos 200 fot√≥grafos mais influentes do mundo!""""  O... http://t.co/t85OqtccwT",0,0.0,0.0,Unknown,Unknown,Unknown,Unknown
LucasPenido,02/09/2015 20:18:56,THBR TV 2a Season (L.A) - LUCAS PENIDO entrevista MARCELO COELHO: http://t.co/pZhl5q9KgH via @YouTube,0,0.0,0.0,Unknown,Unknown,Unknown,Unknown
LucasPenido,02/09/2015 01:14:59,"N√£o sei exatamente o que estavsmos vendo...mas pela nossa cara, era bom! üëäüèºüòâüôèüèº https://t.co/kaLXwIEerp",0,0.0,0.0,Unknown,Unknown,Unknown,Unknown
LucasPenido,01/09/2015 23:33:28,Que cole√ß√£o I-RA-DA!!! Essa da japonesa  @bounjour_bonsoir_official! WOW!!!   Cole√ß√£o completa no‚Ä¶ https://t.co/UxotZTL00g,0,0.0,0.0,Unknown,Unknown,Unknown,Unknown
LucasPenido,01/09/2015 22:54:49,"O designer gr√°fico @nicktexeira imaginou como seriam os uniformes de jogadores de futebol, se fossem‚Ä¶ https://t.co/LqUkNwsbCP",0,0.0,0.0,Unknown,Unknown,Unknown,Unknown
LucasPenido,01/09/2015 15:39:55,"Curti bastante, essa cole√ß√£o da @polerstuff! Uma fus√£o entre o workwear e o sportswear!  Essa √©‚Ä¶ https://t.co/6lQoqDH3ZM",0,0.0,0.0,Unknown,Unknown,Unknown,Unknown
LucasPenido,01/09/2015 00:53:00,"""""Hello!"""" https://t.co/XZtM248yMu",0,0.0,0.0,Unknown,Unknown,Unknown,Unknown
LucasPenido,31/08/2015 23:43:30,"THBR TV - 2a Temporada (Los Angeles)  Vai ao ar nessa quarta-feira, o meu bate papo com MARCELO‚Ä¶ https://t.co/V9gPrJ1L2N",0,0.0,0.0,Unknown,Unknown,Unknown,Unknown
LucasPenido,31/08/2015 23:13:59,Estamos sorteando um G-SHOCK x HUF super limitado! Apenas 60 vieram para o Brasil! Um pode ser seu! Confira os... http://t.co/i76x8wsuU9,0,0.0,0.0,Unknown,Unknown,Unknown,Unknown
LucasPenido,31/08/2015 16:51:30,SORTEIO!!!   Est√° no ar sorteio valendo o G-SHOCK mais disputado do ano! Colabora√ß√£o com a HUF!‚Ä¶ https://t.co/K6jMkQ6vsF,1,0.0,0.0,Unknown,Unknown,Unknown,Unknown
LucasPenido,31/08/2015 16:25:31,A monkeytime_jp (subsidi√°ria da beautyandyouth_official se associou com a fornecedora caminandojp‚Ä¶ https://t.co/2FiZ4ckCIS,0,0.0,0.0,Unknown,Unknown,Unknown,Unknown
LucasPenido,31/08/2015 01:50:17,Desejando a TODOS uma excelente semana!  Vamo que vamo e por mais clich√© que soe...com DEUS no‚Ä¶ https://t.co/EzDKt6tsaA,0,0.0,0.0,Unknown,Unknown,Unknown,Unknown
LucasPenido,30/08/2015 09:06:57,"""""De Bobs"""" Fui assistir o 1¬∫ cap de @NarcosNetflix! J√° estou no 6¬∫...seguido! #WagnerMoura Monstro! (Literalmente e na fic√ß√£o tmb!) #Narcos",0,0.0,0.0,Unknown,Unknown,Unknown,Unknown
LucasPenido,30/08/2015 02:23:47,"‚ÄúPorque o SENHOR, teu Deus, te mete numa BOA TERRA , terra de ribeiros de √°guas, de fontes e de‚Ä¶ https://t.co/oSvPdpWtVb",0,0.0,0.0,Unknown,Unknown,Unknown,Unknown
LucasPenido,29/08/2015 23:41:30,"Acho muito bacana tamb√©m quando se nota que o apresentador/entrevistador, no caso a @mariana_godoy, tem propriedade nos assuntos que aborda!",0,0.0,0.0,Unknown,Unknown,Unknown,Unknown
LucasPenido,29/08/2015 23:40:18,"Muito bom o programa de entrevistas da @mariana_godoy! Ney Matogrosso, Eduardo Suplicy...resumindo: excelentes convidados e MUITO conte√∫do!",0,0.0,0.0,Unknown,Unknown,Unknown,Unknown
LucasPenido,29/08/2015 23:38:00,RT @Benja97: Nem o mais otimista torcedor do Vasco acredita que o time escapa da S√©rie B novamente esse ano.inclusive...,0,0.0,0.0,Unknown,Unknown,Unknown,Unknown
LucasPenido,29/08/2015 23:17:54,"O http://t.co/6aHKl87fyU agora tem insta! üëâthbrshopüëà  Para COMEMORAE essa e OUTRAS novidades, vai o‚Ä¶ https://t.co/5dp1MTmxuh",0,0.0,0.0,Unknown,Unknown,Unknown,Unknown
LucasPenido,29/08/2015 20:52:43,IZ WE circa 1984! #saturdayvibes https://t.co/mNTGRKnjyz,0,0.0,0.0,Unknown,Unknown,Unknown,Unknown
LucasPenido,29/08/2015 19:00:46,Ahhhhhhhhh! üôèüèº #familia #sabado #arfresco #paradise @ Clube Campestre Belo Horizonte https://t.co/BOmIybdzfe,0,0.0,0.0,Unknown,Unknown,Unknown,Unknown
LucasPenido,29/08/2015 16:51:58,RT @Marcio_Kieling: Chegou meu t√£o esperado HUF X G-SHOCK Cabuloso!!!Para quem curte como eu est√£o EXCLUSIVAMENTE  √†‚Ä¶ https://t.co/HjIULpIl‚Ä¶,0,0.0,0.0,Unknown,Unknown,Unknown,Unknown
LucasPenido,29/08/2015 16:51:47,RT @Marcio_Kieling: Bom dia Goi√¢nia!!!Hoje tem #220Volts no #Teatro Rio Vermelho!!!‚ö°Ô∏èüôåüèªüé≠ #Turn√™2015 @ Hotel Blue Tree‚Ä¶ https://t.co/KBj2eER‚Ä¶,0,0.0,0.0,Unknown,Unknown,Unknown,Unknown
LucasPenido,29/08/2015 16:51:26,"RT @Marcio_Kieling: Quem gosta de G-SHOCK cabuloso, aproveite essa oportunidade!!! https://t.co/keMMbPS3E7",0,0.0,0.0,Unknown,Unknown,Unknown,Unknown
LucasPenido,29/08/2015 03:39:28,RT @LuizStan: ‚ÄúMeus 10 discos de Rap‚Äù por LUCAS PENIDO   http://t.co/XbaRe4Jd7n (Via @RAPresentando) http://t.co/ifl2tegJsy,0,0.0,0.0,Unknown,Unknown,Unknown,Unknown
LucasPenido,29/08/2015 01:50:50,Um artista imaginou co seria se Nike e a Adidas lan√ßassem uma cole√ß√£o de sneakers juntas!   E n√£o √©‚Ä¶ https://t.co/a86lIxZJGn,0,0.0,0.0,Unknown,Unknown,Unknown,Unknown
LucasPenido,28/08/2015 20:46:30,Essa √© a vibe qnd lembro que hoje √© sexta-feira!!! üòÇüöÄüíØüôèüèº #TGIF #s√≥nopassinho‚Ä¶ https://t.co/YSr22Bc6Oh,0,0.0,0.0,Unknown,Unknown,Unknown,Unknown
LucasPenido,28/08/2015 20:11:09,Meu brother @marcio_kieling usando o seu HUF x G-SHOCK D400!  Apenas 60 unidades aterrizaram no‚Ä¶ https://t.co/0zuDfzGyHB,0,0.0,0.0,Unknown,Unknown,Unknown,Unknown
LucasPenido,28/08/2015 19:19:43,"No in√≠cio da semana, tive o prazer de bater um papo com YASSINE SAIDY...Diretor Global Senior de Sportsstyle da... http://t.co/ZWjl6BjCiN",0,0.0,0.0,Unknown,Unknown,Unknown,Unknown
LucasPenido,28/08/2015 15:38:22,"Teaser da collab @lucaspenido x @usesympathy üî•üî•üî•üî•üî•  Lan√ßamento dia 9/2! Detalhes, segunda feira no‚Ä¶ https://t.co/Un4NWeX7bj",0,0.0,0.0,Unknown,Unknown,Unknown,Unknown
LucasPenido,28/08/2015 02:50:54,"Fechando esse dia incr√≠vel, com esse burger delicioso, e a melhor compania...do mundo! #thankulord @‚Ä¶ https://t.co/CwvmSfeDp7",0,0.0,0.0,Unknown,Unknown,Unknown,Unknown
LucasPenido,28/08/2015 00:11:02,Meu sobrinho Stephan Peixoto aka @sain_ktt aka 1/3 do startrapoficial recebendo o seu HUF x‚Ä¶ https://t.co/zdKR2NSPyP,0,0.0,0.0,Unknown,Unknown,Unknown,Unknown
LucasPenido,27/08/2015 17:34:58,üëΩ https://t.co/AYzSiwRUxZ,0,0.0,0.0,Unknown,Unknown,Unknown,Unknown
LucasPenido,27/08/2015 17:06:39,O @thehypebr elegeu as 10 marcas mais LEGAIS do cen√°rio! Confira no video! https://t.co/ZkOtBRfwqs (1.57 mins) http://t.co/jukaLeaq2V,0,0.0,0.0,Unknown,Unknown,Unknown,Unknown
LucasPenido,27/08/2015 17:04:45,"RT @walt_gbr: Gostei de um v√≠deo do @YouTube de @lucaspenido http://t.co/8l2oi7j5pd """"As 10 marcas mais legais do cen√°rio, hoje (2015)"""" por ‚Ä¶",0,0.0,0.0,Unknown,Unknown,Unknown,Unknown
LucasPenido,27/08/2015 17:04:38,"RT @DiegoRuahn: No v√≠deo da semana no @lucaspenido """"As 10 marcas mais legais do cen√°rio, hoje! (2015)"""" Confira quais‚Ä¶ https://t.co/uYfT1sbo‚Ä¶",0,0.0,0.0,Unknown,Unknown,Unknown,Unknown
LucasPenido,27/08/2015 17:04:16,@DaniloGentili O programa est√° DEMAIS! E a escolha dos convidados?! Banda Metro com a forma√ß√£o ORIGINAL! https://t.co/WHpho1NQOy #GENIAL!,0,0.0,0.0,Unknown,Unknown,Unknown,Unknown
LucasPenido,27/08/2015 16:58:37,I liked a @YouTube video http://t.co/wVqZH3dKKR The Noite (26/08/15) - Entrevista com Carla Cecarello,0,0.0,0.0,Unknown,Unknown,Unknown,Unknown
LucasPenido,27/08/2015 15:15:53,"""""Escolha um trabalho que voc√™ ame, e n√£o ter√°s que trabalhar um √∫nico dia em sua vida."""" - Conf√∫cio‚Ä¶ https://t.co/1OHfIE43cw",0,0.0,0.0,Unknown,Unknown,Unknown,Unknown
LucasPenido,27/08/2015 01:54:50,I liked a @YouTube video from @sortedfood http://t.co/RXR4T9j7mo Comidas Gigantes feat. Brogui e MahPerezz | SORTEDfood Brasil,0,0.0,0.0,Unknown,Unknown,Unknown,Unknown
LucasPenido,27/08/2015 00:25:55,"Elegemos as 10 marcas mais legais do cen√°rio, hoje! (2015)  O video foi ao ar h√° pouco no‚Ä¶ https://t.co/IRlOpKhcOJ",0,0.0,0.0,Unknown,Unknown,Unknown,Unknown
LucasPenido,26/08/2015 20:45:42,Uma das minhas pessoas favoritas em um dos meus lugares favoritos...no mundo! #familia #irm√£o‚Ä¶ https://t.co/qF103vGjK0,0,0.0,0.0,Unknown,Unknown,Unknown,Unknown
LucasPenido,26/08/2015 17:54:53,"""""As 10 marcas mais legais do cen√°rio, hoje (2015)"""" por THE HYPE BR: http://t.co/Lhf8CmGVwR via @YouTube",1,0.0,0.0,Unknown,Unknown,Unknown,Unknown
LucasPenido,26/08/2015 17:23:14,Terminando as grava√ß√µes aqui na @whatsupnephew! What a day! üôèüíØüöÄ #thehypebr #THBRTV #THBRvisita https://t.co/kwO2x3mtzh,0,0.0,0.0,Unknown,Unknown,Unknown,Unknown
LucasPenido,26/08/2015 14:37:30,"""""THBR VISITA!""""  S√©rie que come√ßamos em Los Angeles e hoje estamos gravando o primeiro epis√≥dio no‚Ä¶ https://t.co/AyVok3UwTE",0,0.0,0.0,Unknown,Unknown,Unknown,Unknown
LucasPenido,26/08/2015 00:46:02,"I added a video to a @YouTube playlist http://t.co/HpuQGlEZpi Samuel + Hildegunn // Normandy, France",0,0.0,0.0,Unknown,Unknown,Unknown,Unknown
LucasPenido,25/08/2015 22:51:21,"""""As 10 marcas mais legais do cen√°rio, hoje (2015)"""" por THE HYPE BR - teaser  Amanh√£ no http://t.co/CsQG4ha7Qy‚Ä¶ https://t.co/gbtRgSL2De",0,0.0,0.0,Unknown,Unknown,Unknown,Unknown
LucasPenido,25/08/2015 22:31:33,Olha s√≥ quem est√° na √°rea! #RM1136 #thehypebr https://t.co/ZwAkhewJda,0,0.0,0.0,Unknown,Unknown,Unknown,Unknown
LucasPenido,25/08/2015 15:15:36,HUF x GSHOCK no http://t.co/6aHKl87fyU completamente SOLD OUT!!! Obrigado a todos que fizeram desse lan√ßamento‚Ä¶ https://t.co/cPdGuu4Y5W,0,0.0,0.0,Unknown,Unknown,Unknown,Unknown
LucasPenido,25/08/2015 10:22:40,"‚ÄúNINGU√âM h√° semelhante a ti, √≥ SENHOR; tu √©s GRANDE, e grande √© o teu nome em FOR√áA.‚Äù Jeremias‚Ä¶ https://t.co/naILo5ICds",0,0.0,0.0,Unknown,Unknown,Unknown,Unknown
LucasPenido,25/08/2015 03:08:12,YES!   Good Night &amp; God Bless! LP https://t.co/WDPfKTuSry,0,0.0,0.0,Unknown,Unknown,Unknown,Unknown
LucasPenido,24/08/2015 19:20:29,Had a great time earlier talking to yassinesenissay! Global Senior Head of Sportstyle &amp; Footwear‚Ä¶ https://t.co/C9GNGolPx4,0,0.0,0.0,Unknown,Unknown,Unknown,Unknown
LucasPenido,24/08/2015 18:25:16,"Bate papo muito bacana com yassinesenissay (Head de Sportstyle and Select) da @puma! Resumindo, um‚Ä¶ https://t.co/kbOQlJV3LE",0,0.0,0.0,Unknown,Unknown,Unknown,Unknown
LucasPenido,24/08/2015 12:33:38,"""""Because I'm Happy...""""   Come√ßar o dia com esse mimo da Adidas, o lindo Supercolor by‚Ä¶ https://t.co/hXHiVvJkYu",0,0.0,0.0,Unknown,Unknown,Unknown,Unknown
LucasPenido,24/08/2015 10:11:56,"Bom dia!!!  """"ELE faz coisas GRANDES e INESCRUT√ÅVEIS, e MARAVILHAS sem n√∫mero.  ELE d√° a chuva sobre a‚Ä¶ https://t.co/iHeKN86MvH",0,0.0,0.0,Unknown,Unknown,Unknown,Unknown
LucasPenido,24/08/2015 01:06:24,"""""Aqui no entanto n√≥s N√ÉO olhamos para tr√°s por muito tempo, N√≥s continuamos SEGUINDO em frente,‚Ä¶ https://t.co/IGyED0hHFq",0,0.0,0.0,Unknown,Unknown,Unknown,Unknown
LucasPenido,23/08/2015 11:57:04,"""""E aben√ßoou Deus o dia s√©timo, e o santificou; porque nele DEACANSOU de toda a sua obra que Deus‚Ä¶ https://t.co/uUipwPMR9l",0,0.0,0.0,Unknown,Unknown,Unknown,Unknown
LucasPenido,23/08/2015 03:02:03,O dia em que o rei tocou com Roberto Carlos https://t.co/bhBSxHmwbl,0,0.0,0.0,Unknown,Unknown,Unknown,Unknown
LucasPenido,23/08/2015 02:18:52,"""""Provai, e vede que o SENHOR √© BOM; bem-aventurado o homem que NELE confia."""" Salmos 34:8 @ In God We‚Ä¶ https://t.co/sx0gThTN0H",0,0.0,0.0,Unknown,Unknown,Unknown,Unknown
LucasPenido,22/08/2015 05:16:28,RT @PauloJorgeJr: Gostei de um v√≠deo @YouTube de @lucaspenido http://t.co/1iTsZA2QUb THBR TV 2a Season (L.A) - Lucas Penido entrevista Mars‚Ä¶,0,0.0,0.0,Unknown,Unknown,Unknown,Unknown
LucasPenido,22/08/2015 03:50:17,"Na minha opini√£o, os dois maiores Talk Show hosts (que pelo menos assist√≠) de todos os tempos foram: David Letterman e Jon Stewart! #G√äNIOS",0,0.0,0.0,Unknown,Unknown,Unknown,Unknown
LucasPenido,21/08/2015 23:22:04,Pra fechar a semana com TUDO! Esse post do meu brother @marcosmion √† respeito do seu HUF x G-SHOCK √†‚Ä¶ https://t.co/SgALhJ6PPd,0,0.0,0.0,Unknown,Unknown,Unknown,Unknown
LucasPenido,21/08/2015 18:03:16,Apenas mais 2 em estoque!!! Esgotando!!!   √Ä venda exclusivamente no http://t.co/6aHKl87fyU!   FRETE GR√ÅTIS‚Ä¶ https://t.co/aflbDqXApN,0,0.0,0.0,Unknown,Unknown,Unknown,Unknown
LucasPenido,21/08/2015 16:56:05,#TGIF!!!!!!!!!! https://t.co/GckOdTOL1Y,0,0.0,0.0,Unknown,Unknown,Unknown,Unknown
LucasPenido,21/08/2015 16:20:01,"Adidas revela o novo """"Weave"""" pack composto pelo modelo TUBULAR RUNNER!   Ele aparece em duas‚Ä¶ https://t.co/TLztK5vW7W",0,0.0,0.0,Unknown,Unknown,Unknown,Unknown
LucasPenido,20/08/2015 20:50:08,Uma das marcas que mais curto hoje...√© a @publishbrand! Retomando algumas hist√≥rias üòâ e √© mais ou‚Ä¶ https://t.co/K060CAk92X,0,0.0,0.0,Unknown,Unknown,Unknown,Unknown
LucasPenido,20/08/2015 17:29:58,"O cara conhece MUITO de m√∫sica brasileira!   Est√° almo√ßando? Ou no cl√°ssico """"Coffee Break""""? Aproveite‚Ä¶ https://t.co/zWSJJCxQDN",0,0.0,0.0,Unknown,Unknown,Unknown,Unknown
LucasPenido,20/08/2015 15:41:26,Para o alto e avante!!! üöÄüöÄüöÄüöÄ https://t.co/uF6HnOC5zp,0,0.0,0.0,Unknown,Unknown,Unknown,Unknown
LucasPenido,20/08/2015 15:36:10,Supercolor by Adidas Originals. Qual √© o seu favorito?   #thehypebr #adidasoriginals‚Ä¶ https://t.co/mWCySSjGTv,0,0.0,0.0,Unknown,Unknown,Unknown,Unknown
LucasPenido,20/08/2015 14:34:31,I liked a @YouTube video from @lucaspenido http://t.co/mOhZQR3Nus THBR TV 2a Season (L.A) - Lucas Penido entrevista Marshall Torres,0,0.0,0.0,Unknown,Unknown,Unknown,Unknown
LucasPenido,20/08/2015 02:40:55,"I liked a @YouTube video http://t.co/GJDAcT6NqK Rick Ross """"Heavyweight"""" Feat. Whole Slab (WSHH Exclusive - Official Music Video)",0,0.0,0.0,Unknown,Unknown,Unknown,Unknown
LucasPenido,19/08/2015 21:30:01,THBR TV 2a Season (L.A) - Lucas Penido entrevista Marshall Torres (DGK/The Kayo Store): http://t.co/mOhZQR3Nus via @YouTube,1,0.0,0.0,Unknown,Unknown,Unknown,Unknown
LucasPenido,19/08/2015 01:17:32,"Meu brother @marcosmion me enviou essa foto h√° alguns meses qnd esteve em BH! Nela, ele usa a collab‚Ä¶ https://t.co/OOQdJBC49H",0,0.0,0.0,Unknown,Unknown,Unknown,Unknown
LucasPenido,19/08/2015 00:51:18,"Hoje tive o IMENSO prazer de conhecer a galeria urbanartsbh! Fiquei encantado, feliz e emocionado n√£o‚Ä¶ https://t.co/2rNYR0sp0K",0,0.0,0.0,Unknown,Unknown,Unknown,Unknown
LucasPenido,18/08/2015 19:16:34,#REPOST  O gabriel_faria93 foi um dos sortudos que garantiram o G-SHOCK mais disputado do ano!!!‚Ä¶ https://t.co/Wr9hx0O7wm,0,0.0,0.0,Unknown,Unknown,Unknown,Unknown
LucasPenido,18/08/2015 06:10:24,I liked a @YouTube video http://t.co/6QITv4MnYt Los Hermanos Programa Ensaio,0,0.0,0.0,Unknown,Unknown,Unknown,Unknown
LucasPenido,18/08/2015 03:17:43,I added a video to a @YouTube playlist http://t.co/lo9c4WUgvg Gold Wheels Presents Gold Goons FULL VIDEO on RIDE!,0,0.0,0.0,Unknown,Unknown,Unknown,Unknown
LucasPenido,18/08/2015 01:15:52,"THBR TV - 2a Temporada (LA). Entrevista com o Marshall Torres, da marca DGK e da ic√¥nica‚Ä¶ https://t.co/4BCtd80Jku",0,0.0,0.0,Unknown,Unknown,Unknown,Unknown
LucasPenido,17/08/2015 22:00:24,"Alguns dos itens da linha de apparel da SUPREME, que revelou sua nova cole√ß√£o hoje!  Confira a‚Ä¶ https://t.co/WuTEQFLIIf",0,0.0,0.0,Unknown,Unknown,Unknown,Unknown
LucasPenido,17/08/2015 21:35:03,"E hoje...o cen√°rio """"parou"""" para ver a nova cole√ß√£o da SUPREME!   Esses s√£o apenas alguns dos‚Ä¶ https://t.co/gRF4i3r57X",0,0.0,0.0,Unknown,Unknown,Unknown,Unknown
LucasPenido,17/08/2015 20:13:19,Collab da G-SHOCK x HUF √© destaque no @petiscos! O modelo est√° √† venda no Brasil exclusivamente no‚Ä¶ https://t.co/ZXAFB04W6F,0,0.0,0.0,Unknown,Unknown,Unknown,Unknown
LucasPenido,17/08/2015 07:46:33,BOM DIA!!!  Provai e vede que o Senhor √© bom; bem-aventurado o homem que nele confia. (Salmos‚Ä¶ https://t.co/LQ2nYAd1DM,1,0.0,0.0,Unknown,Unknown,Unknown,Unknown
LucasPenido,16/08/2015 16:58:22,"Assistindo o doc """"The Winnebago Man""""! Sobre o famoso """"garoto propaganda"""" mais estressado do planeta e‚Ä¶ https://t.co/OdguW3B2xj",0,0.0,0.0,Unknown,Unknown,Unknown,Unknown
LucasPenido,16/08/2015 16:00:51,"E esse AJ6 customizado """"Straight Outta Compton""""? Essa √© uma das not√≠cias que bombaram no‚Ä¶ https://t.co/SZb39V76Qh",0,0.0,0.0,Unknown,Unknown,Unknown,Unknown
LucasPenido,16/08/2015 15:32:38,üôèüáßüá∑ #Brasil https://t.co/wmooB8xPvw,0,0.0,0.0,Unknown,Unknown,Unknown,Unknown
LucasPenido,16/08/2015 11:44:33,"BOM DIA!!!  """"Do nascente ao poente, seja louvado o nome do Senhor!""""  (Salmos 113:3 https://t.co/iacxPXVjT9",0,0.0,0.0,Unknown,Unknown,Unknown,Unknown
LucasPenido,15/08/2015 18:33:21,"Foto incr√≠vel resgatada pelo meu parceiro Aori Sauthon aka @mclapa!   Da esq p/ dir:   Eu, @mclapa e‚Ä¶ https://t.co/56r9kyfBZu",1,0.0,0.0,Unknown,Unknown,Unknown,Unknown
LucasPenido,15/08/2015 15:37:15,‚ù§Ô∏è‚ù§Ô∏è‚ù§Ô∏è https://t.co/Gjc4YCPOQv,0,0.0,0.0,Unknown,Unknown,Unknown,Unknown
LucasPenido,15/08/2015 14:52:27,Meu pianista favorito! üë∂üèªüéπ‚ù§Ô∏è https://t.co/POkiVivAsF,0,0.0,0.0,Unknown,Unknown,Unknown,Unknown
LucasPenido,15/08/2015 11:48:25,Because it's saturday... https://t.co/vcMTpUkUwl,0,0.0,0.0,Unknown,Unknown,Unknown,Unknown
LucasPenido,14/08/2015 14:54:59,SUPREME x AIR JORDAN V   Certamente entre os sneakers mais comentados (e disputados) do ano!   Qual‚Ä¶ https://t.co/UTXNUll3zI,0,0.0,0.0,Unknown,Unknown,Unknown,Unknown
LucasPenido,14/08/2015 12:38:06,"E n√£o √© que o nosso video: """"Os 10 Sneakers Mais Disputados de 2015 (at√© agora"""" j√° ultrapassou as 5‚Ä¶ https://t.co/UrdIvkLMzy",0,0.0,0.0,Unknown,Unknown,Unknown,Unknown
LucasPenido,14/08/2015 09:25:07,Bom dia!!!  #vamoquevamo #paraoaltoeavante https://t.co/zbeUlKQ73I,0,0.0,0.0,Unknown,Unknown,Unknown,Unknown
LucasPenido,13/08/2015 01:45:22,Feelin' classic today! #pumaclyde #blackwhite https://t.co/ifj7GCQWnl,0,0.0,0.0,Unknown,Unknown,Unknown,Unknown
LucasPenido,13/08/2015 01:35:18,"O G-SHOCK mais disputado do ano! Assinado pela californiana @hufworldwide! √Ä venda no Brasil,‚Ä¶ https://t.co/V5IrI9aknh",0,0.0,0.0,Unknown,Unknown,Unknown,Unknown
LucasPenido,13/08/2015 01:11:57,"RT @DiegoRuahn: #repost """"@LucasPenido: Est√° no ar no http://t.co/nOyGh1YzSp (link na bio) o video: """"Os 10 Sneakers‚Ä¶ https://t.co/yQuz5FykoP",0,0.0,0.0,Unknown,Unknown,Unknown,Unknown
LucasPenido,12/08/2015 22:20:18,"Est√° no ar no http://t.co/CsQG4ha7Qy (link na bio) o video: """"Os 10 Sneakers mais disputados de 2015 (at√©‚Ä¶ https://t.co/gTdXczyo4Y",0,0.0,0.0,Unknown,Unknown,Unknown,Unknown
LucasPenido,12/08/2015 22:15:00,"RT @SergioReis: @LucasPenido @TheNoiteOficial @DaniloGentili Obrigado, Lucas! Abra√ß√£o",0,0.0,0.0,Unknown,Unknown,Unknown,Unknown
LucasPenido,12/08/2015 22:14:46,RT @DaniloGentili: RT @LucasPenido: Entrevista SENSACIONAL do @SergioReis com o @DaniloGentili! https://t.co/FqaaqM5nEG Como o S. Reis √© ca‚Ä¶,0,0.0,0.0,Unknown,Unknown,Unknown,Unknown
LucasPenido,12/08/2015 21:20:11,"Quais foram """"Os 10 Sneakers Mais Disputados de 2015 (at√© agora""""? Aperte o play e confira! https://t.co/u7u9o6bRok http://t.co/rrjHYmNbwo",0,0.0,0.0,Unknown,Unknown,Unknown,Unknown
LucasPenido,12/08/2015 21:04:53,"Quais foram """"Os 10 Sneakers mais disputados de 2015 (at√© agora)?"""" Aperte o play e confira!!! http://t.co/4XDqqyS1wc",0,0.0,0.0,Unknown,Unknown,Unknown,Unknown
LucasPenido,12/08/2015 17:42:01,Os 10 sneakers mais disputados de 2015 (at√© agora) por THE HYPE BR: http://t.co/8Y4LyPfIWf via @YouTube,0,0.0,0.0,Unknown,Unknown,Unknown,Unknown
LucasPenido,12/08/2015 08:30:50,"RT @HawaiiOlelo: LucasPenido : Estou certo, de que para um homem...n√£o existe d√°diva maior do que a de ser ‚Ä¶ http://t.co/SF1FT9Yujh) http:/‚Ä¶",0,0.0,0.0,Unknown,Unknown,Unknown,Unknown
LucasPenido,12/08/2015 02:06:50,Aproveite a noite para colocar em dia todas as not√≠cias que bombaram hoje!   Essas s√£o apenas algumas‚Ä¶ https://t.co/sgt0OX30r0,0,0.0,0.0,Unknown,Unknown,Unknown,Unknown
LucasPenido,12/08/2015 01:48:48,"""""Um conselho..."""" üòâ #JustSaying https://t.co/AouuPtpXo3",0,0.0,0.0,Unknown,Unknown,Unknown,Unknown
LucasPenido,12/08/2015 01:26:50,A minha foto favorita da collab at√© agora! HUF x G-SHOCK √† venda exclusivamente no http://t.co/6aHKl87fyU‚Ä¶ https://t.co/UNeFozgE5x,0,0.0,0.0,Unknown,Unknown,Unknown,Unknown
LucasPenido,12/08/2015 00:17:43,Air Max 95 comemora seu vig√©simo anivers√°rio e Nike lan√ßa duas novas colorways! Ambas em destaque no‚Ä¶ https://t.co/vKkV0kRpkI,1,0.0,0.0,Unknown,Unknown,Unknown,Unknown
LucasPenido,11/08/2015 22:38:38,#Repost caioguima with repostapp. „Éª„Éª„Éª Brasil terra de ningu√©m.  Voc√™ viaja pra fora e ouve um‚Ä¶ https://t.co/S6E2GejWcT,0,0.0,0.0,Unknown,Unknown,Unknown,Unknown
LucasPenido,11/08/2015 22:14:44,"Devido a agenda corrida do papai, e para passarmos mais tempo juntos... a """"sala de jantar"""" hj foi no‚Ä¶ https://t.co/BVhcLsXGYj",0,0.0,0.0,Unknown,Unknown,Unknown,Unknown
LucasPenido,11/08/2015 20:22:16,"Os editores do http://t.co/CsQG4ha7Qy (link na bio) elegeram """"Os 10 sneakers mais disputados de 2015 (at√©‚Ä¶ https://t.co/tZ7dYyBlZV",0,0.0,0.0,Unknown,Unknown,Unknown,Unknown
LucasPenido,11/08/2015 20:11:18,Outra foto do lookbook da nova cole√ß√£o da japonesa X-LARGE! Que cole√ß√£o INCR√çVEL! Streetfashion at‚Ä¶ https://t.co/ldrYo4Yupl,0,0.0,0.0,Unknown,Unknown,Unknown,Unknown
LucasPenido,11/08/2015 20:08:29,"Est√° aqui uma marca que h√° mais de 2 d√©cadas, raramente decepciona! xlargejp! A nova cole√ß√£o est√° em‚Ä¶ https://t.co/qoCWP4SKuO",0,0.0,0.0,Unknown,Unknown,Unknown,Unknown
LucasPenido,11/08/2015 09:49:52,Am√©m e BOM DIA!!!  May God Bless our day!  Vamo que vamo! https://t.co/gkkXzor9rQ,0,0.0,0.0,Unknown,Unknown,Unknown,Unknown
LucasPenido,11/08/2015 03:14:30,I liked a @YouTube video http://t.co/bInMqRxJcH Lorena Chaves - True Blue,0,0.0,0.0,Unknown,Unknown,Unknown,Unknown
LucasPenido,11/08/2015 03:01:12,I liked a @YouTube video http://t.co/2GxVPTWa1c Chor√£o Chapado de ch√°,0,0.0,0.0,Unknown,Unknown,Unknown,Unknown
LucasPenido,11/08/2015 00:42:31,"Toda semana, as quartas...um video novo no canal do THE HYPE BR no youtube! E a cada duas semanas,‚Ä¶ https://t.co/MaFFOPaGMo",0,0.0,0.0,Unknown,Unknown,Unknown,Unknown
LucasPenido,10/08/2015 22:48:53,On my feet today! The one and only #AirMax95 Eternal Fire!!! üî•üî•üî•üî•üî•üî• https://t.co/wo5zIL0yFS,0,0.0,0.0,Unknown,Unknown,Unknown,Unknown
LucasPenido,10/08/2015 22:21:52,Nova collab √† caminho! @usesympathy üëäüèºüëäüèºüëäüèº #thehypebr #usesympathy https://t.co/c49PfKsfRt,0,0.0,0.0,Unknown,Unknown,Unknown,Unknown
LucasPenido,10/08/2015 21:07:30,"Obrigado @hoshwear pelo pack! Produtos """"Made In Brazil"""" com qualidade excepcional! https://t.co/eIgMnyyNgp",1,0.0,0.0,Unknown,Unknown,Unknown,Unknown
LucasPenido,10/08/2015 20:01:50,THBR TV (o canal de videos do @lucaspenido) ter√° videos/mat√©rias semanais E entrevistas a cada 2‚Ä¶ https://t.co/dnO7GmRGDB,0,0.0,0.0,Unknown,Unknown,Unknown,Unknown
LucasPenido,10/08/2015 18:56:55,"Segundona corrida! Quem garantiu a sua ultra disputada collab da HUF x G-SHOCK durante o fds, ir√°‚Ä¶ https://t.co/o97qFl4Axc",0,0.0,0.0,Unknown,Unknown,Unknown,Unknown
LucasPenido,10/08/2015 00:29:18,üòâ Desejando a todos uma excelente semana!   Good Night &amp; God Bless! LP. https://t.co/tYPzJEzYXv,0,0.0,0.0,Unknown,Unknown,Unknown,Unknown
LucasPenido,09/08/2015 23:09:06,Um dos discos mais perfeitos j√° gravados por uma banda de rock nacional! Por falar em‚Ä¶ https://t.co/LncEFgvCdt,0,0.0,0.0,Unknown,Unknown,Unknown,Unknown
LucasPenido,09/08/2015 20:40:04,"Postei uma foto dele com a jaqueta, mas √© muito lindo e merece uma S√ì dele! Adidas Originals Stan‚Ä¶ https://t.co/f65uOjzKhY",0,0.0,0.0,Unknown,Unknown,Unknown,Unknown
LucasPenido,09/08/2015 14:27:40,Me rendi ao crocodilo! Rsrs. Obrigado crocsbrasil e toda equipe da Ang√™ncia Lema (@AgenciaLema) pelo‚Ä¶ https://t.co/wFlftKB9KK,0,0.0,0.0,Unknown,Unknown,Unknown,Unknown
LucasPenido,09/08/2015 12:29:07,"Estou certo, de que para um homem...n√£o existe d√°diva maior do que a de ser pai! Feliz dia dos Pais a‚Ä¶ https://t.co/fWqlwjVhR3",0,0.0,0.0,Unknown,Unknown,Unknown,Unknown
LucasPenido,08/08/2015 13:47:47,√â HOJE! O lan√ßamento oficial do G-SHOCK mais disputado do ano! Assinado pela marca californiana‚Ä¶ https://t.co/MFovwEd0fl,0,0.0,0.0,Unknown,Unknown,Unknown,Unknown
LucasPenido,08/08/2015 11:17:26,"Bom Dia!!!  """"A GRATID√ÉO consegue em sua forma plena, ser mais bonita que a solidariedade, ent√£o a‚Ä¶ https://t.co/rEXFlNS3TI",0,0.0,0.0,Unknown,Unknown,Unknown,Unknown
LucasPenido,08/08/2015 03:25:29,Just posted a photo https://t.co/Qxbof9Zf7l,0,0.0,0.0,Unknown,Unknown,Unknown,Unknown
LucasPenido,08/08/2015 00:44:10,"Comemorando o Dia dos Pais antecipado, com esse lindo presente da Adidas! Tanto o bel√≠ssimo e‚Ä¶ https://t.co/Uwy3A0mbpC",0,0.0,0.0,Unknown,Unknown,Unknown,Unknown
LucasPenido,08/08/2015 00:14:59,"Minha vida! """"Por voc√™, eu dan√ßaria tango no teto..."""" ‚ù§Ô∏è https://t.co/ljWu9O2Hzd",0,0.0,0.0,Unknown,Unknown,Unknown,Unknown
LucasPenido,07/08/2015 05:30:03,"Por essas e outras raz√µes, meu restaurante favorito...no mundo! @ Cantina Piacenza https://t.co/USgCXX7rPa",0,0.0,0.0,Unknown,Unknown,Unknown,Unknown
LucasPenido,07/08/2015 03:14:18,Eu mere√ßo! americopiacenza @ Cantina Piacenza https://t.co/gzdCBgTY2T,0,0.0,0.0,Unknown,Unknown,Unknown,Unknown
LucasPenido,06/08/2015 20:56:19,Foto do nosso diretor de conte√∫do online @diegoruahn usando o GSHOCK mais disputado da atualidade!‚Ä¶ https://t.co/MQh4atFrks,0,0.0,0.0,Unknown,Unknown,Unknown,Unknown
LucasPenido,06/08/2015 20:45:06,"I liked a @YouTube video from @lucaspenido http://t.co/XrfRY5xhXH THBR TV: THE HYPE BR x JAMBOX: """"Workshop Series"""" 1 - Event Recap",0,0.0,0.0,Unknown,Unknown,Unknown,Unknown
LucasPenido,06/08/2015 03:02:07,O maior som de todos... https://t.co/AC4ITMy62I,0,0.0,0.0,Unknown,Unknown,Unknown,Unknown
LucasPenido,06/08/2015 02:43:09,Essa √© a vibe! üéæüéæüéæüéæ https://t.co/l4Fixp0gat,0,0.0,0.0,Unknown,Unknown,Unknown,Unknown
LucasPenido,06/08/2015 02:33:21,Quem quiser sair na frente e garantir...a collab da HUF x G-SHOCK acabou de aterrisar no‚Ä¶ https://t.co/ggxX1M4vNt,0,0.0,0.0,Unknown,Unknown,Unknown,Unknown
LucasPenido,06/08/2015 01:54:22,"Com a equipe at√© agora, preparando/editando escolhendo o pr√≥ximo epis√≥dio do THBR TV - 2a temporada,‚Ä¶ https://t.co/kLS1PVNfwc",0,0.0,0.0,Unknown,Unknown,Unknown,Unknown
LucasPenido,05/08/2015 19:31:35,"Foto simb√≥lica, pois em breve...um corner do @lucaspenido com minha curadoria, em um dos espa√ßos mais‚Ä¶ https://t.co/KJh8Q2rdj4",0,0.0,0.0,Unknown,Unknown,Unknown,Unknown
LucasPenido,05/08/2015 04:26:11,I added a video to a @YouTube playlist http://t.co/ysgcLAXMAk TRUE HEART O FILME - http://t.co/vfSMchyCT5,0,0.0,0.0,Unknown,Unknown,Unknown,Unknown
LucasPenido,05/08/2015 03:14:23,Entrevista SENSACIONAL do @SergioReis no @TheNoiteOficial com o @DaniloGentili! https://t.co/e1IimxcdMl Como o S. Reis √© carism√°tico! #MITO,1,0.0,0.0,Unknown,Unknown,Unknown,Unknown
LucasPenido,05/08/2015 02:21:49,Vai √† pr√©-venda amanh√£ ao meio dia (para ninguem ter que virar a noite) a disputad√≠ssa e super‚Ä¶ https://t.co/9hll42RTRy,0,0.0,0.0,Unknown,Unknown,Unknown,Unknown
LucasPenido,05/08/2015 01:34:18,üö´ https://t.co/wADLBgLden,0,0.0,0.0,Unknown,Unknown,Unknown,Unknown
