RichardWiseman,16/09/2015 12:38:25,RT @brian_bilston: @standupmaths @FOTSN Here is a poem which I wrote in the form of a Venn diagram. http://t.co/7PNBFJV6Ld,0,0.0,0.0,Unknown,Unknown,Unknown,Unknown
RichardWiseman,16/09/2015 06:09:42,@thepiff Good luck! We have everything crossed for you!,3,0.0,0.0,Unknown,Unknown,Unknown,Unknown
RichardWiseman,16/09/2015 06:07:35,"RT @pennjillette: We love our Magic Dragon, support @thePiff by voting for him now! You only have until 7AM  EST  #agtfinale #votePiff http…",0,0.0,0.0,Unknown,Unknown,Unknown,Unknown
RichardWiseman,15/09/2015 17:12:39,@meaderic my goodness. how wonderful. Although I spent much of my time worrying the phone behind would ring and ruin the moment.,0,0.0,0.0,Unknown,Unknown,Unknown,Unknown
RichardWiseman,15/09/2015 17:09:24,"@AndrewSabisky @StuartJRitchie yes, although isn't there stuff showing that the advantages of such programmes is social? Ie who you meet?",0,0.0,0.0,Unknown,Unknown,Unknown,Unknown
RichardWiseman,15/09/2015 17:03:23,"@AndrewSabisky @StuartJRitchie ah, OK, so teachers etc deciding who was gifted. Interesting.",0,0.0,0.0,Unknown,Unknown,Unknown,Unknown
RichardWiseman,15/09/2015 16:56:25,@StuartJRitchie @AndrewSabisky how did the other kids get into the 'gifted' programme ?,0,0.0,0.0,Unknown,Unknown,Unknown,Unknown
RichardWiseman,15/09/2015 16:53:23,@penguinmagic hi. I wanted to send you email. What's the best addy?,0,0.0,0.0,Unknown,Unknown,Unknown,Unknown
RichardWiseman,15/09/2015 15:27:03,Amazing prank - what happens when you give people a 2007 iphone and tell them it is the iphone6? https://t.co/ABTu4zg5GP,73,0.0,0.0,Unknown,Unknown,Unknown,Unknown
RichardWiseman,15/09/2015 14:50:25,Does anyone know if it is legal to marry your widow's sister?,12,0.0,0.0,Unknown,Unknown,Unknown,Unknown
RichardWiseman,14/09/2015 16:25:52,@DMCmagic :-),0,0.0,0.0,Unknown,Unknown,Unknown,Unknown
RichardWiseman,14/09/2015 16:11:24,@lishfejer @666canberra thanks for invite but up toy eyes with stuff!,0,0.0,0.0,Unknown,Unknown,Unknown,Unknown
RichardWiseman,13/09/2015 12:12:49,My goodness I love @fiverr https://t.co/9MaBxKwBZu,1,0.0,0.0,Unknown,Unknown,Unknown,Unknown
RichardWiseman,13/09/2015 11:24:16,"@tessakendall yes, that's a moth.",0,0.0,0.0,Unknown,Unknown,Unknown,Unknown
RichardWiseman,13/09/2015 10:37:35,@Bordersjourneys @WalterScottNews @AbbotsfordScott feel free to drop in for a coffee.,0,0.0,0.0,Unknown,Unknown,Unknown,Unknown
RichardWiseman,13/09/2015 09:47:40,@Zadok3 perfect!,0,0.0,0.0,Unknown,Unknown,Unknown,Unknown
RichardWiseman,13/09/2015 09:47:29,@WoolesWeb thanks for coming!,0,0.0,0.0,Unknown,Unknown,Unknown,Unknown
RichardWiseman,12/09/2015 23:57:28,@Varshjamin9 delighted to meet you.,0,0.0,0.0,Unknown,Unknown,Unknown,Unknown
RichardWiseman,12/09/2015 23:56:26,@DrEllenSpencer my pleasure. Lovely crowd.,0,0.0,0.0,Unknown,Unknown,Unknown,Unknown
RichardWiseman,12/09/2015 21:55:02,@WoolesWeb thanks for coming along,0,0.0,0.0,Unknown,Unknown,Unknown,Unknown
RichardWiseman,12/09/2015 21:54:52,@ChloeWooles @WinchesterDC thanks for coming!,0,0.0,0.0,Unknown,Unknown,Unknown,Unknown
RichardWiseman,12/09/2015 21:54:38,"@lewandi92 yes, v much so.",0,0.0,0.0,Unknown,Unknown,Unknown,Unknown
RichardWiseman,12/09/2015 21:53:34,@Claudia_purium hi!,0,0.0,0.0,Unknown,Unknown,Unknown,Unknown
RichardWiseman,12/09/2015 21:53:21,@lifechooser just seen that! Thanks for coming.,0,0.0,0.0,Unknown,Unknown,Unknown,Unknown
RichardWiseman,12/09/2015 21:52:49,@FriendlyTester thanks for coming,0,0.0,0.0,Unknown,Unknown,Unknown,Unknown
RichardWiseman,12/09/2015 21:52:38,@dejoslin we ran out of time! Next time!,0,0.0,0.0,Unknown,Unknown,Unknown,Unknown
RichardWiseman,12/09/2015 18:34:32,@Julia_L74 oh no. Sorry!,0,0.0,0.0,Unknown,Unknown,Unknown,Unknown
RichardWiseman,12/09/2015 18:34:18,@wallyshungry Ian Roland's work is v good.,0,0.0,0.0,Unknown,Unknown,Unknown,Unknown
RichardWiseman,12/09/2015 18:14:07,@wallyshungry thanks!,0,0.0,0.0,Unknown,Unknown,Unknown,Unknown
RichardWiseman,12/09/2015 18:13:44,@katejkatz no idea.,0,0.0,0.0,Unknown,Unknown,Unknown,Unknown
RichardWiseman,12/09/2015 18:13:28,@cyberadam26 me too!,0,0.0,0.0,Unknown,Unknown,Unknown,Unknown
RichardWiseman,12/09/2015 18:13:16,@rehanrayjaffer oh no. Sorry!,0,0.0,0.0,Unknown,Unknown,Unknown,Unknown
RichardWiseman,12/09/2015 17:29:24,@Zadok3 :-),0,0.0,0.0,Unknown,Unknown,Unknown,Unknown
RichardWiseman,12/09/2015 17:20:34,"@Johnmph yes, exactly. Hi.",0,0.0,0.0,Unknown,Unknown,Unknown,Unknown
RichardWiseman,12/09/2015 17:20:19,@philip_fine boo.,0,0.0,0.0,Unknown,Unknown,Unknown,Unknown
RichardWiseman,12/09/2015 17:20:07,@DaddyP sorry hi.,0,0.0,0.0,Unknown,Unknown,Unknown,Unknown
RichardWiseman,12/09/2015 17:19:51,@LindaKKaye no idea. I was bored.,0,0.0,0.0,Unknown,Unknown,Unknown,Unknown
RichardWiseman,12/09/2015 17:19:33,@arobertwebb Christ no. Sucker.,0,0.0,0.0,Unknown,Unknown,Unknown,Unknown
RichardWiseman,12/09/2015 17:19:19,@hina3661 really? Sorry. Hi.,0,0.0,0.0,Unknown,Unknown,Unknown,Unknown
RichardWiseman,12/09/2015 17:19:03,@java7nerd awwww. Thank you.,1,0.0,0.0,Unknown,Unknown,Unknown,Unknown
RichardWiseman,12/09/2015 17:16:10,Done. Everyone answered. No idea what that was about. Special thanks to @arobertwebb for being supportive when the going got tough.,0,0.0,0.0,Unknown,Unknown,Unknown,Unknown
RichardWiseman,12/09/2015 17:14:48,@kencoward I now realise that.,0,0.0,0.0,Unknown,Unknown,Unknown,Unknown
RichardWiseman,12/09/2015 17:14:35,@dd9000 worry not,0,0.0,0.0,Unknown,Unknown,Unknown,Unknown
RichardWiseman,12/09/2015 17:14:26,@RainInFace :-),0,0.0,0.0,Unknown,Unknown,Unknown,Unknown
RichardWiseman,12/09/2015 17:14:20,@binkytoes never too late,0,0.0,0.0,Unknown,Unknown,Unknown,Unknown
RichardWiseman,12/09/2015 17:14:08,@jackleg693 thanks Sam,0,0.0,0.0,Unknown,Unknown,Unknown,Unknown
RichardWiseman,12/09/2015 17:13:55,@drtjwalton yes,0,0.0,0.0,Unknown,Unknown,Unknown,Unknown
RichardWiseman,12/09/2015 17:13:44,@tarmstrong81 thank tiny,0,0.0,0.0,Unknown,Unknown,Unknown,Unknown
RichardWiseman,12/09/2015 17:13:10,@CiaraLosty hi!,0,0.0,0.0,Unknown,Unknown,Unknown,Unknown
RichardWiseman,12/09/2015 17:13:00,@blue52moon bonjour Charlie,0,0.0,0.0,Unknown,Unknown,Unknown,Unknown
RichardWiseman,12/09/2015 17:12:36,@Robsocks thank you,0,0.0,0.0,Unknown,Unknown,Unknown,Unknown
RichardWiseman,12/09/2015 17:12:28,@Foggalong yes,0,0.0,0.0,Unknown,Unknown,Unknown,Unknown
RichardWiseman,12/09/2015 17:12:19,@natkin I will look later. Thanks.,0,0.0,0.0,Unknown,Unknown,Unknown,Unknown
RichardWiseman,12/09/2015 17:11:55,@AlistairFrith nope,0,0.0,0.0,Unknown,Unknown,Unknown,Unknown
RichardWiseman,12/09/2015 17:11:45,@randomlynsey hi Lynsey,0,0.0,0.0,Unknown,Unknown,Unknown,Unknown
RichardWiseman,12/09/2015 17:11:27,@jackleg693 hi John,0,0.0,0.0,Unknown,Unknown,Unknown,Unknown
RichardWiseman,12/09/2015 17:11:12,@njnerdymom yes,0,0.0,0.0,Unknown,Unknown,Unknown,Unknown
RichardWiseman,12/09/2015 17:11:06,@kencoward hundreds,0,0.0,0.0,Unknown,Unknown,Unknown,Unknown
RichardWiseman,12/09/2015 17:10:48,@akkordeonistin I am a giving man,0,0.0,0.0,Unknown,Unknown,Unknown,Unknown
RichardWiseman,12/09/2015 17:10:37,@Genus42 hi George,0,0.0,0.0,Unknown,Unknown,Unknown,Unknown
RichardWiseman,12/09/2015 17:10:28,@dazzamjl ha! Yessss,0,0.0,0.0,Unknown,Unknown,Unknown,Unknown
RichardWiseman,12/09/2015 17:10:20,@sciencebulldog awwww,0,0.0,0.0,Unknown,Unknown,Unknown,Unknown
RichardWiseman,12/09/2015 17:10:06,@iamdb1990 awwwwww,0,0.0,0.0,Unknown,Unknown,Unknown,Unknown
RichardWiseman,12/09/2015 17:09:59,@tonsevs thanks,0,0.0,0.0,Unknown,Unknown,Unknown,Unknown
RichardWiseman,12/09/2015 17:09:52,"@AcuStu yes, pity",0,0.0,0.0,Unknown,Unknown,Unknown,Unknown
RichardWiseman,12/09/2015 17:09:42,@Pyrogenius nooooooo,0,0.0,0.0,Unknown,Unknown,Unknown,Unknown
RichardWiseman,12/09/2015 17:09:36,@subatomic maybe,0,0.0,0.0,Unknown,Unknown,Unknown,Unknown
RichardWiseman,12/09/2015 17:09:23,@t1mcook thanks Tim,1,0.0,0.0,Unknown,Unknown,Unknown,Unknown
RichardWiseman,12/09/2015 17:09:14,@CraigWalker1983 hi Craig,0,0.0,0.0,Unknown,Unknown,Unknown,Unknown
RichardWiseman,12/09/2015 17:09:07,@zemblya boo,0,0.0,0.0,Unknown,Unknown,Unknown,Unknown
RichardWiseman,12/09/2015 17:08:59,@ANDREAYANG2 hi Andrea,0,0.0,0.0,Unknown,Unknown,Unknown,Unknown
RichardWiseman,12/09/2015 17:08:50,@flowerbob still time,0,0.0,0.0,Unknown,Unknown,Unknown,Unknown
RichardWiseman,12/09/2015 17:08:42,@JezCarroll yes,0,0.0,0.0,Unknown,Unknown,Unknown,Unknown
RichardWiseman,12/09/2015 17:08:34,@Quarks_ no idea,0,0.0,0.0,Unknown,Unknown,Unknown,Unknown
RichardWiseman,12/09/2015 17:08:24,@s_johnson29 boo,0,0.0,0.0,Unknown,Unknown,Unknown,Unknown
RichardWiseman,12/09/2015 17:08:17,@thermalsatsuma waves,0,0.0,0.0,Unknown,Unknown,Unknown,Unknown
RichardWiseman,12/09/2015 17:08:13,@arobertwebb thanks. I love your stuff. I can't believe it has come to this.,0,0.0,0.0,Unknown,Unknown,Unknown,Unknown
RichardWiseman,12/09/2015 17:07:29,@jimmyja29795206 :-),0,0.0,0.0,Unknown,Unknown,Unknown,Unknown
RichardWiseman,12/09/2015 17:07:22,@blue52moon bonjour,0,0.0,0.0,Unknown,Unknown,Unknown,Unknown
RichardWiseman,12/09/2015 17:07:14,@JohnERhino hi John,0,0.0,0.0,Unknown,Unknown,Unknown,Unknown
RichardWiseman,12/09/2015 17:07:06,@stefan_frei thanks,0,0.0,0.0,Unknown,Unknown,Unknown,Unknown
RichardWiseman,12/09/2015 17:06:58,@Zyaama yes,0,0.0,0.0,Unknown,Unknown,Unknown,Unknown
RichardWiseman,12/09/2015 17:06:51,@ColinTheMathmo yessss!,0,0.0,0.0,Unknown,Unknown,Unknown,Unknown
RichardWiseman,12/09/2015 17:06:45,@edroughan ;-),0,0.0,0.0,Unknown,Unknown,Unknown,Unknown
RichardWiseman,12/09/2015 17:06:38,@cyberadam26 thanks adam,0,0.0,0.0,Unknown,Unknown,Unknown,Unknown
RichardWiseman,12/09/2015 17:06:26,@SkeptiHawk no but I am giving,0,0.0,0.0,Unknown,Unknown,Unknown,Unknown
RichardWiseman,12/09/2015 17:06:16,@prokoptonblog maybe,1,0.0,0.0,Unknown,Unknown,Unknown,Unknown
RichardWiseman,12/09/2015 17:06:09,@Gingeypie ha!,0,0.0,0.0,Unknown,Unknown,Unknown,Unknown
RichardWiseman,12/09/2015 17:06:00,@LornaGibb noooooo,0,0.0,0.0,Unknown,Unknown,Unknown,Unknown
RichardWiseman,12/09/2015 17:05:41,@emilynussbaum Emily!,0,0.0,0.0,Unknown,Unknown,Unknown,Unknown
RichardWiseman,12/09/2015 17:05:32,@TrevorJr26 :-),0,0.0,0.0,Unknown,Unknown,Unknown,Unknown
RichardWiseman,12/09/2015 17:05:21,@blobzombie hi daz,0,0.0,0.0,Unknown,Unknown,Unknown,Unknown
RichardWiseman,12/09/2015 17:05:01,@mp3fbf thanks,0,0.0,0.0,Unknown,Unknown,Unknown,Unknown
RichardWiseman,12/09/2015 17:04:54,@ChrisJones_1 yes,0,0.0,0.0,Unknown,Unknown,Unknown,Unknown
RichardWiseman,12/09/2015 17:04:49,@adam_the_k to back,0,0.0,0.0,Unknown,Unknown,Unknown,Unknown
RichardWiseman,12/09/2015 17:04:31,@Lazer2k hi,0,0.0,0.0,Unknown,Unknown,Unknown,Unknown
RichardWiseman,12/09/2015 17:04:22,@fiona_gabbert me too,0,0.0,0.0,Unknown,Unknown,Unknown,Unknown
RichardWiseman,12/09/2015 17:04:14,@tomrhoads tomorrow,0,0.0,0.0,Unknown,Unknown,Unknown,Unknown
RichardWiseman,12/09/2015 17:04:07,@CountryTurns thanks!,0,0.0,0.0,Unknown,Unknown,Unknown,Unknown
RichardWiseman,12/09/2015 17:03:53,@mbrown839 :-),0,0.0,0.0,Unknown,Unknown,Unknown,Unknown
RichardWiseman,12/09/2015 17:03:42,"@0xbabad00c yes, very",0,0.0,0.0,Unknown,Unknown,Unknown,Unknown
RichardWiseman,12/09/2015 17:03:33,@FlamingEd you too ed,0,0.0,0.0,Unknown,Unknown,Unknown,Unknown
RichardWiseman,12/09/2015 17:03:23,@youngrat :-),0,0.0,0.0,Unknown,Unknown,Unknown,Unknown
RichardWiseman,12/09/2015 17:03:17,@GeorgeCurrie hi George,0,0.0,0.0,Unknown,Unknown,Unknown,Unknown
RichardWiseman,12/09/2015 17:03:01,@TrevorMLambert sore throat,0,0.0,0.0,Unknown,Unknown,Unknown,Unknown
RichardWiseman,12/09/2015 17:02:53,@the_davedavies bonjour dave,0,0.0,0.0,Unknown,Unknown,Unknown,Unknown
RichardWiseman,12/09/2015 17:02:42,@The_Alv thank you,0,0.0,0.0,Unknown,Unknown,Unknown,Unknown
RichardWiseman,12/09/2015 17:02:34,@kencoward hi ken,0,0.0,0.0,Unknown,Unknown,Unknown,Unknown
RichardWiseman,12/09/2015 17:02:27,@matt_greaves hi Matt,0,0.0,0.0,Unknown,Unknown,Unknown,Unknown
RichardWiseman,12/09/2015 17:02:19,@Underbundle hi bill,0,0.0,0.0,Unknown,Unknown,Unknown,Unknown
RichardWiseman,12/09/2015 17:02:08,@VenturaSciMeet :-),0,0.0,0.0,Unknown,Unknown,Unknown,Unknown
RichardWiseman,12/09/2015 17:02:03,@SuzyMatuszak my pleasure.,0,0.0,0.0,Unknown,Unknown,Unknown,Unknown
RichardWiseman,12/09/2015 17:01:50,@ChesherKat how lovely,0,0.0,0.0,Unknown,Unknown,Unknown,Unknown
RichardWiseman,12/09/2015 17:01:42,@rehtaeh1 reply,0,0.0,0.0,Unknown,Unknown,Unknown,Unknown
RichardWiseman,12/09/2015 17:01:34,@stevewestgarth hey!,0,0.0,0.0,Unknown,Unknown,Unknown,Unknown
RichardWiseman,12/09/2015 17:01:25,@matthewbate hi mat,0,0.0,0.0,Unknown,Unknown,Unknown,Unknown
RichardWiseman,12/09/2015 17:01:16,@chungf thank you,0,0.0,0.0,Unknown,Unknown,Unknown,Unknown
RichardWiseman,12/09/2015 17:01:09,@danhamer14 me neither,0,0.0,0.0,Unknown,Unknown,Unknown,Unknown
RichardWiseman,12/09/2015 17:00:57,@TrickyWilson @justpollit yesssssz,0,0.0,0.0,Unknown,Unknown,Unknown,Unknown
RichardWiseman,12/09/2015 17:00:46,@BexRubio awwwwww,0,0.0,0.0,Unknown,Unknown,Unknown,Unknown
RichardWiseman,12/09/2015 17:00:38,@HaraldBartels you just did!,0,0.0,0.0,Unknown,Unknown,Unknown,Unknown
RichardWiseman,12/09/2015 17:00:27,@katejkatz yesssssszz,0,0.0,0.0,Unknown,Unknown,Unknown,Unknown
RichardWiseman,12/09/2015 17:00:20,@alexmschatz how kind!,0,0.0,0.0,Unknown,Unknown,Unknown,Unknown
RichardWiseman,12/09/2015 17:00:11,@medtek hi you,0,0.0,0.0,Unknown,Unknown,Unknown,Unknown
RichardWiseman,12/09/2015 17:00:02,@merlijn1998 hi!,0,0.0,0.0,Unknown,Unknown,Unknown,Unknown
RichardWiseman,12/09/2015 16:59:51,@natkin my pleasure.,0,0.0,0.0,Unknown,Unknown,Unknown,Unknown
RichardWiseman,12/09/2015 16:59:39,@varldsmastaren you too,0,0.0,0.0,Unknown,Unknown,Unknown,Unknown
RichardWiseman,12/09/2015 16:59:31,@AmyG1980 hi Amy,1,0.0,0.0,Unknown,Unknown,Unknown,Unknown
RichardWiseman,12/09/2015 16:59:23,@zeitungsjunge tweet back,0,0.0,0.0,Unknown,Unknown,Unknown,Unknown
RichardWiseman,12/09/2015 16:59:17,@DeathTheBeast you are tooooo kind,0,0.0,0.0,Unknown,Unknown,Unknown,Unknown
RichardWiseman,12/09/2015 16:59:03,@Natxope07 how kind!,0,0.0,0.0,Unknown,Unknown,Unknown,Unknown
RichardWiseman,12/09/2015 16:58:55,@samjackgreen hi Sam,0,0.0,0.0,Unknown,Unknown,Unknown,Unknown
RichardWiseman,12/09/2015 16:58:48,@j442211 hi jake,0,0.0,0.0,Unknown,Unknown,Unknown,Unknown
RichardWiseman,12/09/2015 16:58:41,@RevDrDom I must,0,0.0,0.0,Unknown,Unknown,Unknown,Unknown
RichardWiseman,12/09/2015 16:58:33,@Stippidoo thanks!,0,0.0,0.0,Unknown,Unknown,Unknown,Unknown
RichardWiseman,12/09/2015 16:58:25,@lovholm I now realise that,0,0.0,0.0,Unknown,Unknown,Unknown,Unknown
RichardWiseman,12/09/2015 16:58:14,@CountryTurns thank you,0,0.0,0.0,Unknown,Unknown,Unknown,Unknown
RichardWiseman,12/09/2015 16:58:06,@mittelsmaerz ha! Bastard.,0,0.0,0.0,Unknown,Unknown,Unknown,Unknown
RichardWiseman,12/09/2015 16:57:56,@Seattle_JC I insist,0,0.0,0.0,Unknown,Unknown,Unknown,Unknown
RichardWiseman,12/09/2015 16:57:48,@DazNewman I must,0,0.0,0.0,Unknown,Unknown,Unknown,Unknown
RichardWiseman,12/09/2015 16:57:40,@ericberlinct I insist,0,0.0,0.0,Unknown,Unknown,Unknown,Unknown
RichardWiseman,12/09/2015 16:57:33,@Hayleystevens boo!,0,0.0,0.0,Unknown,Unknown,Unknown,Unknown
RichardWiseman,12/09/2015 16:57:26,@ricpaul indeed!,0,0.0,0.0,Unknown,Unknown,Unknown,Unknown
RichardWiseman,12/09/2015 16:57:17,@Sjonnie6 thanks,0,0.0,0.0,Unknown,Unknown,Unknown,Unknown
RichardWiseman,12/09/2015 16:57:10,@LMFinney you got it.,0,0.0,0.0,Unknown,Unknown,Unknown,Unknown
RichardWiseman,12/09/2015 16:56:59,@leesetford yessssssss,0,0.0,0.0,Unknown,Unknown,Unknown,Unknown
RichardWiseman,12/09/2015 16:56:51,@Jim1810 that counts,0,0.0,0.0,Unknown,Unknown,Unknown,Unknown
RichardWiseman,12/09/2015 16:56:43,@pugwash99 :-),0,0.0,0.0,Unknown,Unknown,Unknown,Unknown
RichardWiseman,12/09/2015 16:56:37,@plgstand see you soon!,0,0.0,0.0,Unknown,Unknown,Unknown,Unknown
RichardWiseman,12/09/2015 16:56:27,@libertine_25 hi there,0,0.0,0.0,Unknown,Unknown,Unknown,Unknown
RichardWiseman,12/09/2015 16:56:15,@Os190 my pleasure.,0,0.0,0.0,Unknown,Unknown,Unknown,Unknown
RichardWiseman,12/09/2015 16:56:04,@SpurredRenald hey right back at you.,0,0.0,0.0,Unknown,Unknown,Unknown,Unknown
RichardWiseman,12/09/2015 16:55:50,@LornaGibb lovely to meet you.,0,0.0,0.0,Unknown,Unknown,Unknown,Unknown
RichardWiseman,12/09/2015 16:55:38,@deanshep11199 how kind. Thanks.,1,0.0,0.0,Unknown,Unknown,Unknown,Unknown
RichardWiseman,12/09/2015 16:55:28,@slagell hi and thanks,0,0.0,0.0,Unknown,Unknown,Unknown,Unknown
RichardWiseman,12/09/2015 16:54:50,Little experiment: I will personally thank everyone who tweets me in the next 5 mins.,8,0.0,0.0,Unknown,Unknown,Unknown,Unknown
RichardWiseman,12/09/2015 14:49:25,"I am Winchester bound. Come hear me chat tonight about illusion, happiness, sleep and your mind. http://t.co/Ojf3EcpJUe",3,0.0,0.0,Unknown,Unknown,Unknown,Unknown
RichardWiseman,12/09/2015 14:06:02,@MrOfMark ha! Fab.,0,0.0,0.0,Unknown,Unknown,Unknown,Unknown
RichardWiseman,12/09/2015 11:38:34,RT @andynyman: UK Magicians - Huge congrats to @MarkLeveridge for becoming leader of the Labour Party. http://t.co/vaKyAOv9o5,0,0.0,0.0,Unknown,Unknown,Unknown,Unknown
RichardWiseman,12/09/2015 09:01:59,Wanna see Fred Rogers reduce Joan Rivers to tears? http://t.co/LNfA9AGh00,7,0.0,0.0,Unknown,Unknown,Unknown,Unknown
RichardWiseman,11/09/2015 22:07:19,@FleurDeForce congrats! amazing work.,0,0.0,0.0,Unknown,Unknown,Unknown,Unknown
RichardWiseman,11/09/2015 21:59:08,@tkingdoll indeed - i have the pleasure of speaking there soon.,0,0.0,0.0,Unknown,Unknown,Unknown,Unknown
RichardWiseman,11/09/2015 21:23:04,St Andrews University defends giving honorary degree to sex offender http://t.co/iDJeYfNqXe,8,0.0,0.0,Unknown,Unknown,Unknown,Unknown
RichardWiseman,11/09/2015 21:16:54,@MC_Miser thanks - will get it removed,0,0.0,0.0,Unknown,Unknown,Unknown,Unknown
RichardWiseman,11/09/2015 18:35:50,@TheArchini although if that is full size guitar that must be a massive table,0,0.0,0.0,Unknown,Unknown,Unknown,Unknown
RichardWiseman,11/09/2015 14:56:22,@jonronson you have some v strange hobbies.,0,0.0,0.0,Unknown,Unknown,Unknown,Unknown
RichardWiseman,11/09/2015 13:34:26,@vbloke sooooooo wish I had thought of that.,0,0.0,0.0,Unknown,Unknown,Unknown,Unknown
RichardWiseman,11/09/2015 13:34:24,@chriscfrench congrats on the conference! Lovely to see you.,0,0.0,0.0,Unknown,Unknown,Unknown,Unknown
RichardWiseman,11/09/2015 13:33:30,@SDreyfrst that's v kind. Glad you enjoyed it.,0,0.0,0.0,Unknown,Unknown,Unknown,Unknown
RichardWiseman,11/09/2015 13:33:00,@skepman @YouTube yessssss. Do it!,0,0.0,0.0,Unknown,Unknown,Unknown,Unknown
RichardWiseman,11/09/2015 13:32:36,@femme_ke @mandarine_one ha. Good point.,0,0.0,0.0,Unknown,Unknown,Unknown,Unknown
RichardWiseman,11/09/2015 07:48:47,@vbloke oh that's great. Wonder how they did that.,0,0.0,0.0,Unknown,Unknown,Unknown,Unknown
RichardWiseman,11/09/2015 04:18:18,@WayneHouchin Thanks for the RT!,0,0.0,0.0,Unknown,Unknown,Unknown,Unknown
RichardWiseman,10/09/2015 23:32:35,@DMCmagic lovely to meet you again.,0,0.0,0.0,Unknown,Unknown,Unknown,Unknown
RichardWiseman,10/09/2015 23:32:20,@skepman @SITP thanks for coming along!,0,0.0,0.0,Unknown,Unknown,Unknown,Unknown
RichardWiseman,10/09/2015 10:55:00,@mpscomms that will be fine!,0,0.0,0.0,Unknown,Unknown,Unknown,Unknown
RichardWiseman,10/09/2015 09:43:54,@Julie_Salt yippeeeee,0,0.0,0.0,Unknown,Unknown,Unknown,Unknown
RichardWiseman,10/09/2015 09:43:37,@theuncommon cancel the wedding. or get them all to come to talk.,0,0.0,0.0,Unknown,Unknown,Unknown,Unknown
RichardWiseman,10/09/2015 09:02:46,"If you are near Winchester on sat, I am talking about illusion, magic, happiness, luck and sleep http://t.co/Ojf3EcpJUe",7,0.0,0.0,Unknown,Unknown,Unknown,Unknown
RichardWiseman,09/09/2015 08:41:24,@SLSingh @BuzzFeed @aljwhite oh that's great. Well done them.,0,0.0,0.0,Unknown,Unknown,Unknown,Unknown
RichardWiseman,09/09/2015 00:11:13,@EdinGhostBus hi - i wanted to send you a quick email re a project - can you send me an email addy?,0,0.0,0.0,Unknown,Unknown,Unknown,Unknown
RichardWiseman,08/09/2015 16:56:26,RT @BoingBoing: Let's all just take a moment to appreciate how shitty the @MailOnline is at Photoshopping. http://t.co/hLGf9Nj3Rc http://t.…,0,0.0,0.0,Unknown,Unknown,Unknown,Unknown
RichardWiseman,08/09/2015 14:25:46,@DostStephen ha. yes! Brain Myths!,0,0.0,0.0,Unknown,Unknown,Unknown,Unknown
RichardWiseman,08/09/2015 13:02:25,@yanquetino indeed,0,0.0,0.0,Unknown,Unknown,Unknown,Unknown
RichardWiseman,08/09/2015 12:50:33,Much better link re the breaking news of C of E sexual abuse story  http://t.co/BXzQFrB1Tr,4,0.0,0.0,Unknown,Unknown,Unknown,Unknown
RichardWiseman,08/09/2015 12:47:40,C of E bishop admits sexually assaulting two young men - and possible evidence of attempted cover-up?  http://t.co/cAB26BWpRQ,6,0.0,0.0,Unknown,Unknown,Unknown,Unknown
RichardWiseman,08/09/2015 11:47:23,You don't need any of these fun kitchen gadgets but will want many of them http://t.co/gEFYiLSWaG,23,0.0,0.0,Unknown,Unknown,Unknown,Unknown
RichardWiseman,08/09/2015 07:26:44,@vivekgeorge91 thanks!,0,0.0,0.0,Unknown,Unknown,Unknown,Unknown
RichardWiseman,08/09/2015 07:24:53,More neurobollocks: Great article on the silly and seductive use of the word 'brain' in education https://t.co/nCmAIStViR,50,0.0,0.0,Unknown,Unknown,Unknown,Unknown
RichardWiseman,07/09/2015 22:43:15,@FleurDeForce https://t.co/U8m5W2MO1G,0,0.0,0.0,Unknown,Unknown,Unknown,Unknown
RichardWiseman,07/09/2015 07:35:26,"@julianacapes v nice idea. Yes, spent years studying luck.",0,0.0,0.0,Unknown,Unknown,Unknown,Unknown
RichardWiseman,06/09/2015 19:12:16,@julianacapes genius way of owning a huge space - have events and marketing people approached you?,0,0.0,0.0,Unknown,Unknown,Unknown,Unknown
RichardWiseman,05/09/2015 22:29:22,@Anna_Moffat @edinburgh @julianacapes @artwalkporty I saw it an Hidden Doors - genius idea.,0,0.0,0.0,Unknown,Unknown,Unknown,Unknown
RichardWiseman,05/09/2015 11:55:04,RT @SLSingh: Auctioning my M209 cipher machine to raise £ for @GoodThinkingSoc &amp; AllTrials &amp; @senseaboutsci http://t.co/RhnweCXMkI http://t…,0,0.0,0.0,Unknown,Unknown,Unknown,Unknown
RichardWiseman,05/09/2015 09:56:22,@FringeGuru interesting point - i think those type of contracts tend to be flat fee,0,0.0,0.0,Unknown,Unknown,Unknown,Unknown
RichardWiseman,05/09/2015 08:25:15,Great piece on how academics are being suckered into writing 'academic' books http://t.co/eMOkq7CFvI (via @jonmsutton ),57,0.0,0.0,Unknown,Unknown,Unknown,Unknown
RichardWiseman,03/09/2015 16:14:10,"If you happen to be in Orkney on Sat, I'll be talking about the science of sleep &amp; dreaming. Do come. http://t.co/gRPWEcdxAA (@OrkSciFest )",11,0.0,0.0,Unknown,Unknown,Unknown,Unknown
RichardWiseman,03/09/2015 12:14:37,V good! Lovely illusion MT @top_leighton:  http://t.co/sZhpzvv58X,7,0.0,0.0,Unknown,Unknown,Unknown,Unknown
RichardWiseman,01/09/2015 20:34:30,"Just read that Dale Carnegie's work can be summed up in 2 maxims """"Forget yourself; do things for others"""" &amp; """"Cooperate with the inevitable.""""",18,0.0,0.0,Unknown,Unknown,Unknown,Unknown
RichardWiseman,01/09/2015 12:42:17,@Stevevalentine originally ended: 'I amaze all with my cunning and con. Using just a pack of bikes and a magic ding dong'.,0,0.0,0.0,Unknown,Unknown,Unknown,Unknown
