TwelfthWomen,17/09/2015 00:15:38,RT @DougBaldwinJr: Couldn‚Äôt be more proud to call @RSherman_25 my brother.,0,0.0,0.0,Unknown,Unknown,Unknown,Unknown,Unknown
TwelfthWomen,16/09/2015 18:02:15,RT @WAZERWIFLES: Rams beat us by 3 in OT and act like it was the super bowl? Ah well probably closest they will get to playing a super bowl‚Ä¶,0,0.0,0.0,Unknown,Unknown,Unknown,Unknown,Unknown
TwelfthWomen,16/09/2015 17:58:42,RT @LosBeOnIt: WCW goes out to the pretty women who has their shit together cuz these pretty bitches get way too much credit for having a f‚Ä¶,0,0.0,0.0,Unknown,Unknown,Unknown,Unknown,Unknown
TwelfthWomen,16/09/2015 17:58:08,RT @WAZERWIFLES: @MyersNFL ludicrous?,0,0.0,0.0,Unknown,Unknown,Unknown,Unknown,Unknown
TwelfthWomen,16/09/2015 17:57:40,RT @WAZERWIFLES: @carrie_walter @Rand_Getlin @RapSheet I think the math shows if he waits that long he will be writing the seahawks checks ‚Ä¶,0,0.0,0.0,Unknown,Unknown,Unknown,Unknown,Unknown
TwelfthWomen,16/09/2015 17:57:29,"RT @RapSheet: The loss didn‚Äôt change things, so holdout continues for #Seahawks S Kam Chancellor. He‚Äôs not in Seattle, ‚ÄòHawks will play wit‚Ä¶",0,0.0,0.0,Unknown,Unknown,Unknown,Unknown,Unknown
TwelfthWomen,16/09/2015 17:57:17,"RT @Rand_Getlin: And Kam will miss another $268K game check. So, $536K and counting. https://t.co/58EdAxVcGR",0,0.0,0.0,Unknown,Unknown,Unknown,Unknown,Unknown
TwelfthWomen,16/09/2015 17:10:48,@WAZERWIFLES aww love you babe,0,0.0,0.0,Unknown,Unknown,Unknown,Unknown,Unknown
TwelfthWomen,16/09/2015 17:09:45,"RT @wingoz: Here's the problem Adam: NOTHING about slamming someone's head into their helmet is a """" football play"""". NOTHING https://t.co/rG‚Ä¶",0,0.0,0.0,Unknown,Unknown,Unknown,Unknown,Unknown
TwelfthWomen,16/09/2015 17:06:57,RT @ShaunKing: This is the ACTUAL STATEMENT from the Iriving Police on why they arrested Ahmed Mohamed. Worse than fiction. http://t.co/vVy‚Ä¶,0,0.0,0.0,Unknown,Unknown,Unknown,Unknown,Unknown
TwelfthWomen,16/09/2015 17:06:40,RT @WAZERWIFLES: #IStandWithAhmed,0,0.0,0.0,Unknown,Unknown,Unknown,Unknown,Unknown
TwelfthWomen,16/09/2015 17:06:25,RT @Irish_Atheist: #IStandWithAhmed because science and learning trumps prejudice and fear.  http://t.co/eKGpn0egB9,0,0.0,0.0,Unknown,Unknown,Unknown,Unknown,Unknown
TwelfthWomen,16/09/2015 16:53:17,RT @ProFootballTalk: The Seahawks-Rams replay assistant may have violated protocol to correct the wrong call on the Seahawks' onside kick h‚Ä¶,0,0.0,0.0,Unknown,Unknown,Unknown,Unknown,Unknown
TwelfthWomen,16/09/2015 16:46:43,RT @sarahcolonna: Well this is awkward. And does it mean I don't have to work this weekend? http://t.co/abOXAerYcV,0,0.0,0.0,Unknown,Unknown,Unknown,Unknown,Unknown
TwelfthWomen,16/09/2015 16:46:05,RT @RlDICULOUSNESS: A realistic high school musical http://t.co/toLsxBALQt,0,0.0,0.0,Unknown,Unknown,Unknown,Unknown,Unknown
TwelfthWomen,16/09/2015 03:34:24,Happy birthday to a talented head coach named @PeteCarroll,1,0.0,0.0,Unknown,Unknown,Unknown,Unknown,Unknown
TwelfthWomen,16/09/2015 03:32:08,RT @RlDICULOUSNESS: CANT TRUST THESE SELFIE STICKSüòÇüòÇüòÇ http://t.co/xRALVp8DLI,0,0.0,0.0,Unknown,Unknown,Unknown,Unknown,Unknown
TwelfthWomen,16/09/2015 03:31:14,RT @RlDICULOUSNESS: HE WAS SO FED UP üòÇüòÇ http://t.co/Y3bSlkWgEk,0,0.0,0.0,Unknown,Unknown,Unknown,Unknown,Unknown
TwelfthWomen,16/09/2015 03:30:15,I liked a @YouTube video http://t.co/oh2p4IiANn POWERADE | Jimmy Graham | Just a Kid From Goldsboro #justakid,0,0.0,0.0,Unknown,Unknown,Unknown,Unknown,Unknown
TwelfthWomen,15/09/2015 17:28:43,RT @WAZERWIFLES: (Vine by BigCat) https://t.co/XuY23X0IzZ,0,0.0,0.0,Unknown,Unknown,Unknown,Unknown,Unknown
TwelfthWomen,15/09/2015 17:27:44,RT @NFLonCBS: Teddy Bridgewater may have just been sacked by his own lineman. http://t.co/YmuGGhg85a,0,0.0,0.0,Unknown,Unknown,Unknown,Unknown,Unknown
TwelfthWomen,15/09/2015 17:27:27,RT @WAZERWIFLES: Just Adrian Peterson taking some 49ers for a ride (Vine by @kpatra) https://t.co/lr3vjHl3r5,0,0.0,0.0,Unknown,Unknown,Unknown,Unknown,Unknown
TwelfthWomen,15/09/2015 17:26:01,RT @WAZERWIFLES: Harrison Smith clobbers Kaepernick. (Vine by @ChrisBurke_SI) https://t.co/j69G1iMVUu,0,0.0,0.0,Unknown,Unknown,Unknown,Unknown,Unknown
TwelfthWomen,15/09/2015 17:25:36,RT @WAZERWIFLES: @topdetox @DublDownDrew http://t.co/Am2e9PM3EG,0,0.0,0.0,Unknown,Unknown,Unknown,Unknown,Unknown
TwelfthWomen,15/09/2015 02:29:58,RT @NFLRT: When your boy calls dibs but can't close the deal  https://t.co/nOcGlTKKTo,0,0.0,0.0,Unknown,Unknown,Unknown,Unknown,Unknown
TwelfthWomen,15/09/2015 02:27:53,RT @smooth_chillin: noooo üòÇ http://t.co/0cVVAhcsWR,0,0.0,0.0,Unknown,Unknown,Unknown,Unknown,Unknown
TwelfthWomen,15/09/2015 00:17:37,RT @AboutVirgos: #Virgos are one of the best conversationalists. You can talk to them about anything.,0,0.0,0.0,Unknown,Unknown,Unknown,Unknown,Unknown
TwelfthWomen,15/09/2015 00:17:02,RT @Earl_Thomas: #TEAM #Together #12s http://t.co/CarvIWzbEi,0,0.0,0.0,Unknown,Unknown,Unknown,Unknown,Unknown
TwelfthWomen,14/09/2015 23:10:18,RT @DominicDs34: @ESPNNFL Because he tweeted something he's tweeted every week for three years? http://t.co/ND7wKcW5IA,0,0.0,0.0,Unknown,Unknown,Unknown,Unknown,Unknown
TwelfthWomen,14/09/2015 23:01:00,I WANT http://t.co/pmaqspmvmg,0,0.0,0.0,Unknown,Unknown,Unknown,Unknown,Unknown
TwelfthWomen,14/09/2015 21:45:53,"RT @OMGFacts: Google has been buying, on average, more than one company per week since 2010.",0,0.0,0.0,Unknown,Unknown,Unknown,Unknown,Unknown
TwelfthWomen,14/09/2015 21:41:17,RT @AmazingSprtsPic: Josh McCown with the helicopter https://t.co/toojsv9Ipw,0,0.0,0.0,Unknown,Unknown,Unknown,Unknown,Unknown
TwelfthWomen,14/09/2015 19:41:57,RT @WORIDSTARHIPH0P: This dog is scared of everything üòÇüòÇ http://t.co/qRH84F6rIh,0,0.0,0.0,Unknown,Unknown,Unknown,Unknown,Unknown
TwelfthWomen,14/09/2015 19:21:51,RT @SNFonNBC: Is it Sunday yet? #SNF #SEAvsGB http://t.co/f8DJwGmc4j,0,0.0,0.0,Unknown,Unknown,Unknown,Unknown,Unknown
TwelfthWomen,14/09/2015 19:21:45,RT @Cianaf: So on SEA's first play they leave Chris Long unblocked and aren't reading him so he can just go straight to Lynch? K http://t.c‚Ä¶,0,0.0,0.0,Unknown,Unknown,Unknown,Unknown,Unknown
TwelfthWomen,14/09/2015 17:22:25,RT @RlDICULOUSNESS: HE IS ONLY 10 üíÄüòÇüò≠ https://t.co/gRkXKwyAie,0,0.0,0.0,Unknown,Unknown,Unknown,Unknown,Unknown
TwelfthWomen,14/09/2015 17:21:28,RT @sayingsforgirls: everywhere is a bed if you try hard enough,0,0.0,0.0,Unknown,Unknown,Unknown,Unknown,Unknown
TwelfthWomen,14/09/2015 16:37:24,RT @hawkfan98252: Seemed like the announcers didn't like the Hawks much yesterday! Haha,0,0.0,0.0,Unknown,Unknown,Unknown,Unknown,Unknown
TwelfthWomen,14/09/2015 15:25:59,RT @psychologicaI: Consider how hard it is to change yourself and you'll understand what little chance you have in trying to change others.,0,0.0,0.0,Unknown,Unknown,Unknown,Unknown,Unknown
TwelfthWomen,14/09/2015 15:13:19,RT @WAZERWIFLES: @AlbertBreer @STLouisRams @BennyCunningham don't LOL you piece of shit Breer. 1-0 is a mindset not a prediction something ‚Ä¶,0,0.0,0.0,Unknown,Unknown,Unknown,Unknown,Unknown
TwelfthWomen,14/09/2015 15:12:21,RT @RlDICULOUSNESS: lmao childish http://t.co/N6FQsu4kuf,0,0.0,0.0,Unknown,Unknown,Unknown,Unknown,Unknown
TwelfthWomen,14/09/2015 02:39:23,RT @JoeDRobinson4: Yes. @DangeRussWilson tweeted 1-0 before the Rams game. Just like before every game in his entire career. Here it is. ht‚Ä¶,0,0.0,0.0,Unknown,Unknown,Unknown,Unknown,Unknown
TwelfthWomen,14/09/2015 02:38:01,"RT @gbellseattle: Truth from #Seahawks CB Richard Sherman: """"It's always weird with the Rams.""""",0,0.0,0.0,Unknown,Unknown,Unknown,Unknown,Unknown
TwelfthWomen,14/09/2015 02:37:53,RT @WAZERWIFLES: Seek help https://t.co/6ZNHlWQb69,0,0.0,0.0,Unknown,Unknown,Unknown,Unknown,Unknown
TwelfthWomen,14/09/2015 02:37:40,"RT @dannyoneil: Michael Bennett on #Rams' stop on fourth-and-1 in overtime: """"Now all the fuss about should we have ran it can go away.""""",0,0.0,0.0,Unknown,Unknown,Unknown,Unknown,Unknown
TwelfthWomen,14/09/2015 00:44:34,RT @Garry_Gilliam: Watch film. Fix the mistakes. Move on. Get better. #WhatsNext #GoHawks,0,0.0,0.0,Unknown,Unknown,Unknown,Unknown,Unknown
TwelfthWomen,14/09/2015 00:44:24,RT @MissywriWright: #truth #patriotscheat #nflbabies http://t.co/IOBEPPR73R,0,0.0,0.0,Unknown,Unknown,Unknown,Unknown,Unknown
TwelfthWomen,14/09/2015 00:44:03,RT @Notufatjesus_: When she give you a fake number and you call it in front of her http://t.co/DMVuLy6p46,0,0.0,0.0,Unknown,Unknown,Unknown,Unknown,Unknown
TwelfthWomen,14/09/2015 00:43:11,RT @Ravens: Terrell Suggs tore his Achilles and is done for the year.,0,0.0,0.0,Unknown,Unknown,Unknown,Unknown,Unknown
TwelfthWomen,14/09/2015 00:42:22,"RT @dannyoneil: Michael Bennett on helping Dion Bailey find right perspective: """"Everybody makes mistakes, man. I lined up offsides twice li‚Ä¶",0,0.0,0.0,Unknown,Unknown,Unknown,Unknown,Unknown
TwelfthWomen,14/09/2015 00:42:08,"RT @DangeRussWilson: Our goal is to go 1-0 every week. We fell a little short today, but looking forward to getting back to work! #GoHawks",0,0.0,0.0,Unknown,Unknown,Unknown,Unknown,Unknown
TwelfthWomen,13/09/2015 22:46:51,RT @WAZERWIFLES: Thought I felt bad about the #Seahawks then I seen the #Colts highlights and lol I feel a little better now.,0,0.0,0.0,Unknown,Unknown,Unknown,Unknown,Unknown
TwelfthWomen,13/09/2015 22:46:42,RT @bcondotta: ... but we were still in the game. Regardless of what the situation was we had more opportunities during the game.'',0,0.0,0.0,Unknown,Unknown,Unknown,Unknown,Unknown
TwelfthWomen,13/09/2015 22:46:29,"RT @bcondotta: Michael Bennett on Chancellor: """"Whenever you lose everyone is going to turn around saying this and that, Kam Chancellor this‚Ä¶",0,0.0,0.0,Unknown,Unknown,Unknown,Unknown,Unknown
TwelfthWomen,13/09/2015 22:46:08,"RT @dannyoneil: #Seahawks LT Russell Okung: """"I just have to play better. I‚Äôve got to protect the quarterback better. That‚Äôs unacceptable.""""",0,0.0,0.0,Unknown,Unknown,Unknown,Unknown,Unknown
TwelfthWomen,13/09/2015 22:45:22,"RT @BR_NFL: VIDEO: Adam ‚ÄúPacman‚Äù Jones slams Amari Cooper‚Äôs head onto helmet, doesn‚Äôt get ejected http://t.co/IiINRJVB31 http://t.co/SbjQs4‚Ä¶",0,0.0,0.0,Unknown,Unknown,Unknown,Unknown,Unknown
TwelfthWomen,13/09/2015 22:45:10,"RT @WAZERWIFLES: 1-0 is a mindset, not a prediction.",0,0.0,0.0,Unknown,Unknown,Unknown,Unknown,Unknown
TwelfthWomen,13/09/2015 22:45:00,RT @Seahawks: Wilson: #GoHawks,0,0.0,0.0,Unknown,Unknown,Unknown,Unknown,Unknown
TwelfthWomen,13/09/2015 22:44:51,RT @SBNationGIF: Pacman Jones welcomes Amari Cooper to the NFL with a nice head thump. http://t.co/vkkpTYnNOU,0,0.0,0.0,Unknown,Unknown,Unknown,Unknown,Unknown
TwelfthWomen,13/09/2015 22:43:33,RT @dannyoneil: #Seahawks K Steven Hauschka said he didn't execute the kick.,0,0.0,0.0,Unknown,Unknown,Unknown,Unknown,Unknown
TwelfthWomen,13/09/2015 21:14:48,RT @SBNationGIF: This is the best play in Bucs history. http://t.co/vvKmSbSqzp,0,0.0,0.0,Unknown,Unknown,Unknown,Unknown,Unknown
TwelfthWomen,13/09/2015 21:14:00,JJ Watt is such a beast rocking my fantasy http://t.co/upmtvfIip3,0,0.0,0.0,Unknown,Unknown,Unknown,Unknown,Unknown
TwelfthWomen,13/09/2015 21:06:48,RT @Softykjr: Makes no sense. How could he miss that bad? Had to be a miscommunication. Right? https://t.co/oOyJlXSWaa,0,0.0,0.0,Unknown,Unknown,Unknown,Unknown,Unknown
TwelfthWomen,13/09/2015 21:06:19,"RT @KevinWade_: Every single week, @DangeRussWilson tweets """"1-0"""" before the game. This isn't new http://t.co/N644IcCauc",0,0.0,0.0,Unknown,Unknown,Unknown,Unknown,Unknown
TwelfthWomen,13/09/2015 21:06:07,"RT @TumbarelloNFL: Hey @STLouisRams, don't delete this at the end of the season when you're not relevant.  https://t.co/xQORFZ6siZ",0,0.0,0.0,Unknown,Unknown,Unknown,Unknown,Unknown
TwelfthWomen,13/09/2015 21:05:56,RT @TorryBruce: Hey @STLouisRams - tweet at us when you actually make the playoffs.  We'll have a lot more 1-0s than ya'll will!,0,0.0,0.0,Unknown,Unknown,Unknown,Unknown,Unknown
TwelfthWomen,13/09/2015 21:05:40,"RT @Softykjr: Wilson wasn't disrespecting the Rams before the game. He was sending out the same """"go 1-0"""" tweet he does every game. Pay atte‚Ä¶",0,0.0,0.0,Unknown,Unknown,Unknown,Unknown,Unknown
TwelfthWomen,13/09/2015 21:05:18,RT @gbellseattle: Pete Carroll: K Steven Hauschka mis-hit ball. It was not a called onside kick. supposed to be pooched high down field to ‚Ä¶,0,0.0,0.0,Unknown,Unknown,Unknown,Unknown,Unknown
TwelfthWomen,13/09/2015 20:51:20,"RT @WAZERWIFLES: @kjrmitch it's ultimately on Pete. He is the head coach, a lot of unneeded pressure situations.",0,0.0,0.0,Unknown,Unknown,Unknown,Unknown,Unknown
TwelfthWomen,13/09/2015 20:51:12,RT @Softykjr: Good luck in LA next year.  https://t.co/GIrjG2rcfI,0,0.0,0.0,Unknown,Unknown,Unknown,Unknown,Unknown
TwelfthWomen,13/09/2015 20:50:48,RT @BestGuyAround: Bummed about late TD but Dion Bailey is an undrafted LB converted to safety trying to replace the premier player at his ‚Ä¶,0,0.0,0.0,Unknown,Unknown,Unknown,Unknown,Unknown
TwelfthWomen,13/09/2015 20:50:33,RT @WAZERWIFLES: Why the fuck is Bevell still employed @Seahawks?,0,0.0,0.0,Unknown,Unknown,Unknown,Unknown,Unknown
TwelfthWomen,13/09/2015 20:50:23,RT @SteadyHawkin: Deserved to lose that,0,0.0,0.0,Unknown,Unknown,Unknown,Unknown,Unknown
TwelfthWomen,13/09/2015 20:50:17,RT @12thmanTim: Awesome play calling. Go fuck yourself Bevell,0,0.0,0.0,Unknown,Unknown,Unknown,Unknown,Unknown
TwelfthWomen,13/09/2015 20:49:57,RT @DjSprick: #GoHawks  #NextManUp http://t.co/odzQ33zZzR,0,0.0,0.0,Unknown,Unknown,Unknown,Unknown,Unknown
TwelfthWomen,13/09/2015 20:20:23,What's happening,0,0.0,0.0,Unknown,Unknown,Unknown,Unknown,Unknown
TwelfthWomen,13/09/2015 20:20:06,Nevermind fuck this,1,0.0,0.0,Unknown,Unknown,Unknown,Unknown,Unknown
TwelfthWomen,13/09/2015 20:19:13,Thank you football gods,1,0.0,0.0,Unknown,Unknown,Unknown,Unknown,Unknown
TwelfthWomen,13/09/2015 20:00:29,Sad we couldn't hold them once more let um get the first down,0,0.0,0.0,Unknown,Unknown,Unknown,Unknown,Unknown
TwelfthWomen,13/09/2015 19:55:20,RT @jsim253: Pushing the WR out of bounds before the ball got there.  Clear PI.,0,0.0,0.0,Unknown,Unknown,Unknown,Unknown,Unknown
TwelfthWomen,13/09/2015 19:54:04,Why did we waste a timeout,0,0.0,0.0,Unknown,Unknown,Unknown,Unknown,Unknown
TwelfthWomen,13/09/2015 19:49:27,RT @WORLDSTAR: When you're excited about Sunday's again. http://t.co/tkZeSvocf3,0,0.0,0.0,Unknown,Unknown,Unknown,Unknown,Unknown
TwelfthWomen,13/09/2015 19:49:18,Team getting all pumped up now lets finish this,0,0.0,0.0,Unknown,Unknown,Unknown,Unknown,Unknown
TwelfthWomen,13/09/2015 19:48:42,RT @dannyoneil: Yep. Just checked. Still the Legion of Boom. #Seahawks,0,0.0,0.0,Unknown,Unknown,Unknown,Unknown,Unknown
TwelfthWomen,13/09/2015 19:48:24,RT @incarceratedbob: TD Seahawks... That defense gets the TD sack and strip and score #Foles,0,0.0,0.0,Unknown,Unknown,Unknown,Unknown,Unknown
TwelfthWomen,13/09/2015 19:48:12,RT @SoCalTwelve: CARY WILLIAMS FOOTBALLED WELL,0,0.0,0.0,Unknown,Unknown,Unknown,Unknown,Unknown
TwelfthWomen,13/09/2015 19:48:04,Whooooooo what a play that was so awesome,0,0.0,0.0,Unknown,Unknown,Unknown,Unknown,Unknown
TwelfthWomen,13/09/2015 19:43:57,RT @SBNationGIF: Catch of the day! http://t.co/5xj2MsJxcf,0,0.0,0.0,Unknown,Unknown,Unknown,Unknown,Unknown
TwelfthWomen,13/09/2015 19:43:16,RT @whoisjoserivera: earl thomas with the thousand yard stare http://t.co/5nfq785O7X,0,0.0,0.0,Unknown,Unknown,Unknown,Unknown,Unknown
TwelfthWomen,13/09/2015 19:42:57,RT @tomrollman: What bad shoulder???  Earl frickin Thomas!!!  Heat seeking missile!! #Area29 http://t.co/WiMbtkYSDm,0,0.0,0.0,Unknown,Unknown,Unknown,Unknown,Unknown
TwelfthWomen,13/09/2015 19:35:38,My man @Earl_Thomas with the forced fumble and @BIrvin_WVU11 with the recovery.,0,0.0,0.0,Unknown,Unknown,Unknown,Unknown,Unknown
TwelfthWomen,13/09/2015 19:28:59,@TheJimmyGraham with the TD and @MoneyLynch with the 2pt conversion now we talking #GoHawks,0,0.0,0.0,Unknown,Unknown,Unknown,Unknown,Unknown
TwelfthWomen,13/09/2015 19:17:19,"RT @SteadyHawkin: Enough is enough, it's time to #FreeJimmy #GoHawks #FireBevell",0,0.0,0.0,Unknown,Unknown,Unknown,Unknown,Unknown
TwelfthWomen,13/09/2015 19:17:04,Our O-Line not giving Russell enough protection and Russ holding on to long,2,0.0,0.0,Unknown,Unknown,Unknown,Unknown,Unknown
TwelfthWomen,13/09/2015 18:54:38,RT @IanKenyonNFL: Darrell Bevell would buy a ferrari and drive it the speed limit on the highway.,0,0.0,0.0,Unknown,Unknown,Unknown,Unknown,Unknown
TwelfthWomen,13/09/2015 18:50:33,RT @The_DaniBadger: Foles sliding skills tho.....,0,0.0,0.0,Unknown,Unknown,Unknown,Unknown,Unknown
TwelfthWomen,13/09/2015 18:40:30,RT @antmay: Russell throwing blocks lol,0,0.0,0.0,Unknown,Unknown,Unknown,Unknown,Unknown
TwelfthWomen,13/09/2015 18:40:26,RT @jsim253: Russ with the lead block!,0,0.0,0.0,Unknown,Unknown,Unknown,Unknown,Unknown
TwelfthWomen,13/09/2015 18:40:15,Careful Russell blocking for lynch,0,0.0,0.0,Unknown,Unknown,Unknown,Unknown,Unknown
TwelfthWomen,13/09/2015 18:39:32,Nice way to get take advantage of that ram fuck up,0,0.0,0.0,Unknown,Unknown,Unknown,Unknown,Unknown
TwelfthWomen,13/09/2015 18:30:19,@Studi_Metsimus yeah changes are definitely in order,0,0.0,0.0,Unknown,Unknown,Unknown,Unknown,Unknown
TwelfthWomen,13/09/2015 18:26:02,RT @adidasFballUS: Maybe don't kick to him?  @TDLockett12 has that #NewSpeed and is always a threat to get 6.  #teamadidas http://t.co/bFhU‚Ä¶,0,0.0,0.0,Unknown,Unknown,Unknown,Unknown,Unknown
TwelfthWomen,13/09/2015 18:24:55,RT @hMJem: Why is Russell Wilson afraid to throw to his 7 foot 8 tight end,0,0.0,0.0,Unknown,Unknown,Unknown,Unknown,Unknown
TwelfthWomen,13/09/2015 18:24:46,RT @shanehawks: How do you not even fucking throw it to Jimmy Graham in the motherfucking red zone! What kind of Santa Claus horseshit is t‚Ä¶,0,0.0,0.0,Unknown,Unknown,Unknown,Unknown,Unknown
TwelfthWomen,13/09/2015 18:24:15,@Studi_Metsimus you would have thought so but I guess Russell couldn't see him when he was open wtf,0,0.0,0.0,Unknown,Unknown,Unknown,Unknown,Unknown
TwelfthWomen,13/09/2015 18:22:19,I hope we make some changes for the second half cause this is getting annoying,0,0.0,0.0,Unknown,Unknown,Unknown,Unknown,Unknown
TwelfthWomen,13/09/2015 18:16:55,Does Russell need to get laid or what he's not making good decisions,2,0.0,0.0,Unknown,Unknown,Unknown,Unknown,Unknown
TwelfthWomen,13/09/2015 18:11:57,RT @minakimes: the Seahawks offensive line:  ¬Ø\_(„ÉÑ)_/¬Ø ¬Ø\_(„ÉÑ)_/¬Ø ¬Ø\_(„ÉÑ)_/¬Ø ¬Ø\_(„ÉÑ)_/¬Ø ¬Ø\_(„ÉÑ)_/¬Ø,0,0.0,0.0,Unknown,Unknown,Unknown,Unknown,Unknown
TwelfthWomen,13/09/2015 18:11:47,RT @gingatheninja_: Dolphin washed up on shore lmao http://t.co/U2Whzh6hPi,0,0.0,0.0,Unknown,Unknown,Unknown,Unknown,Unknown
TwelfthWomen,13/09/2015 18:11:28,RT @WAZERWIFLES: GIMME THAT BALL (Vine by @WillBrinson) https://t.co/auKl6PkMTy,0,0.0,0.0,Unknown,Unknown,Unknown,Unknown,Unknown
TwelfthWomen,13/09/2015 18:06:04,RT @30AcreFortress: 2013: Who's Jimmy?! 2015: Where's Jimmy?!,0,0.0,0.0,Unknown,Unknown,Unknown,Unknown,Unknown
TwelfthWomen,13/09/2015 18:05:46,RT @micka_tweets: I just want to see a Wilson to Graham üò©,0,0.0,0.0,Unknown,Unknown,Unknown,Unknown,Unknown
TwelfthWomen,13/09/2015 18:05:30,#Gameday #GoHawks http://t.co/rKtsrsENnx,0,0.0,0.0,Unknown,Unknown,Unknown,Unknown,Unknown
TwelfthWomen,13/09/2015 17:58:33,RT @HawksAddict: If u blame every defense breakdown on Kam not being there.  U don't know football,0,0.0,0.0,Unknown,Unknown,Unknown,Unknown,Unknown
TwelfthWomen,13/09/2015 17:58:29,RT @WAZERWIFLES: We didn't trade a blocking Unger for a blocking Graham did we???? If so bad trade.,0,0.0,0.0,Unknown,Unknown,Unknown,Unknown,Unknown
TwelfthWomen,13/09/2015 17:58:09,That r player is a dick just tosses ball on ground instead of passing to the ref cause he didn't like the call.,0,0.0,0.0,Unknown,Unknown,Unknown,Unknown,Unknown
TwelfthWomen,13/09/2015 17:54:17,RT @MisterTeahawk: @seahawks @PeteCarroll TELL **** BEVELL he has him available!! https://t.co/TOYbekxpNo,0,0.0,0.0,Unknown,Unknown,Unknown,Unknown,Unknown
TwelfthWomen,13/09/2015 17:53:27,RT @HavokHawk: I say this every year and believe it. The way teams know they have to play us (200%) looks good at first but they burn out. ‚Ä¶,0,0.0,0.0,Unknown,Unknown,Unknown,Unknown,Unknown
TwelfthWomen,13/09/2015 17:53:13,RT @FakeSportsCentr: RIP McCown #jets  https://t.co/MEioA7QMId,0,0.0,0.0,Unknown,Unknown,Unknown,Unknown,Unknown
TwelfthWomen,13/09/2015 17:52:25,RT @Alex_S325: Now fucking wake up offense...,0,0.0,0.0,Unknown,Unknown,Unknown,Unknown,Unknown
TwelfthWomen,13/09/2015 17:46:46,Our offense needs to make some adjustments if we wanna do anything.,0,0.0,0.0,Unknown,Unknown,Unknown,Unknown,Unknown
TwelfthWomen,13/09/2015 17:43:27,When you sucking the dick of the rams announcers make sure to let um finish in your mouth cause you got shit coming out,1,0.0,0.0,Unknown,Unknown,Unknown,Unknown,Unknown
TwelfthWomen,13/09/2015 17:28:00,RT @bcondotta: Bennett with the first sack of season for Seattle.Foles loses 9 back to the 37.,0,0.0,0.0,Unknown,Unknown,Unknown,Unknown,Unknown
TwelfthWomen,13/09/2015 17:20:21,@TDLockett12 you got skills and you have so much in your future. #GoHawks,0,0.0,0.0,Unknown,Unknown,Unknown,Unknown,Unknown
TwelfthWomen,13/09/2015 17:08:13,Can't stop the #beastmode,0,0.0,0.0,Unknown,Unknown,Unknown,Unknown,Unknown
TwelfthWomen,13/09/2015 17:04:00,RT @DougBaldwinJr: It‚Äôs that time again.. #SEAvsSTL http://t.co/L0IewB11NW,0,0.0,0.0,Unknown,Unknown,Unknown,Unknown,Unknown
TwelfthWomen,13/09/2015 17:03:15,RT @Earl_Thomas: #GAMEDAY #Area29 http://t.co/aBgvyI6zB2,0,0.0,0.0,Unknown,Unknown,Unknown,Unknown,Unknown
TwelfthWomen,13/09/2015 16:21:34,RT @KING5Seattle: Unclaimed veterans to receive military burials http://t.co/DkUSbhs3N5,0,0.0,0.0,Unknown,Unknown,Unknown,Unknown,Unknown
TwelfthWomen,13/09/2015 16:20:30,RT @Seahawks247: Sweet ride via @tbishop44 #GoHawks! #WeAllWeGot #SEAvsSTL http://t.co/403xEpuDRo,0,0.0,0.0,Unknown,Unknown,Unknown,Unknown,Unknown
TwelfthWomen,13/09/2015 16:19:33,RT @UberFacts: A British survey estimates that women spend 72 days of their lives shaving their legs.,0,0.0,0.0,Unknown,Unknown,Unknown,Unknown,Unknown
TwelfthWomen,13/09/2015 16:19:24,"RT @AboutVirgos: Any real feelings and emotions a #virgo has, they'll never let you know exactly how deep it actually runs.",0,0.0,0.0,Unknown,Unknown,Unknown,Unknown,Unknown
TwelfthWomen,13/09/2015 16:19:04,"RT @wyche89: As people start filing into the Edwards Jones Dome in StL, spotting a whole lot of Seahawks fans. #12snotplayingaround",0,0.0,0.0,Unknown,Unknown,Unknown,Unknown,Unknown
TwelfthWomen,13/09/2015 16:18:29,RT @Hawkrageous12: Game Day 12's! Ready for this season! #GoHawks http://t.co/eiANEcBH7o,0,0.0,0.0,Unknown,Unknown,Unknown,Unknown,Unknown
TwelfthWomen,13/09/2015 16:18:19,RT @12th_Man_Terry: @hawkblogger   O-line by a mile...  Means Marshawn is running and RW is passing and not running for his life https://t.‚Ä¶,0,0.0,0.0,Unknown,Unknown,Unknown,Unknown,Unknown
TwelfthWomen,13/09/2015 16:17:37,RT @Softykjr: SEA-HAWKS! SEA-HAWKS! SEA-HAWKS! SEA-HAWKS! SEA-HAWKS! SEA-HAWKS! SEA-HAWKS! SEA-HAWKS! SEA-HAWKS! SEA-HAWKS! SEA-HAWKS! SEA-‚Ä¶,0,0.0,0.0,Unknown,Unknown,Unknown,Unknown,Unknown
TwelfthWomen,13/09/2015 15:26:09,RT @ThatoneguyMcGee: good luck https://t.co/3XmOK7pWHc,0,0.0,0.0,Unknown,Unknown,Unknown,Unknown,Unknown
TwelfthWomen,13/09/2015 15:25:11,"RT @HawksFanHerman: opening game Shoutouts, it's game day! #GoHawks #12s #BeatTheLambs @glengerman @TwelfthWomen @waynestell @BmoreHSsports‚Ä¶",0,0.0,0.0,Unknown,Unknown,Unknown,Unknown,Unknown
TwelfthWomen,13/09/2015 05:21:53,Check out my Vault! @fallout #nflkickoff #vaultchallenge http://t.co/EKPGnsWWRu,1,0.0,0.0,Unknown,Unknown,Unknown,Unknown,Unknown
TwelfthWomen,13/09/2015 04:02:42,RT @RSherman_25: Who's ready for tomorrow! http://t.co/RtmIi1x1Wh,0,0.0,0.0,Unknown,Unknown,Unknown,Unknown,Unknown
TwelfthWomen,12/09/2015 23:26:19,"RT @FakeSportsCentr: When you text your chick and she replies """"Who is this?"""" http://t.co/hkXX5rfSep",0,0.0,0.0,Unknown,Unknown,Unknown,Unknown,Unknown
TwelfthWomen,12/09/2015 22:30:29,RT @realjoedurfee: Y'all see this yet? Hurts me deep down inside http://t.co/jMbo4JylND,0,0.0,0.0,Unknown,Unknown,Unknown,Unknown,Unknown
TwelfthWomen,12/09/2015 22:29:49,RT @NFL: Russell Wilson threw 55 red zone TDs during OTAs + Camp...  25 of them? Went to one guy. (via @realmikerob) http://t.co/2sjMOV6RpR,0,0.0,0.0,Unknown,Unknown,Unknown,Unknown,Unknown
TwelfthWomen,12/09/2015 22:28:24,"RT @UW_Football: Jake Browning with 326 yards passing, the most ever by a UW true freshman. Jake Locker threw for 336 yards as a RS-Frosh i‚Ä¶",0,0.0,0.0,Unknown,Unknown,Unknown,Unknown,Unknown
TwelfthWomen,12/09/2015 22:28:16,RT @DangeRussWilson: 1-0. #GoHawks,0,0.0,0.0,Unknown,Unknown,Unknown,Unknown,Unknown
TwelfthWomen,12/09/2015 22:28:10,RT @Softykjr: GASKIN!!! BOOM!! 78 yard TD run!!!,0,0.0,0.0,Unknown,Unknown,Unknown,Unknown,Unknown
TwelfthWomen,12/09/2015 22:28:01,RT @Softykjr: 511 total yards for UW. Up 49-0 on Sac St. 4:45 left in 3rd,0,0.0,0.0,Unknown,Unknown,Unknown,Unknown,Unknown
TwelfthWomen,12/09/2015 22:27:04,RT @TheJimmyGraham: Who's ready to get this thing started! Less than 24 hrs. Let's workkkkk,0,0.0,0.0,Unknown,Unknown,Unknown,Unknown,Unknown
TwelfthWomen,12/09/2015 22:26:48,"RT @StoneLarry: Took Huskies one minute and 16 seconds to go 90 yards for TD. Browning was 5-for-5 for 89 yards, with Washington going fina‚Ä¶",0,0.0,0.0,Unknown,Unknown,Unknown,Unknown,Unknown
TwelfthWomen,12/09/2015 22:26:08,RT @WAZERWIFLES: @RSherman_25 get it big Sherm!,0,0.0,0.0,Unknown,Unknown,Unknown,Unknown,Unknown
TwelfthWomen,12/09/2015 22:25:47,RT @Q13Tim: It might be the second to last weekend of summer-- but treat it like it's the last. Big changes ahead. #Q13FOX http://t.co/239N‚Ä¶,0,0.0,0.0,Unknown,Unknown,Unknown,Unknown,Unknown
TwelfthWomen,11/09/2015 19:24:24,RT @TaimatheHawk: That's right 12's‚Ä¶ it IS Blue Friday! Go Hawks! @Seahawks @NFL http://t.co/1KUJbbd2uK,0,0.0,0.0,Unknown,Unknown,Unknown,Unknown,Unknown
TwelfthWomen,11/09/2015 19:23:27,RT @killerOsprey: I want this work day to end,0,0.0,0.0,Unknown,Unknown,Unknown,Unknown,Unknown
TwelfthWomen,11/09/2015 17:16:49,RT @psychologicaI: Your heartbeat changes depending on the music you're listening to.,0,0.0,0.0,Unknown,Unknown,Unknown,Unknown,Unknown
TwelfthWomen,11/09/2015 17:14:44,RT @HawksFanHerman: It's #BlueFriday so it's time for some Shoutouts  #BlueFridayShoutouts @freyes0327 @lmarsongearhart @CrystalUngaro @WAZ‚Ä¶,0,0.0,0.0,Unknown,Unknown,Unknown,Unknown,Unknown
TwelfthWomen,11/09/2015 17:14:20,RT @ClassicStarWars: #StarWars #BobaFett Carbonite Crunch http://t.co/7dz4ZGZA4Q,0,0.0,0.0,Unknown,Unknown,Unknown,Unknown,Unknown
TwelfthWomen,11/09/2015 15:05:28,RT @Sports_Fan_206: #BeatTheRams #NFLKickOff2015 #Road2SB50 #WeGotThis #12s #B3lieve #ItsOurTime #BestInTheWest #Beastmode #Lob #GoHawks ht‚Ä¶,0,0.0,0.0,Unknown,Unknown,Unknown,Unknown,Unknown
TwelfthWomen,11/09/2015 15:04:43,RT @Sports_Fan_206: Happy #BlueFriday !!! #TheDayBeforeTheDayBefore #12s #12thFam #12Mob #HawkGang #HawkNation #Seahawks #TGBIF #GoHawks ht‚Ä¶,0,0.0,0.0,Unknown,Unknown,Unknown,Unknown,Unknown
TwelfthWomen,11/09/2015 15:02:11,RT @Sports_Fan_206: Moment of silence... #NeverForget911 #September11,0,0.0,0.0,Unknown,Unknown,Unknown,Unknown,Unknown
TwelfthWomen,11/09/2015 15:01:19,RT @AboutVirgos: #Virgos often express their true feelings only to quickly cover them up with jokes.,0,0.0,0.0,Unknown,Unknown,Unknown,Unknown,Unknown
TwelfthWomen,11/09/2015 13:47:41,RT @HawksFanHerman: It's #BlueFriday so it's time for some Shoutouts  #BlueFridayShoutouts @12THMANDUNN @glengerman @TwelfthWomen @BmoreHSs‚Ä¶,0,0.0,0.0,Unknown,Unknown,Unknown,Unknown,Unknown
TwelfthWomen,11/09/2015 03:29:23,RT @ahhhh_poke_poke: @SportsCenter http://t.co/Qq1K6ZxrLD,0,0.0,0.0,Unknown,Unknown,Unknown,Unknown,Unknown
TwelfthWomen,11/09/2015 03:24:40,RT @PoppaZannie: dude on the right look more like mike tomlin than mike tomlin do http://t.co/70IB6Auq0I,0,0.0,0.0,Unknown,Unknown,Unknown,Unknown,Unknown
TwelfthWomen,11/09/2015 02:49:41,Tom Brady just mouthed fuck lol üòÇüòÇ,0,0.0,0.0,Unknown,Unknown,Unknown,Unknown,Unknown
TwelfthWomen,11/09/2015 02:29:17,RT @Melody_m_d: Hahaha omg the struggle is real üòÇüò¢ #GoHawks #12 #bambamkam #Seahawks #repost http://t.co/W6O1eJ6iuo,0,0.0,0.0,Unknown,Unknown,Unknown,Unknown,Unknown
TwelfthWomen,11/09/2015 02:28:14,"RT @12thManScribe: It's like Lynch wants to be Wilson, Kam, and himself all in one photo... Makes me chuckle. http://t.co/cajVF62JPJ",0,0.0,0.0,Unknown,Unknown,Unknown,Unknown,Unknown
TwelfthWomen,11/09/2015 02:27:50,RT @EAMaddenNFL: That's why they call him Sticky Bun.   #PITvsNE http://t.co/TNdYXHCOlS,0,0.0,0.0,Unknown,Unknown,Unknown,Unknown,Unknown
TwelfthWomen,10/09/2015 22:34:43,RT @PzFeed: Pennsylvania truck driver crashed into 23 new cars on dealership lot after choking on soda http://t.co/tiX83EshlV http://t.co/m‚Ä¶,0,0.0,0.0,Unknown,Unknown,Unknown,Unknown,Unknown
TwelfthWomen,10/09/2015 22:34:24,"RT @psychologicaI: Ignorant people are more likely to believe they are brilliant, while intelligent people are more likely to underestimate‚Ä¶",0,0.0,0.0,Unknown,Unknown,Unknown,Unknown,Unknown
TwelfthWomen,10/09/2015 22:33:37,RT @OITNB: (‚Ä¢_‚Ä¢) &lt;)   )‚ïØTrust  /    \  \(‚Ä¢_‚Ä¢)  (   (&gt; No  /    \   (‚Ä¢_‚Ä¢) &lt;)   )&gt;  Bitch  /    \  #OITNB,0,0.0,0.0,Unknown,Unknown,Unknown,Unknown,Unknown
TwelfthWomen,10/09/2015 22:32:01,"RT @lifehacker: Maintain a stink-free kitchen sink with the """"boiling water trick"""": http://t.co/x50Ru9qvML http://t.co/Fzl1vsqGCI",0,0.0,0.0,Unknown,Unknown,Unknown,Unknown,Unknown
TwelfthWomen,10/09/2015 22:31:23,RT @RSherman_25: Last year we lost out to St. Louis away. We're aiming to put that right this year with a W... http://t.co/4XPYQts7r1 http:‚Ä¶,0,0.0,0.0,Unknown,Unknown,Unknown,Unknown,Unknown
TwelfthWomen,10/09/2015 22:31:07,Retweet if you're ready for some football.,2,0.0,0.0,Unknown,Unknown,Unknown,Unknown,Unknown
TwelfthWomen,10/09/2015 21:36:19,"RT @Curtis_Crabtree: Marshawn Lynch's agent, @DHendrickson41, told me that any notion of Lynch planning to sit out b/c he's angry about Kam‚Ä¶",0,0.0,0.0,Unknown,Unknown,Unknown,Unknown,Unknown
TwelfthWomen,10/09/2015 21:35:51,RT @MickTuter: Interesting comments from Kams IG account http://t.co/O3qEgJXl3J,0,0.0,0.0,Unknown,Unknown,Unknown,Unknown,Unknown
TwelfthWomen,10/09/2015 21:28:41,RT @gooch85369: @MoneyLynch @RSherman_25 @Earl_Thomas @BIrvin_WVU11 @Bwagz54 http://t.co/M1s1oyJOQ2,0,0.0,0.0,Unknown,Unknown,Unknown,Unknown,Unknown
TwelfthWomen,10/09/2015 03:52:25,RT @Mr_12th_Man: #Seahawks. 4 days.,0,0.0,0.0,Unknown,Unknown,Unknown,Unknown,Unknown
TwelfthWomen,10/09/2015 03:50:09,If u know how to open ur hood please know wtf ur doing.... poor car üò¢ givin girls a bad name üò† https://t.co/7SZEGJxx5S,0,0.0,0.0,Unknown,Unknown,Unknown,Unknown,Unknown
TwelfthWomen,10/09/2015 03:18:35,"RT @WAZERWIFLES: Oh man, @MoneyLynch you were great on the @theleaguefxx tonight! #BEASTMODE",0,0.0,0.0,Unknown,Unknown,Unknown,Unknown,Unknown
TwelfthWomen,10/09/2015 02:48:49,RT @RobT_33: I appreciate the @Seahawks for drafting me and thankful for having been apart of some of the greatest moments in football. ‚úå,0,0.0,0.0,Unknown,Unknown,Unknown,Unknown,Unknown
TwelfthWomen,10/09/2015 02:48:37,RT @RobT_33: ughout my career and as I go through this process. I've been able to play with some of the greatest teammates you could ever b‚Ä¶,0,0.0,0.0,Unknown,Unknown,Unknown,Unknown,Unknown
TwelfthWomen,10/09/2015 02:48:10,"RT @RobT_33: Wow. What an eventful 3 yr start to my career. the fans of Seattle have been the best I've ever been around, thanks for all th‚Ä¶",0,0.0,0.0,Unknown,Unknown,Unknown,Unknown,Unknown
TwelfthWomen,10/09/2015 02:47:44,RT @gbellseattle: Things starting to move in Kam Chancellor holdout. Very coincidental his 1st words came hrs after Pete Carroll said #Seah‚Ä¶,0,0.0,0.0,Unknown,Unknown,Unknown,Unknown,Unknown
TwelfthWomen,10/09/2015 02:46:17,RT @MyersNFL: Comparing a SS salary to a FS salary is like comparing and OG to and OT. They have different market values. compare Kam to SS‚Ä¶,0,0.0,0.0,Unknown,Unknown,Unknown,Unknown,Unknown
TwelfthWomen,10/09/2015 02:46:02,RT @rainnwilson: Found out what happened to Tom Brady's phone. Russell Wilson tried to throw it to Ricardo Lockette. #joke,0,0.0,0.0,Unknown,Unknown,Unknown,Unknown,Unknown
TwelfthWomen,10/09/2015 02:41:32,@RSherman_25 I loved the first one best,0,0.0,0.0,Unknown,Unknown,Unknown,Unknown,Unknown
TwelfthWomen,10/09/2015 02:41:01,"RT @RSherman_25: 12s, you had me laughing last week with those memes. Put together my favorites. Check them out...http://t.co/ZrgYf6oaUz",0,0.0,0.0,Unknown,Unknown,Unknown,Unknown,Unknown
TwelfthWomen,10/09/2015 02:37:37,RT @wsdot: @Kam_Chancellor Miss you,0,0.0,0.0,Unknown,Unknown,Unknown,Unknown,Unknown
TwelfthWomen,09/09/2015 02:07:30,RT @ThabeetGOAT: @PzFeed vugyna,0,0.0,0.0,Unknown,Unknown,Unknown,Unknown,Unknown
TwelfthWomen,09/09/2015 02:07:19,RT @PzFeed: Texas woman arrested with fully loaded pistol in vagina and 29.5 grams of meth in purse http://t.co/rdbuTEVAiZ http://t.co/kV6e‚Ä¶,0,0.0,0.0,Unknown,Unknown,Unknown,Unknown,Unknown
TwelfthWomen,09/09/2015 01:24:01,"RT @WAZERWIFLES: @rainnwilson @Kam_Chancellor careful Rainn, he might block you and then you'd have to join the club over at @BlockedbyKam",0,0.0,0.0,Unknown,Unknown,Unknown,Unknown,Unknown
TwelfthWomen,09/09/2015 01:23:20,RT @12thmanTim: #JumpedTheRoute https://t.co/hAB7HBj4vg,0,0.0,0.0,Unknown,Unknown,Unknown,Unknown,Unknown
TwelfthWomen,08/09/2015 15:53:24,"RT @WAZERWIFLES: January 2002 AFC Championship Game won by the Patriots 24-17. Yet almost as quickly as the tapes and notes were found, the‚Ä¶",0,0.0,0.0,Unknown,Unknown,Unknown,Unknown,Unknown
TwelfthWomen,08/09/2015 15:53:07,RT @RlDICULOUSNESS: I have never laughed so fucking hard I can't even breathe right now http://t.co/pRSPFYm19C,0,0.0,0.0,Unknown,Unknown,Unknown,Unknown,Unknown
TwelfthWomen,08/09/2015 15:52:17,RT @ThirtySecondFB: check out Zeke's block on #40 http://t.co/rH43sQ5Vw9,0,0.0,0.0,Unknown,Unknown,Unknown,Unknown,Unknown
TwelfthWomen,08/09/2015 04:24:45,"RT @JonRyan9: Seriously can't someone just be like """"hey just so you know your entire butthole is hanging out"""" #BachelorInParadise http://t.‚Ä¶",0,0.0,0.0,Unknown,Unknown,Unknown,Unknown,Unknown
TwelfthWomen,08/09/2015 04:24:04,RT @chad_curl: GoHawks! http://t.co/qb3OSDUqx5,0,0.0,0.0,Unknown,Unknown,Unknown,Unknown,Unknown
TwelfthWomen,08/09/2015 04:23:47,RT @BJDaniels_5: A minor change #11üèà #Seattle #Seahawks #OnlyGodüôè http://t.co/KBTqPuktrC,0,0.0,0.0,Unknown,Unknown,Unknown,Unknown,Unknown
TwelfthWomen,08/09/2015 01:18:49,RT @RlDICULOUSNESS: SO WRONG FOR THIS üòÇüòÇ https://t.co/hWP3n1usgX,0,0.0,0.0,Unknown,Unknown,Unknown,Unknown,Unknown
TwelfthWomen,08/09/2015 01:18:28,RT @RlDICULOUSNESS: The loyalty of a dog http://t.co/POfQZVjbfk,0,0.0,0.0,Unknown,Unknown,Unknown,Unknown,Unknown
TwelfthWomen,08/09/2015 01:18:07,RT @UberFacts: She just wants to fit in. https://t.co/qQGMt6HGDk,0,0.0,0.0,Unknown,Unknown,Unknown,Unknown,Unknown
