_bot_fixed_10_n_2,07/09/2015 22:03:50,ut id ut ea deserunt qui 198,0,0.0,0.0,Unknown,Unknown,Unknown,Unknown
_bot_fixed_10_n_2,07/09/2015 05:42:50,voluptate minim dolorem reprehenderit in dolor 724,0,0.0,0.0,Unknown,Unknown,Unknown,Unknown
_bot_fixed_10_n_2,06/09/2015 13:21:50,Quis pariatur eum consequatur cupidatat veniam occaecat 419,0,0.0,0.0,Unknown,Unknown,Unknown,Unknown
_bot_fixed_10_n_2,05/09/2015 21:00:50,pariatur dolore in iure consequatur vel quo labore 846,0,0.0,0.0,Unknown,Unknown,Unknown,Unknown
_bot_fixed_10_n_2,05/09/2015 04:39:50,magna mollit officia amet commodi dolore labore adipiscing ex ullamco velit 906,0,0.0,0.0,Unknown,Unknown,Unknown,Unknown
_bot_fixed_10_n_2,04/09/2015 12:18:50,ut ullamco laborum culpa in elit ipsum commodi aliquip ea 88,0,0.0,0.0,Unknown,Unknown,Unknown,Unknown
_bot_fixed_10_n_2,03/09/2015 19:57:50,dolore ut ea enim sit quo velit Excepteur deserunt officia velit 613,0,0.0,0.0,Unknown,Unknown,Unknown,Unknown
_bot_fixed_10_n_2,03/09/2015 03:36:50,esse ullamco ipsum consectetur minim adipiscing in minim tempor tempor consectetur nisi 430,0,0.0,0.0,Unknown,Unknown,Unknown,Unknown
_bot_fixed_10_n_2,02/09/2015 11:15:50,quis exercitation labore quis eum velit 735,0,0.0,0.0,Unknown,Unknown,Unknown,Unknown
_bot_fixed_10_n_2,01/09/2015 18:54:50,minim ea nisi mollit deserunt Quis in Duis in proident consequatur 299,0,0.0,0.0,Unknown,Unknown,Unknown,Unknown
_bot_fixed_10_n_2,01/09/2015 02:33:50,vel in in ea voluptas voluptas dolorem dolorem eum 649,0,0.0,0.0,Unknown,Unknown,Unknown,Unknown
_bot_fixed_10_n_2,31/08/2015 10:12:50,vel anim proident ea voluptate commodi cupidatat laboris 359,0,0.0,0.0,Unknown,Unknown,Unknown,Unknown
_bot_fixed_10_n_2,30/08/2015 17:51:50,nisi in dolor incididunt ipsum cillum nisi occaecat iure Duis quam 52,0,0.0,0.0,Unknown,Unknown,Unknown,Unknown
_bot_fixed_10_n_2,30/08/2015 01:30:50,illum vel nihil officia non laborum sint laborum 862,0,0.0,0.0,Unknown,Unknown,Unknown,Unknown
_bot_fixed_10_n_2,29/08/2015 09:09:50,Excepteur et officia eum consectetur dolorem 836,0,0.0,0.0,Unknown,Unknown,Unknown,Unknown
_bot_fixed_10_n_2,28/08/2015 16:48:50,ut culpa vel proident magna commodi fugiat Excepteur nihil voluptas 819,0,0.0,0.0,Unknown,Unknown,Unknown,Unknown
_bot_fixed_10_n_2,28/08/2015 00:27:50,enim consequat ea ad dolor velit autem 178,0,0.0,0.0,Unknown,Unknown,Unknown,Unknown
_bot_fixed_10_n_2,27/08/2015 08:06:50,nihil incididunt adipiscing Ut pariatur ea 354,0,0.0,0.0,Unknown,Unknown,Unknown,Unknown
_bot_fixed_10_n_2,26/08/2015 15:45:50,eum vel eiusmod sunt aliquid reprehenderit iure non in ullamco enim fugiat 843,0,0.0,0.0,Unknown,Unknown,Unknown,Unknown
_bot_fixed_10_n_2,25/08/2015 23:24:50,non occaecat voluptate commodi sint magna quo 50,0,0.0,0.0,Unknown,Unknown,Unknown,Unknown
_bot_fixed_10_n_2,25/08/2015 07:03:50,proident aliqua vel aliquid Ut exercitation cillum illum fugiat quo nisi est 467,0,0.0,0.0,Unknown,Unknown,Unknown,Unknown
_bot_fixed_10_n_2,24/08/2015 14:42:50,deserunt consequatur dolore dolore eiusmod non 92,0,0.0,0.0,Unknown,Unknown,Unknown,Unknown
_bot_fixed_10_n_2,23/08/2015 22:21:50,Ut molestiae et ea exercitation consequat in dolor commodi nisi est ad 787,0,0.0,0.0,Unknown,Unknown,Unknown,Unknown
_bot_fixed_10_n_2,23/08/2015 06:00:50,veniam sunt pariatur nulla sit consequatur est cillum quo labore ipsum 657,0,0.0,0.0,Unknown,Unknown,Unknown,Unknown
_bot_fixed_10_n_2,22/08/2015 13:39:50,sed dolorem Quis labore ex molestiae amet iure pariatur 624,0,0.0,0.0,Unknown,Unknown,Unknown,Unknown
_bot_fixed_10_n_2,21/08/2015 21:18:50,molestiae ad nostrud Lorem fugiat ea ut in Excepteur 358,0,0.0,0.0,Unknown,Unknown,Unknown,Unknown
_bot_fixed_10_n_2,21/08/2015 04:57:50,proident illum nulla ea Duis dolore reprehenderit reprehenderit iure sint pariatur 875,0,0.0,0.0,Unknown,Unknown,Unknown,Unknown
_bot_fixed_10_n_2,20/08/2015 12:36:50,ut ad aute ut Ut dolor culpa Lorem 736,0,0.0,0.0,Unknown,Unknown,Unknown,Unknown
_bot_fixed_10_n_2,19/08/2015 20:15:50,consectetur ea culpa dolore est cillum Duis cupidatat enim pariatur voluptas 875,0,0.0,0.0,Unknown,Unknown,Unknown,Unknown
_bot_fixed_10_n_2,19/08/2015 03:54:50,voluptate fugiat in tempor dolorem dolorem anim anim mollit 284,0,0.0,0.0,Unknown,Unknown,Unknown,Unknown
_bot_fixed_10_n_2,18/08/2015 11:33:50,nihil eum deserunt eiusmod ad aliquid consequatur sunt anim 927,0,0.0,0.0,Unknown,Unknown,Unknown,Unknown
_bot_fixed_10_n_2,17/08/2015 19:12:50,laborum qui pariatur Duis non sint sit aliqua anim Excepteur 926,0,0.0,0.0,Unknown,Unknown,Unknown,Unknown
_bot_fixed_10_n_2,17/08/2015 02:51:50,commodo esse in dolor Lorem dolore proident do occaecat 896,0,0.0,0.0,Unknown,Unknown,Unknown,Unknown
_bot_fixed_10_n_2,16/08/2015 10:30:50,dolor id proident eum commodo Lorem nulla eum eum et 690,0,0.0,0.0,Unknown,Unknown,Unknown,Unknown
_bot_fixed_10_n_2,15/08/2015 18:09:50,sunt dolor quam Excepteur amet proident minim laboris consequat vel fugiat 267,0,0.0,0.0,Unknown,Unknown,Unknown,Unknown
_bot_fixed_10_n_2,15/08/2015 01:48:50,eum tempor consequat cupidatat molestiae ea velit culpa eum occaecat 213,0,0.0,0.0,Unknown,Unknown,Unknown,Unknown
_bot_fixed_10_n_2,14/08/2015 09:27:50,eiusmod in proident ea anim aute dolor esse exercitation 179,0,0.0,0.0,Unknown,Unknown,Unknown,Unknown
_bot_fixed_10_n_2,13/08/2015 17:06:50,voluptate nulla commodo quam ut enim cupidatat consequatur quis 290,0,0.0,0.0,Unknown,Unknown,Unknown,Unknown
_bot_fixed_10_n_2,13/08/2015 00:45:50,ea dolorem Lorem autem officia velit ea 398,0,0.0,0.0,Unknown,Unknown,Unknown,Unknown
_bot_fixed_10_n_2,12/08/2015 08:24:50,Quis esse elit eu ea autem proident qui in vel quis 198,0,0.0,0.0,Unknown,Unknown,Unknown,Unknown
_bot_fixed_10_n_2,11/08/2015 16:03:50,Quis eum in ut ea esse proident aliquip nisi fugiat in 394,0,0.0,0.0,Unknown,Unknown,Unknown,Unknown
_bot_fixed_10_n_2,10/08/2015 23:42:50,Quis magna Quis voluptate irure et fugiat autem 113,0,0.0,0.0,Unknown,Unknown,Unknown,Unknown
_bot_fixed_10_n_2,10/08/2015 07:21:50,anim incididunt in ea nisi occaecat in in nisi 875,0,0.0,0.0,Unknown,Unknown,Unknown,Unknown
_bot_fixed_10_n_2,09/08/2015 15:00:50,consectetur aliquid consequat ut commodo pariatur deserunt ad voluptate 790,0,0.0,0.0,Unknown,Unknown,Unknown,Unknown
_bot_fixed_10_n_2,08/08/2015 22:39:50,culpa dolor incididunt nihil id consequat ut 817,0,0.0,0.0,Unknown,Unknown,Unknown,Unknown
_bot_fixed_10_n_2,08/08/2015 06:18:50,reprehenderit ad enim Lorem ex aliqua incididunt 660,0,0.0,0.0,Unknown,Unknown,Unknown,Unknown
_bot_fixed_10_n_2,07/08/2015 13:57:50,aliquid cillum molestiae eu consequatur magna molestiae nisi Quis velit 648,0,0.0,0.0,Unknown,Unknown,Unknown,Unknown
_bot_fixed_10_n_2,06/08/2015 21:36:50,est officia exercitation commodo voluptate anim voluptate 361,0,0.0,0.0,Unknown,Unknown,Unknown,Unknown
_bot_fixed_10_n_2,06/08/2015 05:15:50,quam sed vel esse sint officia 249,0,0.0,0.0,Unknown,Unknown,Unknown,Unknown
_bot_fixed_10_n_2,05/08/2015 12:54:50,magna aute occaecat consequat occaecat esse sit vel dolor irure vel 769,0,0.0,0.0,Unknown,Unknown,Unknown,Unknown
_bot_fixed_10_n_2,04/08/2015 20:33:50,esse in consequatur cupidatat commodi eum id minim aute eiusmod 156,0,0.0,0.0,Unknown,Unknown,Unknown,Unknown
_bot_fixed_10_n_2,04/08/2015 04:12:50,sed consequatur laboris ea nihil dolor eum sint ut aliqua 82,0,0.0,0.0,Unknown,Unknown,Unknown,Unknown
_bot_fixed_10_n_2,03/08/2015 11:51:50,consequatur ut vel sit et esse cillum velit 170,0,0.0,0.0,Unknown,Unknown,Unknown,Unknown
_bot_fixed_10_n_2,02/08/2015 19:30:50,qui sint quo officia esse culpa Excepteur deserunt irure eum veniam iure 688,0,0.0,0.0,Unknown,Unknown,Unknown,Unknown
_bot_fixed_10_n_2,02/08/2015 03:09:50,elit consequatur qui cillum ex non 829,0,0.0,0.0,Unknown,Unknown,Unknown,Unknown
_bot_fixed_10_n_2,01/08/2015 10:48:50,iure nisi qui eum ut dolorem 441,0,0.0,0.0,Unknown,Unknown,Unknown,Unknown
_bot_fixed_10_n_2,31/07/2015 18:27:50,commodi magna dolor ad occaecat reprehenderit iure sint aliquip 216,0,0.0,0.0,Unknown,Unknown,Unknown,Unknown
_bot_fixed_10_n_2,31/07/2015 02:06:50,dolor minim voluptate elit voluptas veniam aliquip dolore Quis sint dolor ullamco 946,0,0.0,0.0,Unknown,Unknown,Unknown,Unknown
_bot_fixed_10_n_2,30/07/2015 09:45:50,occaecat commodo voluptate qui consequat magna quo esse incididunt amet 570,0,0.0,0.0,Unknown,Unknown,Unknown,Unknown
_bot_fixed_10_n_2,29/07/2015 17:24:50,ea quo aliqua ad aliquid incididunt eiusmod incididunt 410,0,0.0,0.0,Unknown,Unknown,Unknown,Unknown
_bot_fixed_10_n_2,29/07/2015 01:03:50,qui cillum ut amet quam illum sit dolor nisi 759,0,0.0,0.0,Unknown,Unknown,Unknown,Unknown
_bot_fixed_10_n_2,28/07/2015 08:42:50,velit ex magna eum nihil nisi consequatur 108,0,0.0,0.0,Unknown,Unknown,Unknown,Unknown
_bot_fixed_10_n_2,27/07/2015 16:21:50,ea in officia est magna qui nisi ut ex Ut 750,0,0.0,0.0,Unknown,Unknown,Unknown,Unknown
_bot_fixed_10_n_2,27/07/2015 00:00:50,pariatur reprehenderit fugiat Excepteur ea id aliqua in aliquid pariatur anim 614,0,0.0,0.0,Unknown,Unknown,Unknown,Unknown
_bot_fixed_10_n_2,26/07/2015 07:39:50,sed ut adipiscing vel qui vel esse proident elit aliqua quo commodi 252,0,0.0,0.0,Unknown,Unknown,Unknown,Unknown
_bot_fixed_10_n_2,25/07/2015 15:18:50,illum elit consequat qui aute dolor Excepteur adipiscing ea 844,0,0.0,0.0,Unknown,Unknown,Unknown,Unknown
_bot_fixed_10_n_2,24/07/2015 22:57:50,do Excepteur molestiae laborum ea eum quo 816,0,0.0,0.0,Unknown,Unknown,Unknown,Unknown
_bot_fixed_10_n_2,24/07/2015 06:36:50,tempor veniam ex eum dolore fugiat 942,0,0.0,0.0,Unknown,Unknown,Unknown,Unknown
_bot_fixed_10_n_2,23/07/2015 14:15:50,aliquid anim mollit Excepteur officia sunt ut nulla consequat 646,0,0.0,0.0,Unknown,Unknown,Unknown,Unknown
_bot_fixed_10_n_2,22/07/2015 21:54:50,nostrud in vel pariatur ea ea 715,0,0.0,0.0,Unknown,Unknown,Unknown,Unknown
_bot_fixed_10_n_2,22/07/2015 05:33:50,ea ea amet officia sunt cillum 285,0,0.0,0.0,Unknown,Unknown,Unknown,Unknown
_bot_fixed_10_n_2,21/07/2015 13:12:50,eum velit consequatur elit et anim nulla 910,0,0.0,0.0,Unknown,Unknown,Unknown,Unknown
_bot_fixed_10_n_2,20/07/2015 20:51:50,vel non velit velit nulla et voluptate dolore 840,0,0.0,0.0,Unknown,Unknown,Unknown,Unknown
_bot_fixed_10_n_2,20/07/2015 04:30:50,sint dolor voluptate labore ex enim aliqua esse 81,0,0.0,0.0,Unknown,Unknown,Unknown,Unknown
_bot_fixed_10_n_2,19/07/2015 12:09:50,aute aliqua magna laborum ut vel ullamco 369,0,0.0,0.0,Unknown,Unknown,Unknown,Unknown
_bot_fixed_10_n_2,18/07/2015 19:48:50,do aliquid sunt mollit sed voluptate aute 641,0,0.0,0.0,Unknown,Unknown,Unknown,Unknown
_bot_fixed_10_n_2,18/07/2015 03:27:50,sint dolore aliquip in nulla aliqua 735,0,0.0,0.0,Unknown,Unknown,Unknown,Unknown
_bot_fixed_10_n_2,17/07/2015 11:06:50,sunt vel ut anim aliqua eum aliquip Quis proident 325,0,0.0,0.0,Unknown,Unknown,Unknown,Unknown
_bot_fixed_10_n_2,16/07/2015 18:45:50,est et esse aliqua esse quam nihil iure minim quis incididunt 880,0,0.0,0.0,Unknown,Unknown,Unknown,Unknown
_bot_fixed_10_n_2,16/07/2015 02:24:50,Lorem fugiat commodo consequatur Duis et 476,0,0.0,0.0,Unknown,Unknown,Unknown,Unknown
_bot_fixed_10_n_2,15/07/2015 10:03:50,amet ut vel vel velit sed 835,0,0.0,0.0,Unknown,Unknown,Unknown,Unknown
_bot_fixed_10_n_2,14/07/2015 17:42:50,eum voluptas Quis in proident voluptas voluptate est Duis qui aliquid dolorem 969,0,0.0,0.0,Unknown,Unknown,Unknown,Unknown
_bot_fixed_10_n_2,14/07/2015 01:21:50,culpa culpa id sit sint proident Duis cupidatat eum vel 527,0,0.0,0.0,Unknown,Unknown,Unknown,Unknown
_bot_fixed_10_n_2,13/07/2015 09:00:50,proident id fugiat voluptate consequatur ut sit 74,0,0.0,0.0,Unknown,Unknown,Unknown,Unknown
_bot_fixed_10_n_2,12/07/2015 16:39:50,ea reprehenderit eum quis esse ad 592,0,0.0,0.0,Unknown,Unknown,Unknown,Unknown
_bot_fixed_10_n_2,12/07/2015 00:18:50,officia commodi consectetur nostrud aute dolore Excepteur anim molestiae quo 101,0,0.0,0.0,Unknown,Unknown,Unknown,Unknown
_bot_fixed_10_n_2,11/07/2015 07:57:50,vel est nulla cillum cupidatat magna in et eum aliquip ex 41,0,0.0,0.0,Unknown,Unknown,Unknown,Unknown
_bot_fixed_10_n_2,10/07/2015 15:36:50,nihil voluptate consequat vel nostrud dolore enim non voluptate nostrud laboris dolor 880,0,0.0,0.0,Unknown,Unknown,Unknown,Unknown
_bot_fixed_10_n_2,09/07/2015 23:15:50,reprehenderit consectetur aliqua consectetur voluptas eu ut 101,0,0.0,0.0,Unknown,Unknown,Unknown,Unknown
_bot_fixed_10_n_2,09/07/2015 06:54:50,voluptas magna ex dolorem nulla autem 948,0,0.0,0.0,Unknown,Unknown,Unknown,Unknown
_bot_fixed_10_n_2,08/07/2015 14:33:50,labore veniam sed ad qui proident aliquid elit cillum 422,0,0.0,0.0,Unknown,Unknown,Unknown,Unknown
_bot_fixed_10_n_2,07/07/2015 22:12:50,Ut consequatur enim consectetur irure vel deserunt laboris nulla qui Quis 667,0,0.0,0.0,Unknown,Unknown,Unknown,Unknown
_bot_fixed_10_n_2,07/07/2015 05:51:50,sint iure pariatur eum proident deserunt vel sit 452,0,0.0,0.0,Unknown,Unknown,Unknown,Unknown
_bot_fixed_10_n_2,06/07/2015 13:30:50,consequat cillum eum voluptate consequatur adipiscing reprehenderit Quis non 178,0,0.0,0.0,Unknown,Unknown,Unknown,Unknown
_bot_fixed_10_n_2,05/07/2015 21:09:50,magna in incididunt incididunt reprehenderit reprehenderit 860,0,0.0,0.0,Unknown,Unknown,Unknown,Unknown
_bot_fixed_10_n_2,05/07/2015 04:48:50,magna dolore elit culpa consequat voluptas eum mollit dolorem Duis consectetur 967,0,0.0,0.0,Unknown,Unknown,Unknown,Unknown
_bot_fixed_10_n_2,04/07/2015 12:27:50,dolore veniam Ut pariatur laboris eum ipsum non ut exercitation consectetur ipsum 334,0,0.0,0.0,Unknown,Unknown,Unknown,Unknown
_bot_fixed_10_n_2,03/07/2015 20:06:50,ea nostrud nulla qui veniam reprehenderit 990,0,0.0,0.0,Unknown,Unknown,Unknown,Unknown
_bot_fixed_10_n_2,03/07/2015 03:45:50,ea Lorem qui dolore voluptate esse 208,0,0.0,0.0,Unknown,Unknown,Unknown,Unknown
_bot_fixed_10_n_2,02/07/2015 11:24:50,est irure magna sunt voluptas ex consequatur eiusmod dolore ea 573,0,0.0,0.0,Unknown,Unknown,Unknown,Unknown
_bot_fixed_10_n_2,01/07/2015 19:03:50,ea voluptate molestiae sed dolore cupidatat 497,0,0.0,0.0,Unknown,Unknown,Unknown,Unknown
_bot_fixed_10_n_2,01/07/2015 02:42:50,Excepteur ipsum minim quo eum eum 633,0,0.0,0.0,Unknown,Unknown,Unknown,Unknown
_bot_fixed_10_n_2,30/06/2015 10:21:50,anim mollit commodo quam officia mollit pariatur ullamco esse iure labore 582,0,0.0,0.0,Unknown,Unknown,Unknown,Unknown
_bot_fixed_10_n_2,29/06/2015 18:00:50,sed esse voluptate voluptate ea sit vel qui cillum commodo id 336,0,0.0,0.0,Unknown,Unknown,Unknown,Unknown
_bot_fixed_10_n_2,29/06/2015 01:39:50,non ad commodi in consectetur eum ex dolore labore eum aliqua ut 504,0,0.0,0.0,Unknown,Unknown,Unknown,Unknown
_bot_fixed_10_n_2,28/06/2015 09:18:50,laborum ea ea ut pariatur dolor et magna molestiae cillum Ut anim 132,0,0.0,0.0,Unknown,Unknown,Unknown,Unknown
_bot_fixed_10_n_2,27/06/2015 16:57:50,nisi Lorem eu et cillum esse Quis commodi pariatur proident cillum pariatur 878,0,0.0,0.0,Unknown,Unknown,Unknown,Unknown
_bot_fixed_10_n_2,27/06/2015 00:36:50,qui eum quo occaecat in dolorem eum 88,0,0.0,0.0,Unknown,Unknown,Unknown,Unknown
_bot_fixed_10_n_2,26/06/2015 08:15:50,est dolor molestiae labore in cupidatat nihil 641,0,0.0,0.0,Unknown,Unknown,Unknown,Unknown
_bot_fixed_10_n_2,25/06/2015 15:54:50,Quis molestiae ea pariatur proident dolor irure sit quo dolor eiusmod dolor 298,0,0.0,0.0,Unknown,Unknown,Unknown,Unknown
_bot_fixed_10_n_2,24/06/2015 23:33:50,fugiat nihil et elit reprehenderit ullamco 504,0,0.0,0.0,Unknown,Unknown,Unknown,Unknown
_bot_fixed_10_n_2,24/06/2015 07:12:50,fugiat officia voluptate molestiae dolor minim 745,0,0.0,0.0,Unknown,Unknown,Unknown,Unknown
_bot_fixed_10_n_2,23/06/2015 14:51:50,esse commodi esse Lorem Duis culpa ea aliquip 98,0,0.0,0.0,Unknown,Unknown,Unknown,Unknown
_bot_fixed_10_n_2,22/06/2015 22:30:50,officia Duis quo illum eiusmod laboris incididunt 948,0,0.0,0.0,Unknown,Unknown,Unknown,Unknown
_bot_fixed_10_n_2,22/06/2015 06:09:50,qui reprehenderit qui Quis aliquip do cillum esse qui 161,0,0.0,0.0,Unknown,Unknown,Unknown,Unknown
_bot_fixed_10_n_2,21/06/2015 13:48:50,cillum pariatur Excepteur esse ut eu aliqua ex vel eum 950,0,0.0,0.0,Unknown,Unknown,Unknown,Unknown
_bot_fixed_10_n_2,20/06/2015 21:27:50,in reprehenderit non in qui velit sed reprehenderit autem pariatur 999,0,0.0,0.0,Unknown,Unknown,Unknown,Unknown
_bot_fixed_10_n_2,20/06/2015 05:06:50,pariatur ex consequatur ut aliquid nulla voluptate sint iure voluptate eu occaecat 108,0,0.0,0.0,Unknown,Unknown,Unknown,Unknown
_bot_fixed_10_n_2,19/06/2015 12:45:50,ullamco et Quis et labore vel in adipiscing ut ex officia 926,0,0.0,0.0,Unknown,Unknown,Unknown,Unknown
_bot_fixed_10_n_2,18/06/2015 20:24:50,dolorem dolor Quis ut aliqua laboris 594,0,0.0,0.0,Unknown,Unknown,Unknown,Unknown
_bot_fixed_10_n_2,18/06/2015 04:03:50,esse Excepteur laboris reprehenderit veniam dolore dolore nostrud vel nulla eu 554,0,0.0,0.0,Unknown,Unknown,Unknown,Unknown
_bot_fixed_10_n_2,17/06/2015 11:42:50,reprehenderit ad ea velit veniam voluptate vel dolore ullamco do 127,0,0.0,0.0,Unknown,Unknown,Unknown,Unknown
_bot_fixed_10_n_2,16/06/2015 19:21:50,quo ullamco iure enim ea aliquip pariatur ea dolore cupidatat 784,0,0.0,0.0,Unknown,Unknown,Unknown,Unknown
_bot_fixed_10_n_2,16/06/2015 03:00:50,voluptate culpa voluptate pariatur pariatur consectetur Quis nisi Excepteur pariatur commodi 540,0,0.0,0.0,Unknown,Unknown,Unknown,Unknown
_bot_fixed_10_n_2,15/06/2015 10:39:50,anim eum velit ipsum ipsum laboris 118,0,0.0,0.0,Unknown,Unknown,Unknown,Unknown
_bot_fixed_10_n_2,14/06/2015 18:18:50,et ea proident enim in ut exercitation Lorem esse mollit nulla vel 387,0,0.0,0.0,Unknown,Unknown,Unknown,Unknown
_bot_fixed_10_n_2,14/06/2015 01:57:50,ex ullamco consequatur eiusmod nisi proident molestiae 115,0,0.0,0.0,Unknown,Unknown,Unknown,Unknown
_bot_fixed_10_n_2,13/06/2015 09:36:50,est qui autem velit ut quam vel qui in reprehenderit commodo 606,0,0.0,0.0,Unknown,Unknown,Unknown,Unknown
_bot_fixed_10_n_2,12/06/2015 17:15:50,commodi qui aliquip non cillum esse ad deserunt nisi aliqua ut 574,0,0.0,0.0,Unknown,Unknown,Unknown,Unknown
_bot_fixed_10_n_2,12/06/2015 00:54:50,laborum velit amet non reprehenderit dolore sit non 266,0,0.0,0.0,Unknown,Unknown,Unknown,Unknown
_bot_fixed_10_n_2,11/06/2015 08:33:50,dolore pariatur ea eu aliquip nulla quis nulla eu 554,0,0.0,0.0,Unknown,Unknown,Unknown,Unknown
_bot_fixed_10_n_2,10/06/2015 16:12:50,minim nisi nisi labore consequat quam esse dolor consectetur occaecat 748,0,0.0,0.0,Unknown,Unknown,Unknown,Unknown
_bot_fixed_10_n_2,09/06/2015 23:51:50,amet quam et velit nisi Lorem est consectetur non consectetur vel 960,0,0.0,0.0,Unknown,Unknown,Unknown,Unknown
_bot_fixed_10_n_2,09/06/2015 07:30:50,Lorem esse voluptas ut voluptas tempor 103,0,0.0,0.0,Unknown,Unknown,Unknown,Unknown
_bot_fixed_10_n_2,08/06/2015 15:09:50,autem officia amet sunt cupidatat iure incididunt veniam eum ut in cupidatat 523,0,0.0,0.0,Unknown,Unknown,Unknown,Unknown
_bot_fixed_10_n_2,07/06/2015 22:48:50,voluptate quo ex iure ut commodo eu ut reprehenderit proident 653,0,0.0,0.0,Unknown,Unknown,Unknown,Unknown
_bot_fixed_10_n_2,07/06/2015 06:27:50,dolorem minim consequat in ea consequatur incididunt dolorem 123,0,0.0,0.0,Unknown,Unknown,Unknown,Unknown
_bot_fixed_10_n_2,06/06/2015 14:06:50,Excepteur fugiat quis deserunt molestiae eu Excepteur nulla 210,0,0.0,0.0,Unknown,Unknown,Unknown,Unknown
_bot_fixed_10_n_2,05/06/2015 21:45:50,id elit ea aliquip dolore sunt aute molestiae ex in sed Lorem 518,0,0.0,0.0,Unknown,Unknown,Unknown,Unknown
_bot_fixed_10_n_2,05/06/2015 05:24:50,ea vel sunt ad nisi tempor iure dolore consequat esse 761,0,0.0,0.0,Unknown,Unknown,Unknown,Unknown
_bot_fixed_10_n_2,04/06/2015 13:03:50,consequatur in ad autem ut dolore reprehenderit vel non velit quo 628,0,0.0,0.0,Unknown,Unknown,Unknown,Unknown
_bot_fixed_10_n_2,03/06/2015 20:42:50,eum velit magna sunt sed non velit quis minim esse in 733,0,0.0,0.0,Unknown,Unknown,Unknown,Unknown
_bot_fixed_10_n_2,03/06/2015 04:21:50,minim sit in ut minim in labore in Ut 44,0,0.0,0.0,Unknown,Unknown,Unknown,Unknown
_bot_fixed_10_n_2,02/06/2015 12:00:50,incididunt vel et eum nulla mollit ex voluptas deserunt 596,0,0.0,0.0,Unknown,Unknown,Unknown,Unknown
_bot_fixed_10_n_2,01/06/2015 19:39:50,dolor esse tempor in enim veniam veniam 643,0,0.0,0.0,Unknown,Unknown,Unknown,Unknown
_bot_fixed_10_n_2,01/06/2015 03:18:50,Lorem pariatur eu incididunt nisi fugiat 387,0,0.0,0.0,Unknown,Unknown,Unknown,Unknown
_bot_fixed_10_n_2,31/05/2015 10:57:50,reprehenderit fugiat aliqua pariatur nisi qui ut 950,0,0.0,0.0,Unknown,Unknown,Unknown,Unknown
_bot_fixed_10_n_2,30/05/2015 18:36:50,ex velit minim consequat voluptate eu ex tempor magna voluptate cupidatat elit 525,0,0.0,0.0,Unknown,Unknown,Unknown,Unknown
_bot_fixed_10_n_2,30/05/2015 02:15:50,velit ipsum voluptate ex elit fugiat ipsum in incididunt 152,0,0.0,0.0,Unknown,Unknown,Unknown,Unknown
_bot_fixed_10_n_2,29/05/2015 09:54:50,in elit tempor commodo dolore adipiscing qui consectetur Quis 937,0,0.0,0.0,Unknown,Unknown,Unknown,Unknown
_bot_fixed_10_n_2,28/05/2015 17:33:50,quam ut eum occaecat cillum proident autem proident autem aliqua 250,0,0.0,0.0,Unknown,Unknown,Unknown,Unknown
_bot_fixed_10_n_2,28/05/2015 01:12:50,dolore laboris anim proident exercitation Excepteur 771,0,0.0,0.0,Unknown,Unknown,Unknown,Unknown
_bot_fixed_10_n_2,27/05/2015 08:51:50,fugiat fugiat ea molestiae ex ut labore 544,0,0.0,0.0,Unknown,Unknown,Unknown,Unknown
_bot_fixed_10_n_2,26/05/2015 16:30:50,nulla ex commodo nostrud consequatur qui proident magna vel consequatur 926,0,0.0,0.0,Unknown,Unknown,Unknown,Unknown
_bot_fixed_10_n_2,26/05/2015 00:09:50,non dolore qui dolor sunt autem do ut quis 467,0,0.0,0.0,Unknown,Unknown,Unknown,Unknown
_bot_fixed_10_n_2,25/05/2015 07:48:50,qui commodi id Lorem velit aliquip reprehenderit incididunt laborum laborum 589,0,0.0,0.0,Unknown,Unknown,Unknown,Unknown
_bot_fixed_10_n_2,24/05/2015 15:27:50,aute do eum esse qui voluptate amet ut dolor dolore 303,0,0.0,0.0,Unknown,Unknown,Unknown,Unknown
_bot_fixed_10_n_2,23/05/2015 23:06:50,id est ullamco qui dolore quo ex ut deserunt 731,0,0.0,0.0,Unknown,Unknown,Unknown,Unknown
_bot_fixed_10_n_2,23/05/2015 06:45:50,in ea consequat fugiat tempor ea ea pariatur aliqua mollit 353,0,0.0,0.0,Unknown,Unknown,Unknown,Unknown
_bot_fixed_10_n_2,22/05/2015 14:24:50,dolor reprehenderit ut in fugiat quam 165,0,0.0,0.0,Unknown,Unknown,Unknown,Unknown
_bot_fixed_10_n_2,21/05/2015 22:03:50,nihil cillum illum irure commodi et ea iure nulla ut 674,0,0.0,0.0,Unknown,Unknown,Unknown,Unknown
_bot_fixed_10_n_2,21/05/2015 05:42:50,occaecat qui molestiae ex ea do officia ut vel amet aliqua non 252,0,0.0,0.0,Unknown,Unknown,Unknown,Unknown
_bot_fixed_10_n_2,20/05/2015 13:21:50,aliqua officia in consequatur officia laboris consequatur eum Ut nulla autem 894,0,0.0,0.0,Unknown,Unknown,Unknown,Unknown
_bot_fixed_10_n_2,19/05/2015 21:00:50,quam Quis in Quis autem commodi tempor non 892,0,0.0,0.0,Unknown,Unknown,Unknown,Unknown
_bot_fixed_10_n_2,19/05/2015 04:39:50,pariatur sed molestiae ex voluptate deserunt ea eum nulla esse 808,0,0.0,0.0,Unknown,Unknown,Unknown,Unknown
_bot_fixed_10_n_2,18/05/2015 12:18:50,quo ipsum Lorem pariatur esse nulla dolore consequatur in fugiat 149,0,0.0,0.0,Unknown,Unknown,Unknown,Unknown
_bot_fixed_10_n_2,17/05/2015 19:57:50,reprehenderit fugiat exercitation minim minim irure consequatur 445,0,0.0,0.0,Unknown,Unknown,Unknown,Unknown
_bot_fixed_10_n_2,17/05/2015 03:36:50,commodo do iure adipiscing exercitation Excepteur 271,0,0.0,0.0,Unknown,Unknown,Unknown,Unknown
_bot_fixed_10_n_2,16/05/2015 11:15:50,sunt in occaecat tempor vel sit elit ut labore est 938,0,0.0,0.0,Unknown,Unknown,Unknown,Unknown
_bot_fixed_10_n_2,15/05/2015 18:54:50,ea illum nulla ex elit qui laboris reprehenderit ad 667,0,0.0,0.0,Unknown,Unknown,Unknown,Unknown
_bot_fixed_10_n_2,15/05/2015 02:33:50,dolor veniam ea magna voluptate officia nihil 734,0,0.0,0.0,Unknown,Unknown,Unknown,Unknown
_bot_fixed_10_n_2,14/05/2015 10:12:50,consectetur aliquid minim molestiae voluptate qui reprehenderit quam in occaecat nihil 870,0,0.0,0.0,Unknown,Unknown,Unknown,Unknown
_bot_fixed_10_n_2,13/05/2015 17:51:50,ea dolor dolore Quis et ut quam velit 67,0,0.0,0.0,Unknown,Unknown,Unknown,Unknown
_bot_fixed_10_n_2,13/05/2015 01:30:50,laboris Duis consectetur nulla eum proident id enim Ut eum veniam 483,0,0.0,0.0,Unknown,Unknown,Unknown,Unknown
_bot_fixed_10_n_2,12/05/2015 09:09:50,quo proident iure Duis nostrud elit eiusmod qui nulla 145,0,0.0,0.0,Unknown,Unknown,Unknown,Unknown
_bot_fixed_10_n_2,11/05/2015 16:48:50,exercitation aliqua vel voluptas Ut esse 929,0,0.0,0.0,Unknown,Unknown,Unknown,Unknown
_bot_fixed_10_n_2,11/05/2015 00:27:50,elit non proident cupidatat cupidatat vel ex 97,0,0.0,0.0,Unknown,Unknown,Unknown,Unknown
_bot_fixed_10_n_2,10/05/2015 08:06:50,molestiae commodo fugiat in pariatur fugiat et Excepteur dolorem ea 580,0,0.0,0.0,Unknown,Unknown,Unknown,Unknown
_bot_fixed_10_n_2,09/05/2015 15:45:50,ut in elit proident ex iure fugiat commodi 474,0,0.0,0.0,Unknown,Unknown,Unknown,Unknown
_bot_fixed_10_n_2,08/05/2015 23:24:50,est enim aliquip esse minim ex pariatur laborum nihil ut voluptas 431,0,0.0,0.0,Unknown,Unknown,Unknown,Unknown
_bot_fixed_10_n_2,08/05/2015 07:03:50,exercitation qui eiusmod esse autem ut 59,0,0.0,0.0,Unknown,Unknown,Unknown,Unknown
_bot_fixed_10_n_2,07/05/2015 14:42:50,proident enim Lorem nulla nulla ipsum ea nisi consequat nisi 695,0,0.0,0.0,Unknown,Unknown,Unknown,Unknown
_bot_fixed_10_n_2,06/05/2015 22:21:50,in nulla ut ex sunt pariatur tempor fugiat et in 950,0,0.0,0.0,Unknown,Unknown,Unknown,Unknown
_bot_fixed_10_n_2,06/05/2015 06:00:50,eum nisi ullamco vel deserunt qui aliquip 490,0,0.0,0.0,Unknown,Unknown,Unknown,Unknown
_bot_fixed_10_n_2,05/05/2015 13:39:50,vel non nihil vel pariatur do sunt consectetur ut ex 236,0,0.0,0.0,Unknown,Unknown,Unknown,Unknown
_bot_fixed_10_n_2,04/05/2015 21:18:50,autem nulla eum vel nihil aliqua cupidatat qui 476,0,0.0,0.0,Unknown,Unknown,Unknown,Unknown
_bot_fixed_10_n_2,04/05/2015 04:57:50,esse nihil quam voluptas quam illum 982,0,0.0,0.0,Unknown,Unknown,Unknown,Unknown
_bot_fixed_10_n_2,03/05/2015 12:36:50,dolorem exercitation fugiat molestiae Excepteur elit ad eum mollit Ut aliqua ea 519,0,0.0,0.0,Unknown,Unknown,Unknown,Unknown
_bot_fixed_10_n_2,02/05/2015 20:15:50,ea veniam quam reprehenderit occaecat cillum mollit fugiat vel commodi ea 796,0,0.0,0.0,Unknown,Unknown,Unknown,Unknown
_bot_fixed_10_n_2,02/05/2015 03:54:50,in consequat pariatur dolore qui consequatur illum quis 527,0,0.0,0.0,Unknown,Unknown,Unknown,Unknown
_bot_fixed_10_n_2,01/05/2015 11:33:50,fugiat in qui fugiat dolore sed commodi commodi voluptas esse 466,0,0.0,0.0,Unknown,Unknown,Unknown,Unknown
_bot_fixed_10_n_2,30/04/2015 19:12:50,consequat vel sunt in in ipsum cupidatat dolor fugiat voluptas Quis 232,0,0.0,0.0,Unknown,Unknown,Unknown,Unknown
_bot_fixed_10_n_2,30/04/2015 02:51:50,mollit in reprehenderit molestiae nisi fugiat pariatur ut elit aliquid ex qui 567,0,0.0,0.0,Unknown,Unknown,Unknown,Unknown
_bot_fixed_10_n_2,29/04/2015 10:30:50,eum qui qui amet aute nihil laborum anim veniam velit 895,0,0.0,0.0,Unknown,Unknown,Unknown,Unknown
_bot_fixed_10_n_2,28/04/2015 18:09:50,laborum ut voluptate laborum officia pariatur dolor vel incididunt sit 348,0,0.0,0.0,Unknown,Unknown,Unknown,Unknown
_bot_fixed_10_n_2,28/04/2015 01:48:50,fugiat esse amet labore est magna 478,0,0.0,0.0,Unknown,Unknown,Unknown,Unknown
_bot_fixed_10_n_2,27/04/2015 09:27:50,non nostrud est molestiae quam in 228,0,0.0,0.0,Unknown,Unknown,Unknown,Unknown
_bot_fixed_10_n_2,26/04/2015 17:06:50,autem esse ea officia sed autem pariatur aliquid anim 100,0,0.0,0.0,Unknown,Unknown,Unknown,Unknown
_bot_fixed_10_n_2,26/04/2015 00:45:50,non ullamco ullamco sit Lorem anim enim molestiae 743,0,0.0,0.0,Unknown,Unknown,Unknown,Unknown
_bot_fixed_10_n_2,25/04/2015 08:24:50,autem esse aliqua sit autem eum 965,0,0.0,0.0,Unknown,Unknown,Unknown,Unknown
