_bot_10_mention_n_random_2,09/08/2015 21:06:09,@xcuncsc ,0,0.0,0.0,Unknown,Unknown,Unknown,Unknown,Unknown
_bot_10_mention_n_random_2,09/08/2015 14:04:09,@lyhwznimnx ,0,0.0,0.0,Unknown,Unknown,Unknown,Unknown,Unknown
_bot_10_mention_n_random_2,09/08/2015 13:00:09,elit anim aute adipiscing Excepteur quam ea quam adipiscing,0,0.0,0.0,Unknown,Unknown,Unknown,Unknown,Unknown
_bot_10_mention_n_random_2,09/08/2015 08:45:09,@mhzsbjnnue ,0,0.0,0.0,Unknown,Unknown,Unknown,Unknown,Unknown
_bot_10_mention_n_random_2,09/08/2015 08:09:09,nihil nostrud ad enim nulla anim quo fugiat vel amet,0,0.0,0.0,Unknown,Unknown,Unknown,Unknown,Unknown
_bot_10_mention_n_random_2,09/08/2015 05:55:09,ad fugiat cillum eiusmod fugiat ullamco aute quam enim Excepteur cillum in,0,0.0,0.0,Unknown,Unknown,Unknown,Unknown,Unknown
_bot_10_mention_n_random_2,09/08/2015 05:09:09,@qdwsyhw ,0,0.0,0.0,Unknown,Unknown,Unknown,Unknown,Unknown
_bot_10_mention_n_random_2,09/08/2015 04:29:09,@rwgtkczu ,0,0.0,0.0,Unknown,Unknown,Unknown,Unknown,Unknown
_bot_10_mention_n_random_2,08/08/2015 20:53:09,ut exercitation vel quis vel eum,0,0.0,0.0,Unknown,Unknown,Unknown,Unknown,Unknown
_bot_10_mention_n_random_2,08/08/2015 14:00:09,ea ut non ex nulla ea sed qui non,0,0.0,0.0,Unknown,Unknown,Unknown,Unknown,Unknown
_bot_10_mention_n_random_2,08/08/2015 07:08:09,@lekzacydn ,0,0.0,0.0,Unknown,Unknown,Unknown,Unknown,Unknown
_bot_10_mention_n_random_2,07/08/2015 22:04:09,vel sed Duis quis illum anim sunt,0,0.0,0.0,Unknown,Unknown,Unknown,Unknown,Unknown
_bot_10_mention_n_random_2,07/08/2015 15:13:09,eu dolorem aute sint culpa Duis enim consequat consequat aute molestiae cillum,0,0.0,0.0,Unknown,Unknown,Unknown,Unknown,Unknown
_bot_10_mention_n_random_2,07/08/2015 14:18:09,@fjmbegcm ,0,0.0,0.0,Unknown,Unknown,Unknown,Unknown,Unknown
_bot_10_mention_n_random_2,07/08/2015 03:53:09,in exercitation anim ut ipsum minim aliquip est ea autem Quis,0,0.0,0.0,Unknown,Unknown,Unknown,Unknown,Unknown
_bot_10_mention_n_random_2,06/08/2015 20:46:09,@nztdimqa ,0,0.0,0.0,Unknown,Unknown,Unknown,Unknown,Unknown
_bot_10_mention_n_random_2,06/08/2015 18:05:09,in commodo qui quis laborum in quo fugiat ad fugiat aliquip eu,0,0.0,0.0,Unknown,Unknown,Unknown,Unknown,Unknown
_bot_10_mention_n_random_2,06/08/2015 07:31:09,@mycslhqs ,0,0.0,0.0,Unknown,Unknown,Unknown,Unknown,Unknown
_bot_10_mention_n_random_2,06/08/2015 02:16:09,@haoyvfkj ,0,0.0,0.0,Unknown,Unknown,Unknown,Unknown,Unknown
_bot_10_mention_n_random_2,05/08/2015 20:21:09,@wkqltwjz ,0,0.0,0.0,Unknown,Unknown,Unknown,Unknown,Unknown
_bot_10_mention_n_random_2,05/08/2015 13:15:09,ea do dolore pariatur est eum veniam ut,0,0.0,0.0,Unknown,Unknown,Unknown,Unknown,Unknown
_bot_10_mention_n_random_2,05/08/2015 08:08:09,pariatur aliquid elit labore eum voluptate consequat consequatur ipsum,0,0.0,0.0,Unknown,Unknown,Unknown,Unknown,Unknown
_bot_10_mention_n_random_2,04/08/2015 23:48:09,non ad in ut consequatur sint,0,0.0,0.0,Unknown,Unknown,Unknown,Unknown,Unknown
_bot_10_mention_n_random_2,04/08/2015 15:42:09,ea consequatur laboris ea Quis Ut id ut,0,0.0,0.0,Unknown,Unknown,Unknown,Unknown,Unknown
_bot_10_mention_n_random_2,04/08/2015 11:58:09,iure exercitation sint eiusmod in reprehenderit pariatur tempor quis esse autem pariatur,0,0.0,0.0,Unknown,Unknown,Unknown,Unknown,Unknown
_bot_10_mention_n_random_2,04/08/2015 01:37:09,@amzdcwotzwl ,0,0.0,0.0,Unknown,Unknown,Unknown,Unknown,Unknown
_bot_10_mention_n_random_2,03/08/2015 14:49:09,@khnhmbuxya ,0,0.0,0.0,Unknown,Unknown,Unknown,Unknown,Unknown
_bot_10_mention_n_random_2,03/08/2015 06:39:09,sit anim consequat autem molestiae nihil eu,0,0.0,0.0,Unknown,Unknown,Unknown,Unknown,Unknown
_bot_10_mention_n_random_2,03/08/2015 02:39:09,vel in sint velit aliqua laboris proident Ut,0,0.0,0.0,Unknown,Unknown,Unknown,Unknown,Unknown
_bot_10_mention_n_random_2,02/08/2015 18:51:09,@nbnwrbybxo ,0,0.0,0.0,Unknown,Unknown,Unknown,Unknown,Unknown
_bot_10_mention_n_random_2,02/08/2015 06:25:09,sunt dolore minim consequatur incididunt ut officia consequatur,0,0.0,0.0,Unknown,Unknown,Unknown,Unknown,Unknown
_bot_10_mention_n_random_2,02/08/2015 01:57:09,@klyyosmz ,0,0.0,0.0,Unknown,Unknown,Unknown,Unknown,Unknown
_bot_10_mention_n_random_2,01/08/2015 23:49:09,voluptate magna reprehenderit molestiae pariatur anim occaecat,0,0.0,0.0,Unknown,Unknown,Unknown,Unknown,Unknown
_bot_10_mention_n_random_2,01/08/2015 13:57:09,elit consequatur ea ea Lorem reprehenderit qui,0,0.0,0.0,Unknown,Unknown,Unknown,Unknown,Unknown
_bot_10_mention_n_random_2,01/08/2015 10:32:09,@dtclduumklr ,0,0.0,0.0,Unknown,Unknown,Unknown,Unknown,Unknown
_bot_10_mention_n_random_2,31/07/2015 21:48:09,in fugiat ut aliquip exercitation in eu quam consequatur,0,0.0,0.0,Unknown,Unknown,Unknown,Unknown,Unknown
_bot_10_mention_n_random_2,31/07/2015 17:31:09,@twexpzsh ,0,0.0,0.0,Unknown,Unknown,Unknown,Unknown,Unknown
_bot_10_mention_n_random_2,31/07/2015 13:14:09,@dbwfbruku ,0,0.0,0.0,Unknown,Unknown,Unknown,Unknown,Unknown
_bot_10_mention_n_random_2,31/07/2015 12:02:09,Excepteur consectetur magna reprehenderit molestiae sint molestiae quo velit ad do velit,0,0.0,0.0,Unknown,Unknown,Unknown,Unknown,Unknown
_bot_10_mention_n_random_2,31/07/2015 03:23:09,voluptate minim dolor et voluptate voluptas sunt,0,0.0,0.0,Unknown,Unknown,Unknown,Unknown,Unknown
_bot_10_mention_n_random_2,30/07/2015 22:41:09,@wrdimpdibpd ,0,0.0,0.0,Unknown,Unknown,Unknown,Unknown,Unknown
_bot_10_mention_n_random_2,30/07/2015 20:52:09,@gghpodzlfem ,0,0.0,0.0,Unknown,Unknown,Unknown,Unknown,Unknown
_bot_10_mention_n_random_2,30/07/2015 18:25:09,reprehenderit nihil elit consequatur consectetur voluptate qui qui iure aliqua officia,0,0.0,0.0,Unknown,Unknown,Unknown,Unknown,Unknown
_bot_10_mention_n_random_2,30/07/2015 08:28:09,@jlyyhoqift ,0,0.0,0.0,Unknown,Unknown,Unknown,Unknown,Unknown
_bot_10_mention_n_random_2,30/07/2015 04:58:09,Duis eum deserunt autem ea commodi labore Quis ut eum nostrud,0,0.0,0.0,Unknown,Unknown,Unknown,Unknown,Unknown
_bot_10_mention_n_random_2,29/07/2015 17:36:09,illum cupidatat laboris nisi eiusmod magna,0,0.0,0.0,Unknown,Unknown,Unknown,Unknown,Unknown
_bot_10_mention_n_random_2,29/07/2015 16:10:09,@phlanlrj ,0,0.0,0.0,Unknown,Unknown,Unknown,Unknown,Unknown
_bot_10_mention_n_random_2,29/07/2015 14:08:09,@hxxsocunj ,0,0.0,0.0,Unknown,Unknown,Unknown,Unknown,Unknown
_bot_10_mention_n_random_2,29/07/2015 04:40:09,dolore fugiat fugiat consequatur in voluptate nostrud sit,0,0.0,0.0,Unknown,Unknown,Unknown,Unknown,Unknown
_bot_10_mention_n_random_2,29/07/2015 03:52:09,ea aute quo eum eu autem Ut qui,0,0.0,0.0,Unknown,Unknown,Unknown,Unknown,Unknown
_bot_10_mention_n_random_2,28/07/2015 17:53:09,@duamfmosifg ,0,0.0,0.0,Unknown,Unknown,Unknown,Unknown,Unknown
_bot_10_mention_n_random_2,28/07/2015 09:29:09,non commodi velit reprehenderit nulla qui deserunt Ut minim pariatur,0,0.0,0.0,Unknown,Unknown,Unknown,Unknown,Unknown
_bot_10_mention_n_random_2,28/07/2015 06:51:09,@rgzluskcbp ,0,0.0,0.0,Unknown,Unknown,Unknown,Unknown,Unknown
_bot_10_mention_n_random_2,27/07/2015 22:34:09,@qmsbohwnl ,0,0.0,0.0,Unknown,Unknown,Unknown,Unknown,Unknown
_bot_10_mention_n_random_2,27/07/2015 21:27:09,elit est iure quis enim dolorem qui ut aute,0,0.0,0.0,Unknown,Unknown,Unknown,Unknown,Unknown
_bot_10_mention_n_random_2,27/07/2015 13:01:09,@qxowtflo ,0,0.0,0.0,Unknown,Unknown,Unknown,Unknown,Unknown
_bot_10_mention_n_random_2,27/07/2015 03:18:09,@lrtbrviha ,0,0.0,0.0,Unknown,Unknown,Unknown,Unknown,Unknown
_bot_10_mention_n_random_2,26/07/2015 19:33:09,fugiat ut pariatur non in nisi illum aliqua eiusmod officia in,0,0.0,0.0,Unknown,Unknown,Unknown,Unknown,Unknown
_bot_10_mention_n_random_2,26/07/2015 14:01:09,voluptate consequatur magna voluptas in nulla fugiat velit,0,0.0,0.0,Unknown,Unknown,Unknown,Unknown,Unknown
_bot_10_mention_n_random_2,26/07/2015 01:54:09,ea dolore qui sit dolorem in et,0,0.0,0.0,Unknown,Unknown,Unknown,Unknown,Unknown
_bot_10_mention_n_random_2,25/07/2015 14:49:09,sunt irure cillum labore dolor adipiscing,0,0.0,0.0,Unknown,Unknown,Unknown,Unknown,Unknown
_bot_10_mention_n_random_2,25/07/2015 07:04:09,@cncbzxiw ,0,0.0,0.0,Unknown,Unknown,Unknown,Unknown,Unknown
_bot_10_mention_n_random_2,24/07/2015 23:56:09,aute quo cillum ut commodo non,0,0.0,0.0,Unknown,Unknown,Unknown,Unknown,Unknown
_bot_10_mention_n_random_2,24/07/2015 23:49:09,@yjxitikbk ,0,0.0,0.0,Unknown,Unknown,Unknown,Unknown,Unknown
_bot_10_mention_n_random_2,24/07/2015 12:16:09,@wriiceztpye ,0,0.0,0.0,Unknown,Unknown,Unknown,Unknown,Unknown
_bot_10_mention_n_random_2,24/07/2015 00:36:09,molestiae labore aliquip mollit voluptas vel Ut,0,0.0,0.0,Unknown,Unknown,Unknown,Unknown,Unknown
_bot_10_mention_n_random_2,23/07/2015 12:56:09,amet amet veniam culpa est qui qui consequatur,0,0.0,0.0,Unknown,Unknown,Unknown,Unknown,Unknown
_bot_10_mention_n_random_2,23/07/2015 01:20:09,@rvxgqmsdntt ,0,0.0,0.0,Unknown,Unknown,Unknown,Unknown,Unknown
_bot_10_mention_n_random_2,22/07/2015 15:53:09,reprehenderit velit dolor ex ut nostrud qui illum,0,0.0,0.0,Unknown,Unknown,Unknown,Unknown,Unknown
_bot_10_mention_n_random_2,22/07/2015 08:02:09,voluptate qui velit pariatur Duis pariatur,0,0.0,0.0,Unknown,Unknown,Unknown,Unknown,Unknown
_bot_10_mention_n_random_2,21/07/2015 20:38:09,aliquip voluptas eiusmod laboris eu dolore eu labore ea nihil,0,0.0,0.0,Unknown,Unknown,Unknown,Unknown,Unknown
_bot_10_mention_n_random_2,21/07/2015 15:35:09,@igkchjxc ,0,0.0,0.0,Unknown,Unknown,Unknown,Unknown,Unknown
_bot_10_mention_n_random_2,21/07/2015 07:47:09,velit qui nihil sunt dolore enim est officia nisi elit commodi tempor,0,0.0,0.0,Unknown,Unknown,Unknown,Unknown,Unknown
_bot_10_mention_n_random_2,21/07/2015 01:49:09,consequatur illum elit dolore veniam eu,0,0.0,0.0,Unknown,Unknown,Unknown,Unknown,Unknown
_bot_10_mention_n_random_2,20/07/2015 19:31:09,@vqswciif ,0,0.0,0.0,Unknown,Unknown,Unknown,Unknown,Unknown
_bot_10_mention_n_random_2,20/07/2015 13:05:09,@fhimimlo ,0,0.0,0.0,Unknown,Unknown,Unknown,Unknown,Unknown
_bot_10_mention_n_random_2,20/07/2015 07:30:09,@qdgsmkhw ,0,0.0,0.0,Unknown,Unknown,Unknown,Unknown,Unknown
_bot_10_mention_n_random_2,19/07/2015 20:23:09,ut quo irure nulla Quis ut in veniam qui do culpa,0,0.0,0.0,Unknown,Unknown,Unknown,Unknown,Unknown
_bot_10_mention_n_random_2,19/07/2015 09:46:09,exercitation reprehenderit amet velit aliquid amet laboris ut,0,0.0,0.0,Unknown,Unknown,Unknown,Unknown,Unknown
_bot_10_mention_n_random_2,19/07/2015 01:48:09,@zvwfddj ,0,0.0,0.0,Unknown,Unknown,Unknown,Unknown,Unknown
_bot_10_mention_n_random_2,19/07/2015 00:13:09,autem ea nulla quis Quis consectetur irure Ut qui,0,0.0,0.0,Unknown,Unknown,Unknown,Unknown,Unknown
_bot_10_mention_n_random_2,18/07/2015 18:25:09,@uhuwgjrf ,0,0.0,0.0,Unknown,Unknown,Unknown,Unknown,Unknown
_bot_10_mention_n_random_2,18/07/2015 16:46:09,laboris incididunt sint consectetur mollit anim amet eiusmod,0,0.0,0.0,Unknown,Unknown,Unknown,Unknown,Unknown
_bot_10_mention_n_random_2,18/07/2015 15:26:09,consectetur aliquid iure nostrud cupidatat esse magna cillum dolor nihil reprehenderit labore,0,0.0,0.0,Unknown,Unknown,Unknown,Unknown,Unknown
_bot_10_mention_n_random_2,18/07/2015 09:58:09,dolor Excepteur tempor ea Lorem dolore,0,0.0,0.0,Unknown,Unknown,Unknown,Unknown,Unknown
_bot_10_mention_n_random_2,18/07/2015 07:15:09,consequatur pariatur vel consequat pariatur ea dolore,0,0.0,0.0,Unknown,Unknown,Unknown,Unknown,Unknown
_bot_10_mention_n_random_2,18/07/2015 03:53:09,@azoduufr ,0,0.0,0.0,Unknown,Unknown,Unknown,Unknown,Unknown
_bot_10_mention_n_random_2,18/07/2015 01:31:09,@kfatkineab ,0,0.0,0.0,Unknown,Unknown,Unknown,Unknown,Unknown
_bot_10_mention_n_random_2,18/07/2015 01:18:09,@cxcrzjxno ,0,0.0,0.0,Unknown,Unknown,Unknown,Unknown,Unknown
_bot_10_mention_n_random_2,17/07/2015 19:13:09,non qui voluptate Excepteur iure pariatur,0,0.0,0.0,Unknown,Unknown,Unknown,Unknown,Unknown
_bot_10_mention_n_random_2,17/07/2015 14:21:09,@tkstvnce ,0,0.0,0.0,Unknown,Unknown,Unknown,Unknown,Unknown
_bot_10_mention_n_random_2,17/07/2015 08:53:09,@spalnykt ,0,0.0,0.0,Unknown,Unknown,Unknown,Unknown,Unknown
_bot_10_mention_n_random_2,17/07/2015 03:02:09,veniam aliqua illum dolorem ea dolor voluptate commodi,0,0.0,0.0,Unknown,Unknown,Unknown,Unknown,Unknown
_bot_10_mention_n_random_2,16/07/2015 19:11:09,@ilniglxa ,0,0.0,0.0,Unknown,Unknown,Unknown,Unknown,Unknown
_bot_10_mention_n_random_2,16/07/2015 17:56:09,consequat nostrud quis aute dolor quis ipsum minim nostrud velit,0,0.0,0.0,Unknown,Unknown,Unknown,Unknown,Unknown
_bot_10_mention_n_random_2,16/07/2015 07:46:09,@yrzfvdg ,0,0.0,0.0,Unknown,Unknown,Unknown,Unknown,Unknown
_bot_10_mention_n_random_2,16/07/2015 03:04:09,qui exercitation nulla minim consequat elit Excepteur,0,0.0,0.0,Unknown,Unknown,Unknown,Unknown,Unknown
_bot_10_mention_n_random_2,16/07/2015 01:17:09,nisi Duis dolore esse ipsum exercitation,0,0.0,0.0,Unknown,Unknown,Unknown,Unknown,Unknown
_bot_10_mention_n_random_2,15/07/2015 17:55:09,ea sint veniam consequatur commodi ut ipsum anim Ut,0,0.0,0.0,Unknown,Unknown,Unknown,Unknown,Unknown
_bot_10_mention_n_random_2,15/07/2015 09:47:09,mollit cillum occaecat eiusmod sint nisi nulla commodi,0,0.0,0.0,Unknown,Unknown,Unknown,Unknown,Unknown
_bot_10_mention_n_random_2,15/07/2015 07:32:09,@ykuerxsxq ,0,0.0,0.0,Unknown,Unknown,Unknown,Unknown,Unknown
_bot_10_mention_n_random_2,15/07/2015 06:44:09,@pkkdzagn ,0,0.0,0.0,Unknown,Unknown,Unknown,Unknown,Unknown
_bot_10_mention_n_random_2,14/07/2015 21:44:09,commodi eum non vel Ut officia non,0,0.0,0.0,Unknown,Unknown,Unknown,Unknown,Unknown
_bot_10_mention_n_random_2,14/07/2015 09:12:09,iure deserunt reprehenderit Excepteur in ut Ut quam,0,0.0,0.0,Unknown,Unknown,Unknown,Unknown,Unknown
_bot_10_mention_n_random_2,13/07/2015 21:03:09,@yenihuub ,0,0.0,0.0,Unknown,Unknown,Unknown,Unknown,Unknown
_bot_10_mention_n_random_2,13/07/2015 16:16:09,deserunt nisi eum ullamco sint nulla qui cillum magna,0,0.0,0.0,Unknown,Unknown,Unknown,Unknown,Unknown
_bot_10_mention_n_random_2,13/07/2015 09:23:09,cupidatat consequatur minim elit Lorem ut dolor aute qui,0,0.0,0.0,Unknown,Unknown,Unknown,Unknown,Unknown
_bot_10_mention_n_random_2,13/07/2015 07:15:09,@qgmthsllyk ,0,0.0,0.0,Unknown,Unknown,Unknown,Unknown,Unknown
_bot_10_mention_n_random_2,13/07/2015 00:29:09,@tljabdy ,0,0.0,0.0,Unknown,Unknown,Unknown,Unknown,Unknown
_bot_10_mention_n_random_2,12/07/2015 23:54:09,@hvsojfqr ,0,0.0,0.0,Unknown,Unknown,Unknown,Unknown,Unknown
_bot_10_mention_n_random_2,12/07/2015 20:04:09,voluptate adipiscing magna voluptate pariatur est culpa adipiscing autem adipiscing,0,0.0,0.0,Unknown,Unknown,Unknown,Unknown,Unknown
_bot_10_mention_n_random_2,12/07/2015 08:47:09,@hpuhonaw ,0,0.0,0.0,Unknown,Unknown,Unknown,Unknown,Unknown
_bot_10_mention_n_random_2,12/07/2015 02:02:09,dolore nisi Duis sunt consequat reprehenderit aute esse vel nostrud et,0,0.0,0.0,Unknown,Unknown,Unknown,Unknown,Unknown
_bot_10_mention_n_random_2,11/07/2015 17:41:09,@owgbqnr ,0,0.0,0.0,Unknown,Unknown,Unknown,Unknown,Unknown
_bot_10_mention_n_random_2,11/07/2015 11:20:09,vel velit eu eum nihil nulla consequatur eiusmod,0,0.0,0.0,Unknown,Unknown,Unknown,Unknown,Unknown
_bot_10_mention_n_random_2,10/07/2015 22:57:09,consequat ex ut sit eum commodo eu,0,0.0,0.0,Unknown,Unknown,Unknown,Unknown,Unknown
_bot_10_mention_n_random_2,10/07/2015 21:56:09,aute fugiat sunt officia vel commodi autem ut do quam,0,0.0,0.0,Unknown,Unknown,Unknown,Unknown,Unknown
_bot_10_mention_n_random_2,10/07/2015 10:46:09,@yvxscok ,0,0.0,0.0,Unknown,Unknown,Unknown,Unknown,Unknown
_bot_10_mention_n_random_2,10/07/2015 01:42:09,@wpdywowoge ,0,0.0,0.0,Unknown,Unknown,Unknown,Unknown,Unknown
_bot_10_mention_n_random_2,09/07/2015 12:55:09,ea sint magna voluptas eu commodi,0,0.0,0.0,Unknown,Unknown,Unknown,Unknown,Unknown
_bot_10_mention_n_random_2,09/07/2015 04:52:09,illum ea do in est et quo culpa dolor qui,0,0.0,0.0,Unknown,Unknown,Unknown,Unknown,Unknown
_bot_10_mention_n_random_2,08/07/2015 17:32:09,vel in iure fugiat adipiscing officia aute,0,0.0,0.0,Unknown,Unknown,Unknown,Unknown,Unknown
_bot_10_mention_n_random_2,08/07/2015 10:39:09,@zxnnpjzgo ,0,0.0,0.0,Unknown,Unknown,Unknown,Unknown,Unknown
_bot_10_mention_n_random_2,07/07/2015 22:51:09,in illum illum occaecat elit ad laboris sed enim,0,0.0,0.0,Unknown,Unknown,Unknown,Unknown,Unknown
_bot_10_mention_n_random_2,07/07/2015 18:03:09,@zagozfr ,0,0.0,0.0,Unknown,Unknown,Unknown,Unknown,Unknown
_bot_10_mention_n_random_2,07/07/2015 05:31:09,@yhkddwk ,0,0.0,0.0,Unknown,Unknown,Unknown,Unknown,Unknown
_bot_10_mention_n_random_2,07/07/2015 03:50:09,voluptate in mollit consequatur deserunt ex dolore fugiat,0,0.0,0.0,Unknown,Unknown,Unknown,Unknown,Unknown
_bot_10_mention_n_random_2,06/07/2015 17:09:09,amet qui qui ipsum incididunt Ut irure nisi,0,0.0,0.0,Unknown,Unknown,Unknown,Unknown,Unknown
_bot_10_mention_n_random_2,06/07/2015 07:46:09,@axpnszfoy ,0,0.0,0.0,Unknown,Unknown,Unknown,Unknown,Unknown
_bot_10_mention_n_random_2,05/07/2015 21:57:09,vel ipsum commodi vel eum dolore dolor Duis,0,0.0,0.0,Unknown,Unknown,Unknown,Unknown,Unknown
_bot_10_mention_n_random_2,05/07/2015 18:43:09,@qbxvmkza ,0,0.0,0.0,Unknown,Unknown,Unknown,Unknown,Unknown
_bot_10_mention_n_random_2,05/07/2015 11:40:09,quis exercitation autem et labore exercitation aliqua,0,0.0,0.0,Unknown,Unknown,Unknown,Unknown,Unknown
_bot_10_mention_n_random_2,05/07/2015 07:10:09,elit cupidatat amet sint Duis dolore,0,0.0,0.0,Unknown,Unknown,Unknown,Unknown,Unknown
_bot_10_mention_n_random_2,05/07/2015 06:01:09,et elit aute laborum non vel autem fugiat laborum,0,0.0,0.0,Unknown,Unknown,Unknown,Unknown,Unknown
_bot_10_mention_n_random_2,05/07/2015 05:22:09,@moluyexggd ,0,0.0,0.0,Unknown,Unknown,Unknown,Unknown,Unknown
_bot_10_mention_n_random_2,05/07/2015 01:46:09,pariatur Lorem minim cupidatat reprehenderit aliquid ullamco pariatur vel,0,0.0,0.0,Unknown,Unknown,Unknown,Unknown,Unknown
_bot_10_mention_n_random_2,04/07/2015 20:40:09,@fwysrur ,0,0.0,0.0,Unknown,Unknown,Unknown,Unknown,Unknown
_bot_10_mention_n_random_2,04/07/2015 08:00:09,@qacdfwcaurv ,0,0.0,0.0,Unknown,Unknown,Unknown,Unknown,Unknown
_bot_10_mention_n_random_2,03/07/2015 20:47:09,@ozawutdgyjz ,0,0.0,0.0,Unknown,Unknown,Unknown,Unknown,Unknown
_bot_10_mention_n_random_2,03/07/2015 13:58:09,@kdfipfzp ,0,0.0,0.0,Unknown,Unknown,Unknown,Unknown,Unknown
_bot_10_mention_n_random_2,03/07/2015 07:37:09,tempor pariatur in velit Excepteur tempor irure consectetur consequatur eu,0,0.0,0.0,Unknown,Unknown,Unknown,Unknown,Unknown
_bot_10_mention_n_random_2,03/07/2015 02:39:09,@silehioal ,0,0.0,0.0,Unknown,Unknown,Unknown,Unknown,Unknown
_bot_10_mention_n_random_2,02/07/2015 18:39:09,nulla eum Ut dolore proident Quis vel,0,0.0,0.0,Unknown,Unknown,Unknown,Unknown,Unknown
_bot_10_mention_n_random_2,02/07/2015 18:12:09,@gwuvnwvmc ,0,0.0,0.0,Unknown,Unknown,Unknown,Unknown,Unknown
_bot_10_mention_n_random_2,02/07/2015 13:12:09,in labore dolor cillum ex commodo nulla voluptate sed est,0,0.0,0.0,Unknown,Unknown,Unknown,Unknown,Unknown
_bot_10_mention_n_random_2,02/07/2015 11:37:09,@exigidyi ,0,0.0,0.0,Unknown,Unknown,Unknown,Unknown,Unknown
_bot_10_mention_n_random_2,02/07/2015 08:37:09,@hcixagt ,0,0.0,0.0,Unknown,Unknown,Unknown,Unknown,Unknown
_bot_10_mention_n_random_2,01/07/2015 22:24:09,non voluptate qui enim in dolore ut,0,0.0,0.0,Unknown,Unknown,Unknown,Unknown,Unknown
_bot_10_mention_n_random_2,01/07/2015 21:33:09,qui ea qui irure enim aliquip eum,0,0.0,0.0,Unknown,Unknown,Unknown,Unknown,Unknown
_bot_10_mention_n_random_2,01/07/2015 10:25:09,@ldxvzoocti ,0,0.0,0.0,Unknown,Unknown,Unknown,Unknown,Unknown
_bot_10_mention_n_random_2,01/07/2015 06:37:09,@fakwiannt ,0,0.0,0.0,Unknown,Unknown,Unknown,Unknown,Unknown
_bot_10_mention_n_random_2,01/07/2015 01:55:09,Ut voluptas eiusmod consequat Ut occaecat,0,0.0,0.0,Unknown,Unknown,Unknown,Unknown,Unknown
_bot_10_mention_n_random_2,30/06/2015 14:37:09,@qyqcvqltt ,0,0.0,0.0,Unknown,Unknown,Unknown,Unknown,Unknown
_bot_10_mention_n_random_2,30/06/2015 03:35:09,reprehenderit amet laboris in minim enim eum,0,0.0,0.0,Unknown,Unknown,Unknown,Unknown,Unknown
_bot_10_mention_n_random_2,30/06/2015 01:15:09,commodo tempor aliquip quam ipsum Ut veniam,0,0.0,0.0,Unknown,Unknown,Unknown,Unknown,Unknown
_bot_10_mention_n_random_2,29/06/2015 17:45:09,nihil eu id in nostrud molestiae dolore est in et in proident,0,0.0,0.0,Unknown,Unknown,Unknown,Unknown,Unknown
_bot_10_mention_n_random_2,29/06/2015 11:51:09,@klfermokrya ,0,0.0,0.0,Unknown,Unknown,Unknown,Unknown,Unknown
_bot_10_mention_n_random_2,29/06/2015 01:46:09,@jrmdcuzdmvm ,0,0.0,0.0,Unknown,Unknown,Unknown,Unknown,Unknown
_bot_10_mention_n_random_2,28/06/2015 19:03:09,@skemhny ,0,0.0,0.0,Unknown,Unknown,Unknown,Unknown,Unknown
_bot_10_mention_n_random_2,28/06/2015 13:54:09,et mollit eu nostrud cillum iure non in voluptate ut esse,0,0.0,0.0,Unknown,Unknown,Unknown,Unknown,Unknown
_bot_10_mention_n_random_2,28/06/2015 09:38:09,@mreevkkvcgr ,0,0.0,0.0,Unknown,Unknown,Unknown,Unknown,Unknown
_bot_10_mention_n_random_2,27/06/2015 21:28:09,@hnzsbsd ,0,0.0,0.0,Unknown,Unknown,Unknown,Unknown,Unknown
_bot_10_mention_n_random_2,27/06/2015 09:24:09,voluptate ut sit proident aliqua velit,0,0.0,0.0,Unknown,Unknown,Unknown,Unknown,Unknown
_bot_10_mention_n_random_2,27/06/2015 06:03:09,et laborum minim deserunt Duis Excepteur,0,0.0,0.0,Unknown,Unknown,Unknown,Unknown,Unknown
_bot_10_mention_n_random_2,27/06/2015 02:59:09,@dkbzijskn ,0,0.0,0.0,Unknown,Unknown,Unknown,Unknown,Unknown
_bot_10_mention_n_random_2,26/06/2015 15:45:09,@mqmafwrmzoq ,0,0.0,0.0,Unknown,Unknown,Unknown,Unknown,Unknown
_bot_10_mention_n_random_2,26/06/2015 12:00:09,@tnyuggocxt ,0,0.0,0.0,Unknown,Unknown,Unknown,Unknown,Unknown
_bot_10_mention_n_random_2,26/06/2015 00:27:09,@tlmnnjyxaym ,0,0.0,0.0,Unknown,Unknown,Unknown,Unknown,Unknown
_bot_10_mention_n_random_2,25/06/2015 23:52:09,@buqxrezn ,0,0.0,0.0,Unknown,Unknown,Unknown,Unknown,Unknown
_bot_10_mention_n_random_2,25/06/2015 21:38:09,@zmnweju ,0,0.0,0.0,Unknown,Unknown,Unknown,Unknown,Unknown
_bot_10_mention_n_random_2,25/06/2015 13:43:09,ut ad dolor dolore sunt molestiae in molestiae tempor reprehenderit ex,0,0.0,0.0,Unknown,Unknown,Unknown,Unknown,Unknown
_bot_10_mention_n_random_2,25/06/2015 03:01:09,anim irure dolore eiusmod ea ut quo,0,0.0,0.0,Unknown,Unknown,Unknown,Unknown,Unknown
_bot_10_mention_n_random_2,24/06/2015 17:00:09,@geusnbjqi ,0,0.0,0.0,Unknown,Unknown,Unknown,Unknown,Unknown
_bot_10_mention_n_random_2,24/06/2015 15:57:09,eum sint nisi laboris commodo ea mollit elit ad,0,0.0,0.0,Unknown,Unknown,Unknown,Unknown,Unknown
_bot_10_mention_n_random_2,24/06/2015 07:09:09,id eu officia id labore id aliquid ut voluptas tempor,0,0.0,0.0,Unknown,Unknown,Unknown,Unknown,Unknown
_bot_10_mention_n_random_2,23/06/2015 21:34:09,proident officia id ipsum ea in velit anim,0,0.0,0.0,Unknown,Unknown,Unknown,Unknown,Unknown
_bot_10_mention_n_random_2,23/06/2015 10:12:09,id Ut autem voluptate veniam nostrud occaecat iure,0,0.0,0.0,Unknown,Unknown,Unknown,Unknown,Unknown
_bot_10_mention_n_random_2,23/06/2015 04:21:09,eiusmod est dolore consequatur amet quis Ut ut ad in sunt,0,0.0,0.0,Unknown,Unknown,Unknown,Unknown,Unknown
_bot_10_mention_n_random_2,22/06/2015 22:16:09,@htnljfd ,0,0.0,0.0,Unknown,Unknown,Unknown,Unknown,Unknown
_bot_10_mention_n_random_2,22/06/2015 15:53:09,@mpwibyos ,0,0.0,0.0,Unknown,Unknown,Unknown,Unknown,Unknown
_bot_10_mention_n_random_2,22/06/2015 08:30:09,@tjfldlk ,0,0.0,0.0,Unknown,Unknown,Unknown,Unknown,Unknown
_bot_10_mention_n_random_2,21/06/2015 22:28:09,tempor fugiat velit pariatur nulla vel ea consequatur,0,0.0,0.0,Unknown,Unknown,Unknown,Unknown,Unknown
_bot_10_mention_n_random_2,21/06/2015 16:23:09,@dsenjcrv ,0,0.0,0.0,Unknown,Unknown,Unknown,Unknown,Unknown
_bot_10_mention_n_random_2,21/06/2015 13:45:09,aute ut in dolor velit iure adipiscing,0,0.0,0.0,Unknown,Unknown,Unknown,Unknown,Unknown
_bot_10_mention_n_random_2,21/06/2015 11:04:09,@ufkkdsamuyp ,0,0.0,0.0,Unknown,Unknown,Unknown,Unknown,Unknown
_bot_10_mention_n_random_2,21/06/2015 10:38:09,@natvvlqxr ,0,0.0,0.0,Unknown,Unknown,Unknown,Unknown,Unknown
_bot_10_mention_n_random_2,21/06/2015 07:11:09,@mooxqetjuzg ,0,0.0,0.0,Unknown,Unknown,Unknown,Unknown,Unknown
_bot_10_mention_n_random_2,20/06/2015 23:23:09,@cawzcsq ,0,0.0,0.0,Unknown,Unknown,Unknown,Unknown,Unknown
_bot_10_mention_n_random_2,20/06/2015 14:07:09,dolor do nulla ut dolore consequatur molestiae ut,0,0.0,0.0,Unknown,Unknown,Unknown,Unknown,Unknown
_bot_10_mention_n_random_2,20/06/2015 01:32:09,@vtzpugz ,0,0.0,0.0,Unknown,Unknown,Unknown,Unknown,Unknown
_bot_10_mention_n_random_2,19/06/2015 19:38:09,@jfhpukg ,0,0.0,0.0,Unknown,Unknown,Unknown,Unknown,Unknown
_bot_10_mention_n_random_2,19/06/2015 14:16:09,reprehenderit vel esse nulla consequatur cupidatat nostrud eu sit ea esse,0,0.0,0.0,Unknown,Unknown,Unknown,Unknown,Unknown
_bot_10_mention_n_random_2,19/06/2015 03:22:09,@iplqnpos ,0,0.0,0.0,Unknown,Unknown,Unknown,Unknown,Unknown
_bot_10_mention_n_random_2,18/06/2015 18:55:09,ea anim sed consequat molestiae eu,0,0.0,0.0,Unknown,Unknown,Unknown,Unknown,Unknown
_bot_10_mention_n_random_2,18/06/2015 11:22:09,@tecviigw ,0,0.0,0.0,Unknown,Unknown,Unknown,Unknown,Unknown
_bot_10_mention_n_random_2,18/06/2015 03:06:09,voluptate dolore aliquid Quis aliquid incididunt amet irure dolore vel,0,0.0,0.0,Unknown,Unknown,Unknown,Unknown,Unknown
_bot_10_mention_n_random_2,17/06/2015 21:06:09,@kkbpavvibri ,0,0.0,0.0,Unknown,Unknown,Unknown,Unknown,Unknown
_bot_10_mention_n_random_2,17/06/2015 20:08:09,@lziqwug ,0,0.0,0.0,Unknown,Unknown,Unknown,Unknown,Unknown
_bot_10_mention_n_random_2,17/06/2015 15:25:09,@vtpewrx ,0,0.0,0.0,Unknown,Unknown,Unknown,Unknown,Unknown
_bot_10_mention_n_random_2,17/06/2015 14:11:09,@bpeypdxiyjm ,0,0.0,0.0,Unknown,Unknown,Unknown,Unknown,Unknown
