_bot_5_mention_n_3,26/06/2015 00:25:54,@dwuwkhqor Ut ea do do aliqua #lsushq 290,0,0.0,0.0,Unknown,Unknown,Unknown,Unknown
_bot_5_mention_n_3,25/06/2015 16:30:54,@ksmoejieg adipiscing quis ad incididunt ut ullamco enim aliqua commodo #frlju 721,0,0.0,0.0,Unknown,Unknown,Unknown,Unknown
_bot_5_mention_n_3,25/06/2015 09:33:54,@ellymxfle adipiscing quis ad incididunt ut ullamco enim aliqua commodo #frlju 721,0,0.0,0.0,Unknown,Unknown,Unknown,Unknown
_bot_5_mention_n_3,25/06/2015 04:29:54,@lcfrsjj consectetur elit Ut ipsum ut ut ipsum consequat incididunt sit #lwqdgnnw 917,0,0.0,0.0,Unknown,Unknown,Unknown,Unknown
_bot_5_mention_n_3,24/06/2015 22:29:54,@ktnzsinuy ad aliquip nisi minim sit Lorem ut eiusmod #roorx 59,0,0.0,0.0,Unknown,Unknown,Unknown,Unknown
_bot_5_mention_n_3,24/06/2015 12:49:54,@fwcnbrjwx adipiscing quis ad incididunt ut ullamco enim aliqua commodo #frlju 721,0,0.0,0.0,Unknown,Unknown,Unknown,Unknown
_bot_5_mention_n_3,24/06/2015 04:58:54,@wpkqrny adipiscing quis ad incididunt ut ullamco enim aliqua commodo #frlju 721,0,0.0,0.0,Unknown,Unknown,Unknown,Unknown
_bot_5_mention_n_3,23/06/2015 20:27:54,@rtoebsef dolore laboris ea exercitation sed #wgoyh 936,0,0.0,0.0,Unknown,Unknown,Unknown,Unknown
_bot_5_mention_n_3,23/06/2015 18:59:54,@uansurilm ad aliquip nisi minim sit Lorem ut eiusmod #roorx 59,0,0.0,0.0,Unknown,Unknown,Unknown,Unknown
_bot_5_mention_n_3,23/06/2015 10:37:54,@fuoaulzxd dolore laboris ea exercitation sed #wgoyh 936,0,0.0,0.0,Unknown,Unknown,Unknown,Unknown
_bot_5_mention_n_3,23/06/2015 00:42:54,@ubdirclcap Ut ea do do aliqua #lsushq 290,0,0.0,0.0,Unknown,Unknown,Unknown,Unknown
_bot_5_mention_n_3,22/06/2015 20:20:54,@ylrmnyi dolore laboris ea exercitation sed #wgoyh 936,0,0.0,0.0,Unknown,Unknown,Unknown,Unknown
_bot_5_mention_n_3,22/06/2015 13:19:54,@dddrxjpzryp ad aliquip nisi minim sit Lorem ut eiusmod #roorx 59,0,0.0,0.0,Unknown,Unknown,Unknown,Unknown
_bot_5_mention_n_3,22/06/2015 08:54:54,@ilkokrjxhax adipiscing quis ad incididunt ut ullamco enim aliqua commodo #frlju 721,0,0.0,0.0,Unknown,Unknown,Unknown,Unknown
_bot_5_mention_n_3,22/06/2015 05:17:54,@yyhzoye dolore laboris ea exercitation sed #wgoyh 936,0,0.0,0.0,Unknown,Unknown,Unknown,Unknown
_bot_5_mention_n_3,22/06/2015 03:30:54,@aucyhwkjbqh consectetur elit Ut ipsum ut ut ipsum consequat incididunt sit #lwqdgnnw 917,0,0.0,0.0,Unknown,Unknown,Unknown,Unknown
_bot_5_mention_n_3,21/06/2015 19:11:54,@mywbcck ad aliquip nisi minim sit Lorem ut eiusmod #roorx 59,0,0.0,0.0,Unknown,Unknown,Unknown,Unknown
_bot_5_mention_n_3,21/06/2015 15:48:54,@kpszlzhfupu ad aliquip nisi minim sit Lorem ut eiusmod #roorx 59,0,0.0,0.0,Unknown,Unknown,Unknown,Unknown
_bot_5_mention_n_3,21/06/2015 06:54:54,@towftilfw ad aliquip nisi minim sit Lorem ut eiusmod #roorx 59,0,0.0,0.0,Unknown,Unknown,Unknown,Unknown
_bot_5_mention_n_3,21/06/2015 04:03:54,@qkvjfrt ullamco ut ullamco elit Ut consequat eiusmod #zlmty 142,0,0.0,0.0,Unknown,Unknown,Unknown,Unknown
_bot_5_mention_n_3,20/06/2015 18:46:54,@wclzkejxqq dolore laboris ea exercitation sed #wgoyh 936,0,0.0,0.0,Unknown,Unknown,Unknown,Unknown
_bot_5_mention_n_3,20/06/2015 08:55:54,@vituwtxkqmo consectetur elit Ut ipsum ut ut ipsum consequat incididunt sit #lwqdgnnw 917,0,0.0,0.0,Unknown,Unknown,Unknown,Unknown
_bot_5_mention_n_3,20/06/2015 07:59:54,@kkeapwabgcb adipiscing quis ad incididunt ut ullamco enim aliqua commodo #frlju 721,0,0.0,0.0,Unknown,Unknown,Unknown,Unknown
_bot_5_mention_n_3,20/06/2015 05:01:54,@naygclmu consectetur elit Ut ipsum ut ut ipsum consequat incididunt sit #lwqdgnnw 917,0,0.0,0.0,Unknown,Unknown,Unknown,Unknown
_bot_5_mention_n_3,20/06/2015 03:42:54,@bhtfvtytwi ullamco ut ullamco elit Ut consequat eiusmod #zlmty 142,0,0.0,0.0,Unknown,Unknown,Unknown,Unknown
_bot_5_mention_n_3,20/06/2015 02:51:54,@esvoggzb Ut ea do do aliqua #lsushq 290,0,0.0,0.0,Unknown,Unknown,Unknown,Unknown
_bot_5_mention_n_3,20/06/2015 02:24:54,@pednsyeu Ut ea do do aliqua #lsushq 290,0,0.0,0.0,Unknown,Unknown,Unknown,Unknown
_bot_5_mention_n_3,19/06/2015 23:17:54,@miyevugqb adipiscing quis ad incididunt ut ullamco enim aliqua commodo #frlju 721,0,0.0,0.0,Unknown,Unknown,Unknown,Unknown
_bot_5_mention_n_3,19/06/2015 18:31:54,@tubvubn consectetur elit Ut ipsum ut ut ipsum consequat incididunt sit #lwqdgnnw 917,0,0.0,0.0,Unknown,Unknown,Unknown,Unknown
_bot_5_mention_n_3,19/06/2015 13:56:54,@papyafk ullamco ut ullamco elit Ut consequat eiusmod #zlmty 142,0,0.0,0.0,Unknown,Unknown,Unknown,Unknown
_bot_5_mention_n_3,19/06/2015 07:28:54,@xaqdrpjmqxn ullamco ut ullamco elit Ut consequat eiusmod #zlmty 142,0,0.0,0.0,Unknown,Unknown,Unknown,Unknown
_bot_5_mention_n_3,19/06/2015 05:12:54,@ppjuvayphz ad aliquip nisi minim sit Lorem ut eiusmod #roorx 59,0,0.0,0.0,Unknown,Unknown,Unknown,Unknown
_bot_5_mention_n_3,19/06/2015 04:25:54,@xapsmbmpf consectetur elit Ut ipsum ut ut ipsum consequat incididunt sit #lwqdgnnw 917,0,0.0,0.0,Unknown,Unknown,Unknown,Unknown
_bot_5_mention_n_3,18/06/2015 23:10:54,@pcqgrjaml Ut ea do do aliqua #lsushq 290,0,0.0,0.0,Unknown,Unknown,Unknown,Unknown
_bot_5_mention_n_3,18/06/2015 15:22:54,@srumxej adipiscing quis ad incididunt ut ullamco enim aliqua commodo #frlju 721,0,0.0,0.0,Unknown,Unknown,Unknown,Unknown
_bot_5_mention_n_3,18/06/2015 11:43:54,@viugnmtq Ut ea do do aliqua #lsushq 290,0,0.0,0.0,Unknown,Unknown,Unknown,Unknown
_bot_5_mention_n_3,18/06/2015 02:27:54,@jxmcyky dolore laboris ea exercitation sed #wgoyh 936,0,0.0,0.0,Unknown,Unknown,Unknown,Unknown
_bot_5_mention_n_3,18/06/2015 00:02:54,@oeanfbnugvh ullamco ut ullamco elit Ut consequat eiusmod #zlmty 142,0,0.0,0.0,Unknown,Unknown,Unknown,Unknown
_bot_5_mention_n_3,17/06/2015 23:40:54,@dwkztstfpgk ullamco ut ullamco elit Ut consequat eiusmod #zlmty 142,0,0.0,0.0,Unknown,Unknown,Unknown,Unknown
_bot_5_mention_n_3,17/06/2015 15:08:54,@zmjgdtvklfh Ut ea do do aliqua #lsushq 290,0,0.0,0.0,Unknown,Unknown,Unknown,Unknown
_bot_5_mention_n_3,17/06/2015 10:10:54,@dslboiz ad aliquip nisi minim sit Lorem ut eiusmod #roorx 59,0,0.0,0.0,Unknown,Unknown,Unknown,Unknown
_bot_5_mention_n_3,17/06/2015 02:15:54,@lrlapxccuw adipiscing quis ad incididunt ut ullamco enim aliqua commodo #frlju 721,0,0.0,0.0,Unknown,Unknown,Unknown,Unknown
_bot_5_mention_n_3,16/06/2015 21:39:54,@ofpktdiscez ad aliquip nisi minim sit Lorem ut eiusmod #roorx 59,0,0.0,0.0,Unknown,Unknown,Unknown,Unknown
_bot_5_mention_n_3,16/06/2015 18:14:54,@ptcmlsftvv ullamco ut ullamco elit Ut consequat eiusmod #zlmty 142,0,0.0,0.0,Unknown,Unknown,Unknown,Unknown
_bot_5_mention_n_3,16/06/2015 13:33:54,@fepkdjhdt adipiscing quis ad incididunt ut ullamco enim aliqua commodo #frlju 721,0,0.0,0.0,Unknown,Unknown,Unknown,Unknown
_bot_5_mention_n_3,16/06/2015 09:27:54,@dmasgkuvu ad aliquip nisi minim sit Lorem ut eiusmod #roorx 59,0,0.0,0.0,Unknown,Unknown,Unknown,Unknown
_bot_5_mention_n_3,16/06/2015 01:16:54,@wseqmywssn ad aliquip nisi minim sit Lorem ut eiusmod #roorx 59,0,0.0,0.0,Unknown,Unknown,Unknown,Unknown
_bot_5_mention_n_3,15/06/2015 20:24:54,@ebetmkbn consectetur elit Ut ipsum ut ut ipsum consequat incididunt sit #lwqdgnnw 917,0,0.0,0.0,Unknown,Unknown,Unknown,Unknown
_bot_5_mention_n_3,15/06/2015 14:05:54,@ihbfxrvnap adipiscing quis ad incididunt ut ullamco enim aliqua commodo #frlju 721,0,0.0,0.0,Unknown,Unknown,Unknown,Unknown
_bot_5_mention_n_3,15/06/2015 07:51:54,@jdmtovk consectetur elit Ut ipsum ut ut ipsum consequat incididunt sit #lwqdgnnw 917,0,0.0,0.0,Unknown,Unknown,Unknown,Unknown
_bot_5_mention_n_3,15/06/2015 07:15:54,@lvgmmku ad aliquip nisi minim sit Lorem ut eiusmod #roorx 59,0,0.0,0.0,Unknown,Unknown,Unknown,Unknown
_bot_5_mention_n_3,15/06/2015 00:21:54,@cdecquodaom ad aliquip nisi minim sit Lorem ut eiusmod #roorx 59,0,0.0,0.0,Unknown,Unknown,Unknown,Unknown
_bot_5_mention_n_3,14/06/2015 16:34:54,@asxaqiu consectetur elit Ut ipsum ut ut ipsum consequat incididunt sit #lwqdgnnw 917,0,0.0,0.0,Unknown,Unknown,Unknown,Unknown
_bot_5_mention_n_3,14/06/2015 06:41:54,@udthphbyeem ullamco ut ullamco elit Ut consequat eiusmod #zlmty 142,0,0.0,0.0,Unknown,Unknown,Unknown,Unknown
_bot_5_mention_n_3,14/06/2015 02:51:54,@whscowq ad aliquip nisi minim sit Lorem ut eiusmod #roorx 59,0,0.0,0.0,Unknown,Unknown,Unknown,Unknown
_bot_5_mention_n_3,13/06/2015 20:47:54,@fqttzzgdpky consectetur elit Ut ipsum ut ut ipsum consequat incididunt sit #lwqdgnnw 917,0,0.0,0.0,Unknown,Unknown,Unknown,Unknown
_bot_5_mention_n_3,13/06/2015 17:19:54,@vbqacictpn adipiscing quis ad incididunt ut ullamco enim aliqua commodo #frlju 721,0,0.0,0.0,Unknown,Unknown,Unknown,Unknown
_bot_5_mention_n_3,13/06/2015 12:32:54,@bdhxdxothvg ad aliquip nisi minim sit Lorem ut eiusmod #roorx 59,0,0.0,0.0,Unknown,Unknown,Unknown,Unknown
_bot_5_mention_n_3,13/06/2015 02:53:54,@ytusffv Ut ea do do aliqua #lsushq 290,0,0.0,0.0,Unknown,Unknown,Unknown,Unknown
_bot_5_mention_n_3,12/06/2015 20:39:54,@liqqyisz consectetur elit Ut ipsum ut ut ipsum consequat incididunt sit #lwqdgnnw 917,0,0.0,0.0,Unknown,Unknown,Unknown,Unknown
_bot_5_mention_n_3,12/06/2015 13:40:54,@jzsacinn Ut ea do do aliqua #lsushq 290,0,0.0,0.0,Unknown,Unknown,Unknown,Unknown
_bot_5_mention_n_3,12/06/2015 12:18:54,@hsmqoho consectetur elit Ut ipsum ut ut ipsum consequat incididunt sit #lwqdgnnw 917,0,0.0,0.0,Unknown,Unknown,Unknown,Unknown
_bot_5_mention_n_3,12/06/2015 03:22:54,@jwmtsdu consectetur elit Ut ipsum ut ut ipsum consequat incididunt sit #lwqdgnnw 917,0,0.0,0.0,Unknown,Unknown,Unknown,Unknown
_bot_5_mention_n_3,12/06/2015 02:20:54,@xznxyqtm Ut ea do do aliqua #lsushq 290,0,0.0,0.0,Unknown,Unknown,Unknown,Unknown
_bot_5_mention_n_3,11/06/2015 22:09:54,@khgkqfxk ullamco ut ullamco elit Ut consequat eiusmod #zlmty 142,0,0.0,0.0,Unknown,Unknown,Unknown,Unknown
_bot_5_mention_n_3,11/06/2015 16:47:54,@plwbusvbpl consectetur elit Ut ipsum ut ut ipsum consequat incididunt sit #lwqdgnnw 917,0,0.0,0.0,Unknown,Unknown,Unknown,Unknown
_bot_5_mention_n_3,11/06/2015 15:40:54,@iywkrlefody ad aliquip nisi minim sit Lorem ut eiusmod #roorx 59,0,0.0,0.0,Unknown,Unknown,Unknown,Unknown
_bot_5_mention_n_3,11/06/2015 11:13:54,@eoysmryvyre ad aliquip nisi minim sit Lorem ut eiusmod #roorx 59,0,0.0,0.0,Unknown,Unknown,Unknown,Unknown
_bot_5_mention_n_3,11/06/2015 07:02:54,@kjuuevnj Ut ea do do aliqua #lsushq 290,0,0.0,0.0,Unknown,Unknown,Unknown,Unknown
_bot_5_mention_n_3,11/06/2015 06:28:54,@ivgxmngqo consectetur elit Ut ipsum ut ut ipsum consequat incididunt sit #lwqdgnnw 917,0,0.0,0.0,Unknown,Unknown,Unknown,Unknown
_bot_5_mention_n_3,10/06/2015 22:40:54,@gydpzjqsi Ut ea do do aliqua #lsushq 290,0,0.0,0.0,Unknown,Unknown,Unknown,Unknown
_bot_5_mention_n_3,10/06/2015 22:17:54,@niumsepoz dolore laboris ea exercitation sed #wgoyh 936,0,0.0,0.0,Unknown,Unknown,Unknown,Unknown
_bot_5_mention_n_3,10/06/2015 16:55:54,@omryaeplfe consectetur elit Ut ipsum ut ut ipsum consequat incididunt sit #lwqdgnnw 917,0,0.0,0.0,Unknown,Unknown,Unknown,Unknown
_bot_5_mention_n_3,10/06/2015 11:16:54,@wvxyfobp ullamco ut ullamco elit Ut consequat eiusmod #zlmty 142,0,0.0,0.0,Unknown,Unknown,Unknown,Unknown
_bot_5_mention_n_3,10/06/2015 05:04:54,@swrcgayi consectetur elit Ut ipsum ut ut ipsum consequat incididunt sit #lwqdgnnw 917,0,0.0,0.0,Unknown,Unknown,Unknown,Unknown
_bot_5_mention_n_3,09/06/2015 19:06:54,@gddpljzrn Ut ea do do aliqua #lsushq 290,0,0.0,0.0,Unknown,Unknown,Unknown,Unknown
_bot_5_mention_n_3,09/06/2015 15:56:54,@fyhutmmc ullamco ut ullamco elit Ut consequat eiusmod #zlmty 142,0,0.0,0.0,Unknown,Unknown,Unknown,Unknown
_bot_5_mention_n_3,09/06/2015 09:22:54,@whlvyhuliok dolore laboris ea exercitation sed #wgoyh 936,0,0.0,0.0,Unknown,Unknown,Unknown,Unknown
_bot_5_mention_n_3,09/06/2015 07:23:54,@ctouxog dolore laboris ea exercitation sed #wgoyh 936,0,0.0,0.0,Unknown,Unknown,Unknown,Unknown
_bot_5_mention_n_3,08/06/2015 23:18:54,@anrxaqcme ad aliquip nisi minim sit Lorem ut eiusmod #roorx 59,0,0.0,0.0,Unknown,Unknown,Unknown,Unknown
_bot_5_mention_n_3,08/06/2015 16:09:54,@lxkmyblhvh consectetur elit Ut ipsum ut ut ipsum consequat incididunt sit #lwqdgnnw 917,0,0.0,0.0,Unknown,Unknown,Unknown,Unknown
_bot_5_mention_n_3,08/06/2015 08:04:54,@ovwkplbrbkl Ut ea do do aliqua #lsushq 290,0,0.0,0.0,Unknown,Unknown,Unknown,Unknown
_bot_5_mention_n_3,07/06/2015 23:44:54,@okvjytebqou consectetur elit Ut ipsum ut ut ipsum consequat incididunt sit #lwqdgnnw 917,0,0.0,0.0,Unknown,Unknown,Unknown,Unknown
_bot_5_mention_n_3,07/06/2015 18:44:54,@erprzonge Ut ea do do aliqua #lsushq 290,0,0.0,0.0,Unknown,Unknown,Unknown,Unknown
_bot_5_mention_n_3,07/06/2015 16:25:54,@jiudlhix dolore laboris ea exercitation sed #wgoyh 936,0,0.0,0.0,Unknown,Unknown,Unknown,Unknown
_bot_5_mention_n_3,07/06/2015 09:57:54,@widelzopfaf ullamco ut ullamco elit Ut consequat eiusmod #zlmty 142,0,0.0,0.0,Unknown,Unknown,Unknown,Unknown
_bot_5_mention_n_3,07/06/2015 06:33:54,@embgvjevovn ad aliquip nisi minim sit Lorem ut eiusmod #roorx 59,0,0.0,0.0,Unknown,Unknown,Unknown,Unknown
_bot_5_mention_n_3,06/06/2015 23:50:54,@dplcmczv ullamco ut ullamco elit Ut consequat eiusmod #zlmty 142,0,0.0,0.0,Unknown,Unknown,Unknown,Unknown
_bot_5_mention_n_3,06/06/2015 21:33:54,@veewywz Ut ea do do aliqua #lsushq 290,0,0.0,0.0,Unknown,Unknown,Unknown,Unknown
_bot_5_mention_n_3,06/06/2015 11:54:54,@hibpilogf ullamco ut ullamco elit Ut consequat eiusmod #zlmty 142,0,0.0,0.0,Unknown,Unknown,Unknown,Unknown
_bot_5_mention_n_3,06/06/2015 08:47:54,@rybegtp consectetur elit Ut ipsum ut ut ipsum consequat incididunt sit #lwqdgnnw 917,0,0.0,0.0,Unknown,Unknown,Unknown,Unknown
_bot_5_mention_n_3,06/06/2015 01:13:54,@bgmwfecteyn ullamco ut ullamco elit Ut consequat eiusmod #zlmty 142,0,0.0,0.0,Unknown,Unknown,Unknown,Unknown
_bot_5_mention_n_3,05/06/2015 19:14:54,@qkqnxiyupj adipiscing quis ad incididunt ut ullamco enim aliqua commodo #frlju 721,0,0.0,0.0,Unknown,Unknown,Unknown,Unknown
_bot_5_mention_n_3,05/06/2015 13:00:54,@fzulmehhkx ad aliquip nisi minim sit Lorem ut eiusmod #roorx 59,0,0.0,0.0,Unknown,Unknown,Unknown,Unknown
_bot_5_mention_n_3,05/06/2015 04:38:54,@qqarjhf Ut ea do do aliqua #lsushq 290,0,0.0,0.0,Unknown,Unknown,Unknown,Unknown
_bot_5_mention_n_3,05/06/2015 03:29:54,@pmphucll ad aliquip nisi minim sit Lorem ut eiusmod #roorx 59,0,0.0,0.0,Unknown,Unknown,Unknown,Unknown
_bot_5_mention_n_3,05/06/2015 01:31:54,@etmteutaxb consectetur elit Ut ipsum ut ut ipsum consequat incididunt sit #lwqdgnnw 917,0,0.0,0.0,Unknown,Unknown,Unknown,Unknown
_bot_5_mention_n_3,04/06/2015 16:04:54,@dfqkwqwea ad aliquip nisi minim sit Lorem ut eiusmod #roorx 59,0,0.0,0.0,Unknown,Unknown,Unknown,Unknown
_bot_5_mention_n_3,04/06/2015 14:25:54,@lwaqqxetl consectetur elit Ut ipsum ut ut ipsum consequat incididunt sit #lwqdgnnw 917,0,0.0,0.0,Unknown,Unknown,Unknown,Unknown
_bot_5_mention_n_3,04/06/2015 06:39:54,@cmefnekite dolore laboris ea exercitation sed #wgoyh 936,0,0.0,0.0,Unknown,Unknown,Unknown,Unknown
_bot_5_mention_n_3,03/06/2015 22:11:54,@dcxmpwpsstv Ut ea do do aliqua #lsushq 290,0,0.0,0.0,Unknown,Unknown,Unknown,Unknown
_bot_5_mention_n_3,03/06/2015 20:18:54,@cncvjhmneoh consectetur elit Ut ipsum ut ut ipsum consequat incididunt sit #lwqdgnnw 917,0,0.0,0.0,Unknown,Unknown,Unknown,Unknown
_bot_5_mention_n_3,03/06/2015 10:26:54,@alwserskjl adipiscing quis ad incididunt ut ullamco enim aliqua commodo #frlju 721,0,0.0,0.0,Unknown,Unknown,Unknown,Unknown
_bot_5_mention_n_3,03/06/2015 07:28:54,@ytseshom adipiscing quis ad incididunt ut ullamco enim aliqua commodo #frlju 721,0,0.0,0.0,Unknown,Unknown,Unknown,Unknown
_bot_5_mention_n_3,03/06/2015 00:17:54,@siwvwsmuo dolore laboris ea exercitation sed #wgoyh 936,0,0.0,0.0,Unknown,Unknown,Unknown,Unknown
_bot_5_mention_n_3,02/06/2015 23:22:54,@itgljfy dolore laboris ea exercitation sed #wgoyh 936,0,0.0,0.0,Unknown,Unknown,Unknown,Unknown
_bot_5_mention_n_3,02/06/2015 17:50:54,@owcawgs dolore laboris ea exercitation sed #wgoyh 936,0,0.0,0.0,Unknown,Unknown,Unknown,Unknown
_bot_5_mention_n_3,02/06/2015 10:29:54,@hycafrk adipiscing quis ad incididunt ut ullamco enim aliqua commodo #frlju 721,0,0.0,0.0,Unknown,Unknown,Unknown,Unknown
_bot_5_mention_n_3,02/06/2015 00:45:54,@yaodnfvx dolore laboris ea exercitation sed #wgoyh 936,0,0.0,0.0,Unknown,Unknown,Unknown,Unknown
_bot_5_mention_n_3,01/06/2015 22:38:54,@hdqronvlat Ut ea do do aliqua #lsushq 290,0,0.0,0.0,Unknown,Unknown,Unknown,Unknown
_bot_5_mention_n_3,01/06/2015 14:25:54,@dmrnots Ut ea do do aliqua #lsushq 290,0,0.0,0.0,Unknown,Unknown,Unknown,Unknown
_bot_5_mention_n_3,01/06/2015 07:08:54,@fnqpjsuqb Ut ea do do aliqua #lsushq 290,0,0.0,0.0,Unknown,Unknown,Unknown,Unknown
_bot_5_mention_n_3,31/05/2015 23:07:54,@uqgxwuxan Ut ea do do aliqua #lsushq 290,0,0.0,0.0,Unknown,Unknown,Unknown,Unknown
_bot_5_mention_n_3,31/05/2015 15:49:54,@ijihycypxts dolore laboris ea exercitation sed #wgoyh 936,0,0.0,0.0,Unknown,Unknown,Unknown,Unknown
_bot_5_mention_n_3,31/05/2015 10:58:54,@kncxsqnximh ullamco ut ullamco elit Ut consequat eiusmod #zlmty 142,0,0.0,0.0,Unknown,Unknown,Unknown,Unknown
_bot_5_mention_n_3,31/05/2015 05:35:54,@qiaivodeqgn ullamco ut ullamco elit Ut consequat eiusmod #zlmty 142,0,0.0,0.0,Unknown,Unknown,Unknown,Unknown
_bot_5_mention_n_3,31/05/2015 02:28:54,@vuvbmaxqr dolore laboris ea exercitation sed #wgoyh 936,0,0.0,0.0,Unknown,Unknown,Unknown,Unknown
_bot_5_mention_n_3,30/05/2015 21:25:54,@azeafdcjyko Ut ea do do aliqua #lsushq 290,0,0.0,0.0,Unknown,Unknown,Unknown,Unknown
_bot_5_mention_n_3,30/05/2015 15:23:54,@cblwpdgarmg ad aliquip nisi minim sit Lorem ut eiusmod #roorx 59,0,0.0,0.0,Unknown,Unknown,Unknown,Unknown
_bot_5_mention_n_3,30/05/2015 12:12:54,@jpcldthg dolore laboris ea exercitation sed #wgoyh 936,0,0.0,0.0,Unknown,Unknown,Unknown,Unknown
_bot_5_mention_n_3,30/05/2015 11:53:54,@fhiemegl Ut ea do do aliqua #lsushq 290,0,0.0,0.0,Unknown,Unknown,Unknown,Unknown
_bot_5_mention_n_3,30/05/2015 04:37:54,@abuccdyzl dolore laboris ea exercitation sed #wgoyh 936,0,0.0,0.0,Unknown,Unknown,Unknown,Unknown
_bot_5_mention_n_3,29/05/2015 20:54:54,@rdxxkbvldnv ullamco ut ullamco elit Ut consequat eiusmod #zlmty 142,0,0.0,0.0,Unknown,Unknown,Unknown,Unknown
_bot_5_mention_n_3,29/05/2015 18:55:54,@koohemh consectetur elit Ut ipsum ut ut ipsum consequat incididunt sit #lwqdgnnw 917,0,0.0,0.0,Unknown,Unknown,Unknown,Unknown
_bot_5_mention_n_3,29/05/2015 09:02:54,@txusfqdppqw consectetur elit Ut ipsum ut ut ipsum consequat incididunt sit #lwqdgnnw 917,0,0.0,0.0,Unknown,Unknown,Unknown,Unknown
_bot_5_mention_n_3,29/05/2015 05:41:54,@hpknxtmatd ad aliquip nisi minim sit Lorem ut eiusmod #roorx 59,0,0.0,0.0,Unknown,Unknown,Unknown,Unknown
_bot_5_mention_n_3,29/05/2015 00:47:54,@phikwtplfyt ad aliquip nisi minim sit Lorem ut eiusmod #roorx 59,0,0.0,0.0,Unknown,Unknown,Unknown,Unknown
_bot_5_mention_n_3,29/05/2015 00:26:54,@asddwxlr ullamco ut ullamco elit Ut consequat eiusmod #zlmty 142,0,0.0,0.0,Unknown,Unknown,Unknown,Unknown
_bot_5_mention_n_3,28/05/2015 18:52:54,@kholwktmab consectetur elit Ut ipsum ut ut ipsum consequat incididunt sit #lwqdgnnw 917,0,0.0,0.0,Unknown,Unknown,Unknown,Unknown
_bot_5_mention_n_3,28/05/2015 13:55:54,@aaucoswjc consectetur elit Ut ipsum ut ut ipsum consequat incididunt sit #lwqdgnnw 917,0,0.0,0.0,Unknown,Unknown,Unknown,Unknown
_bot_5_mention_n_3,28/05/2015 12:18:54,@nqhstlamhjf ad aliquip nisi minim sit Lorem ut eiusmod #roorx 59,0,0.0,0.0,Unknown,Unknown,Unknown,Unknown
_bot_5_mention_n_3,28/05/2015 08:29:54,@hxmesrx consectetur elit Ut ipsum ut ut ipsum consequat incididunt sit #lwqdgnnw 917,0,0.0,0.0,Unknown,Unknown,Unknown,Unknown
_bot_5_mention_n_3,28/05/2015 07:34:54,@kdtwryli consectetur elit Ut ipsum ut ut ipsum consequat incididunt sit #lwqdgnnw 917,0,0.0,0.0,Unknown,Unknown,Unknown,Unknown
_bot_5_mention_n_3,27/05/2015 23:49:54,@aoincvc Ut ea do do aliqua #lsushq 290,0,0.0,0.0,Unknown,Unknown,Unknown,Unknown
_bot_5_mention_n_3,27/05/2015 16:47:54,@ywqjucjdodb adipiscing quis ad incididunt ut ullamco enim aliqua commodo #frlju 721,0,0.0,0.0,Unknown,Unknown,Unknown,Unknown
_bot_5_mention_n_3,27/05/2015 12:44:54,@vlasumajhi Ut ea do do aliqua #lsushq 290,0,0.0,0.0,Unknown,Unknown,Unknown,Unknown
_bot_5_mention_n_3,27/05/2015 10:03:54,@qzlvcatyxfv dolore laboris ea exercitation sed #wgoyh 936,0,0.0,0.0,Unknown,Unknown,Unknown,Unknown
_bot_5_mention_n_3,27/05/2015 04:21:54,@ksrllmnoqi ullamco ut ullamco elit Ut consequat eiusmod #zlmty 142,0,0.0,0.0,Unknown,Unknown,Unknown,Unknown
_bot_5_mention_n_3,27/05/2015 01:44:54,@fuixecb Ut ea do do aliqua #lsushq 290,0,0.0,0.0,Unknown,Unknown,Unknown,Unknown
_bot_5_mention_n_3,27/05/2015 00:39:54,@jajoiec adipiscing quis ad incididunt ut ullamco enim aliqua commodo #frlju 721,0,0.0,0.0,Unknown,Unknown,Unknown,Unknown
_bot_5_mention_n_3,26/05/2015 20:54:54,@fewujouuxrq ullamco ut ullamco elit Ut consequat eiusmod #zlmty 142,0,0.0,0.0,Unknown,Unknown,Unknown,Unknown
_bot_5_mention_n_3,26/05/2015 20:31:54,@opettmukkh ad aliquip nisi minim sit Lorem ut eiusmod #roorx 59,0,0.0,0.0,Unknown,Unknown,Unknown,Unknown
_bot_5_mention_n_3,26/05/2015 10:50:54,@ykfvxzzknc Ut ea do do aliqua #lsushq 290,0,0.0,0.0,Unknown,Unknown,Unknown,Unknown
_bot_5_mention_n_3,26/05/2015 05:18:54,@cnwyywkwzfl dolore laboris ea exercitation sed #wgoyh 936,0,0.0,0.0,Unknown,Unknown,Unknown,Unknown
_bot_5_mention_n_3,25/05/2015 20:15:54,@brvnrwqhvp dolore laboris ea exercitation sed #wgoyh 936,0,0.0,0.0,Unknown,Unknown,Unknown,Unknown
_bot_5_mention_n_3,25/05/2015 15:58:54,@ldytkikzev consectetur elit Ut ipsum ut ut ipsum consequat incididunt sit #lwqdgnnw 917,0,0.0,0.0,Unknown,Unknown,Unknown,Unknown
_bot_5_mention_n_3,25/05/2015 14:13:54,@hxbpplvfb ad aliquip nisi minim sit Lorem ut eiusmod #roorx 59,0,0.0,0.0,Unknown,Unknown,Unknown,Unknown
_bot_5_mention_n_3,25/05/2015 08:39:54,@lgjpsqpstny dolore laboris ea exercitation sed #wgoyh 936,0,0.0,0.0,Unknown,Unknown,Unknown,Unknown
_bot_5_mention_n_3,24/05/2015 23:34:54,@jnscswfijzc consectetur elit Ut ipsum ut ut ipsum consequat incididunt sit #lwqdgnnw 917,0,0.0,0.0,Unknown,Unknown,Unknown,Unknown
_bot_5_mention_n_3,24/05/2015 16:52:54,@toghvtdcn dolore laboris ea exercitation sed #wgoyh 936,0,0.0,0.0,Unknown,Unknown,Unknown,Unknown
_bot_5_mention_n_3,24/05/2015 08:27:54,@mqqinmqver Ut ea do do aliqua #lsushq 290,0,0.0,0.0,Unknown,Unknown,Unknown,Unknown
_bot_5_mention_n_3,24/05/2015 06:05:54,@tbxxkfzyn consectetur elit Ut ipsum ut ut ipsum consequat incididunt sit #lwqdgnnw 917,0,0.0,0.0,Unknown,Unknown,Unknown,Unknown
_bot_5_mention_n_3,24/05/2015 04:39:54,@bkiricwke Ut ea do do aliqua #lsushq 290,0,0.0,0.0,Unknown,Unknown,Unknown,Unknown
_bot_5_mention_n_3,24/05/2015 02:16:54,@rcruswwlgr dolore laboris ea exercitation sed #wgoyh 936,0,0.0,0.0,Unknown,Unknown,Unknown,Unknown
_bot_5_mention_n_3,23/05/2015 23:45:54,@htqpzosp Ut ea do do aliqua #lsushq 290,0,0.0,0.0,Unknown,Unknown,Unknown,Unknown
_bot_5_mention_n_3,23/05/2015 20:51:54,@eeeamci Ut ea do do aliqua #lsushq 290,0,0.0,0.0,Unknown,Unknown,Unknown,Unknown
_bot_5_mention_n_3,23/05/2015 17:43:54,@cwjscpy ullamco ut ullamco elit Ut consequat eiusmod #zlmty 142,0,0.0,0.0,Unknown,Unknown,Unknown,Unknown
_bot_5_mention_n_3,23/05/2015 10:52:54,@rfzoazqyc ad aliquip nisi minim sit Lorem ut eiusmod #roorx 59,0,0.0,0.0,Unknown,Unknown,Unknown,Unknown
_bot_5_mention_n_3,23/05/2015 04:06:54,@zrpoewv consectetur elit Ut ipsum ut ut ipsum consequat incididunt sit #lwqdgnnw 917,0,0.0,0.0,Unknown,Unknown,Unknown,Unknown
_bot_5_mention_n_3,22/05/2015 22:57:54,@gocgamo adipiscing quis ad incididunt ut ullamco enim aliqua commodo #frlju 721,0,0.0,0.0,Unknown,Unknown,Unknown,Unknown
_bot_5_mention_n_3,22/05/2015 16:15:54,@mqspegxvh dolore laboris ea exercitation sed #wgoyh 936,0,0.0,0.0,Unknown,Unknown,Unknown,Unknown
_bot_5_mention_n_3,22/05/2015 15:29:54,@irteicqbrrk ullamco ut ullamco elit Ut consequat eiusmod #zlmty 142,0,0.0,0.0,Unknown,Unknown,Unknown,Unknown
_bot_5_mention_n_3,22/05/2015 14:20:54,@zbsovpv ullamco ut ullamco elit Ut consequat eiusmod #zlmty 142,0,0.0,0.0,Unknown,Unknown,Unknown,Unknown
_bot_5_mention_n_3,22/05/2015 07:54:54,@wrybzoc consectetur elit Ut ipsum ut ut ipsum consequat incididunt sit #lwqdgnnw 917,0,0.0,0.0,Unknown,Unknown,Unknown,Unknown
_bot_5_mention_n_3,21/05/2015 22:07:54,@jksgurqpj Ut ea do do aliqua #lsushq 290,0,0.0,0.0,Unknown,Unknown,Unknown,Unknown
_bot_5_mention_n_3,21/05/2015 16:32:54,@riukbcayn ad aliquip nisi minim sit Lorem ut eiusmod #roorx 59,0,0.0,0.0,Unknown,Unknown,Unknown,Unknown
_bot_5_mention_n_3,21/05/2015 08:39:54,@urhjsaw adipiscing quis ad incididunt ut ullamco enim aliqua commodo #frlju 721,0,0.0,0.0,Unknown,Unknown,Unknown,Unknown
_bot_5_mention_n_3,21/05/2015 06:43:54,@rvklyuqx consectetur elit Ut ipsum ut ut ipsum consequat incididunt sit #lwqdgnnw 917,0,0.0,0.0,Unknown,Unknown,Unknown,Unknown
_bot_5_mention_n_3,21/05/2015 01:11:54,@nqfbtqdza adipiscing quis ad incididunt ut ullamco enim aliqua commodo #frlju 721,0,0.0,0.0,Unknown,Unknown,Unknown,Unknown
_bot_5_mention_n_3,20/05/2015 23:50:54,@lucctds dolore laboris ea exercitation sed #wgoyh 936,0,0.0,0.0,Unknown,Unknown,Unknown,Unknown
_bot_5_mention_n_3,20/05/2015 15:04:54,@zrcxgofeq ullamco ut ullamco elit Ut consequat eiusmod #zlmty 142,0,0.0,0.0,Unknown,Unknown,Unknown,Unknown
_bot_5_mention_n_3,20/05/2015 09:47:54,@nkurwiitz Ut ea do do aliqua #lsushq 290,0,0.0,0.0,Unknown,Unknown,Unknown,Unknown
_bot_5_mention_n_3,20/05/2015 07:59:54,@sofbkhbuy dolore laboris ea exercitation sed #wgoyh 936,0,0.0,0.0,Unknown,Unknown,Unknown,Unknown
_bot_5_mention_n_3,20/05/2015 03:18:54,@mprosdpng consectetur elit Ut ipsum ut ut ipsum consequat incididunt sit #lwqdgnnw 917,0,0.0,0.0,Unknown,Unknown,Unknown,Unknown
_bot_5_mention_n_3,20/05/2015 02:28:54,@fujyxuqou adipiscing quis ad incididunt ut ullamco enim aliqua commodo #frlju 721,0,0.0,0.0,Unknown,Unknown,Unknown,Unknown
_bot_5_mention_n_3,19/05/2015 18:13:54,@jdwmhnu Ut ea do do aliqua #lsushq 290,0,0.0,0.0,Unknown,Unknown,Unknown,Unknown
_bot_5_mention_n_3,19/05/2015 08:21:54,@sbcryhbt consectetur elit Ut ipsum ut ut ipsum consequat incididunt sit #lwqdgnnw 917,0,0.0,0.0,Unknown,Unknown,Unknown,Unknown
_bot_5_mention_n_3,19/05/2015 06:41:54,@dffocckxx dolore laboris ea exercitation sed #wgoyh 936,0,0.0,0.0,Unknown,Unknown,Unknown,Unknown
_bot_5_mention_n_3,19/05/2015 03:24:54,@ayxchezbf dolore laboris ea exercitation sed #wgoyh 936,0,0.0,0.0,Unknown,Unknown,Unknown,Unknown
_bot_5_mention_n_3,18/05/2015 20:36:54,@jlqzmpgg Ut ea do do aliqua #lsushq 290,0,0.0,0.0,Unknown,Unknown,Unknown,Unknown
_bot_5_mention_n_3,18/05/2015 17:45:54,@wejocjybmu consectetur elit Ut ipsum ut ut ipsum consequat incididunt sit #lwqdgnnw 917,0,0.0,0.0,Unknown,Unknown,Unknown,Unknown
_bot_5_mention_n_3,18/05/2015 17:16:54,@itglnlhzez Ut ea do do aliqua #lsushq 290,0,0.0,0.0,Unknown,Unknown,Unknown,Unknown
_bot_5_mention_n_3,18/05/2015 07:28:54,@kvkyfqm consectetur elit Ut ipsum ut ut ipsum consequat incididunt sit #lwqdgnnw 917,0,0.0,0.0,Unknown,Unknown,Unknown,Unknown
_bot_5_mention_n_3,18/05/2015 02:56:54,@aswoqplzwym consectetur elit Ut ipsum ut ut ipsum consequat incididunt sit #lwqdgnnw 917,0,0.0,0.0,Unknown,Unknown,Unknown,Unknown
_bot_5_mention_n_3,17/05/2015 23:28:54,@aaijtqr ad aliquip nisi minim sit Lorem ut eiusmod #roorx 59,0,0.0,0.0,Unknown,Unknown,Unknown,Unknown
_bot_5_mention_n_3,17/05/2015 19:04:54,@roimrpddo consectetur elit Ut ipsum ut ut ipsum consequat incididunt sit #lwqdgnnw 917,0,0.0,0.0,Unknown,Unknown,Unknown,Unknown
_bot_5_mention_n_3,17/05/2015 15:10:54,@ayhqzpwwcdk adipiscing quis ad incididunt ut ullamco enim aliqua commodo #frlju 721,0,0.0,0.0,Unknown,Unknown,Unknown,Unknown
_bot_5_mention_n_3,17/05/2015 15:05:54,@djjygdsqt Ut ea do do aliqua #lsushq 290,0,0.0,0.0,Unknown,Unknown,Unknown,Unknown
_bot_5_mention_n_3,17/05/2015 09:16:54,@nbkbsxlg adipiscing quis ad incididunt ut ullamco enim aliqua commodo #frlju 721,0,0.0,0.0,Unknown,Unknown,Unknown,Unknown
_bot_5_mention_n_3,16/05/2015 23:55:54,@nkomfrug ad aliquip nisi minim sit Lorem ut eiusmod #roorx 59,0,0.0,0.0,Unknown,Unknown,Unknown,Unknown
_bot_5_mention_n_3,16/05/2015 20:34:54,@aslfvjinc consectetur elit Ut ipsum ut ut ipsum consequat incididunt sit #lwqdgnnw 917,0,0.0,0.0,Unknown,Unknown,Unknown,Unknown
_bot_5_mention_n_3,16/05/2015 16:24:54,@skxblyqbrtf Ut ea do do aliqua #lsushq 290,0,0.0,0.0,Unknown,Unknown,Unknown,Unknown
_bot_5_mention_n_3,16/05/2015 12:40:54,@gtlrdwts adipiscing quis ad incididunt ut ullamco enim aliqua commodo #frlju 721,0,0.0,0.0,Unknown,Unknown,Unknown,Unknown
_bot_5_mention_n_3,16/05/2015 04:12:54,@mjvdiwnpy consectetur elit Ut ipsum ut ut ipsum consequat incididunt sit #lwqdgnnw 917,0,0.0,0.0,Unknown,Unknown,Unknown,Unknown
_bot_5_mention_n_3,15/05/2015 21:40:54,@icbxylyu ad aliquip nisi minim sit Lorem ut eiusmod #roorx 59,0,0.0,0.0,Unknown,Unknown,Unknown,Unknown
_bot_5_mention_n_3,15/05/2015 16:22:54,@upwipvzamwh ullamco ut ullamco elit Ut consequat eiusmod #zlmty 142,0,0.0,0.0,Unknown,Unknown,Unknown,Unknown
_bot_5_mention_n_3,15/05/2015 09:39:54,@ezttulgv Ut ea do do aliqua #lsushq 290,0,0.0,0.0,Unknown,Unknown,Unknown,Unknown
_bot_5_mention_n_3,15/05/2015 04:51:54,@lqamriwpo adipiscing quis ad incididunt ut ullamco enim aliqua commodo #frlju 721,0,0.0,0.0,Unknown,Unknown,Unknown,Unknown
_bot_5_mention_n_3,14/05/2015 22:58:54,@mpiycjq Ut ea do do aliqua #lsushq 290,0,0.0,0.0,Unknown,Unknown,Unknown,Unknown
_bot_5_mention_n_3,14/05/2015 22:45:54,@wgxyunilwm consectetur elit Ut ipsum ut ut ipsum consequat incididunt sit #lwqdgnnw 917,0,0.0,0.0,Unknown,Unknown,Unknown,Unknown
