Phl Mavericks is giving away Wilson tennis raquets &amp; Head tennis balls. Join here! #PHLMavericks http://t.co/DfFrm3kUsB
@gktweeet Nareceive mo na ba ung prize from @TrolliPH?
RT @lenovo: Last chance to RT for 8 Lenovo surprises. #LenovoTechWorld is coming. http://t.co/dxK6Sxzq4N
"RT @lenovo: 2 days left, 8 Lenovo surprises to give away - simply RT to enter. #LenovoTechWorld is coming. http://t.co/r8U5I8O2zB"
"RT @lenovo: 3 days left, 8 Lenovo surprises to give away - simply RT to enter. #LenovoTechWorld is coming. http://t.co/Ksq0lkYADP"
"RT @lenovo: 4 days left, 8 Lenovo surprises to give away - simply RT to enter. #LenovoTechWorld is coming. http://t.co/0HAo3ytWi1"
"RT @lenovo: 5 days left, 8 Lenovo surprises to give away - simply RT to enter. #LenovoTechWorld is coming. http://t.co/jGhumPy0QC"
"RT @lenovo: 7 days left, 8 Lenovo surprises to give away - simply RT to enter. #LenovoTechWorld is coming. http://t.co/7dBUD0E5bb"
"RT @lenovo: 8 days, 8 surprises--retweet to reveal. #LenovoTechWorld is coming. http://t.co/GFEoOypQPP http://t.co/haG6rFbBGB"
"RT @lenovo: 6 days left, 8 Lenovo surprises to give away - simply RT to enter. #LenovoTechWorld is coming. http://t.co/yBUVLNODk9"
@TrolliPH #TrolliTrivia Lucifer
@TrolliPH #TrolliTrivia back-lit canopy with holes punched in it
@TrolliPH #TrolliTrivia Front Door
@TrolliPH #TrolliTrivia 107th infantry
@TrolliPH #TrolliTrivia 1994
@TrolliPH #TrolliTrivia always faithful
@TrolliPH #TrolliTrivia Valar Dohaeris
@TrolliPH #TrolliTrivia even when you're crying you're beautiful too
@TrolliPH #TrolliTrivia Loom
@TrolliPH #TrolliTrivia vincent van gogh
@TrolliPH #TrolliTrivia Ice cold!
"@TrolliPH #TrolliTrivia Natural Blues, Moby"
@TrolliPH #TrolliTrivia Cormac McLaggen
@TrolliPH #TrolliTrivia pizza delivery boy
@TrolliPH #TrolliTrivia Scrump
@TrolliPH #TrolliTrivia some other beginning's end
@TrolliPH #TrolliTrivia peppermint patty
@TrolliPH #TrolliTrivia Deadpool
"@TrolliPH #TrolliTrivia March 9, 1959"
@TrolliPH #TrolliTrivia 4
@TrolliPH #TrolliTrivia Leo the Lion
@TrolliPH #TrolliTrivia The Colt Python
@TrolliPH #TrolliTrivia 8
@TrolliPH #TrolliTrivia coz it's evergreen
@TrolliPH #TrolliTrivia Captain America 2
@TrolliPH #TrolliTrivia Under pressure
@TrolliPH #TrolliTrivia 550
@TrolliPH #TrolliTrivia 17
@TrolliPH #TrolliTrivia The Breakfast Club
@TrolliPH #TrolliTrivia mandaluyong
@TrolliPH #TrolliTrivia What a beautiful wedding
@TrolliPH #TrolliTrivia P25
@TrolliPH New Radicals - You Get What You Give #TrolliTrivia
@TrolliPH Roof #TrolliTrivia
@TrolliPH Diamond #TrolliTrivia
@TrolliPH 1993 #TrolliTrivia
@TrolliPH mars &amp; murrie #TrolliTrivia
@TrolliPH Roshan #TrolliTrivia
@TrolliPH Shut up and dance with me! #TrolliTrivia
@TrolliPH Glamdring #TrolliTrivia
@TrolliPH Oswald the Lucky Rabbit #TrolliTrivia
RT @TRESemmePH: Look #TRESemmeRunwayReady with this Brushstrokes Bag made with @rhett3888. RT and you might get one for yourself! http://t.â€¦
"RT @mondgutierrez: Can't wait for the latest innovation from @TRESemmePH, perfect for #SalonGorgeous hair! RT for a chance to win! http://tâ€¦"
RT @TRESemmePH: Can't wait for the new innovation that will let you enjoy #SalonGorgeous hair longer? RT for a chance to win! http://t.co/Hâ€¦
O+ USA and YugaTech are giving away 25 Android phones in 25 days. Go check it out here!  http://t.co/n0U8OpZkUm
@Belo_Essentials 13!
@kitkat_ph 4 ğŸ‘
"@TRESemmePH @Forever21ph TRESemme Keratin Smooth Shampoo is my favorite coz it manages hair frizz, makes my hair smooth &amp; shiny #TREsemmeF21"
@Belo_Essentials 14!!! #ANNEderarms #BeloBeautyDeo
@Belo_Essentials 14!! #ANNEderarms #BeloBeautyDeo
@Belo_Essentials 14! #ANNEderarms #BeloBeautyDeo
@Belo_Essentials 14!!! #ANNEderarms #BeloBeautyDeo
@Belo_Essentials 14!! #ANNEderarms #BeloBeautyDeo
@Belo_Essentials 14! #ANNEderarms #BeloBeautyDeo
"@Belo_Essentials 
â¤ï¸â¤ï¸ Sampal ng Pag-Ibig â¤ï¸â¤ï¸
â¤ï¸â¤ï¸ Pasimpleng Silip â¤ï¸â¤ï¸
â¤ï¸â¤ï¸ Love Connection â¤ï¸â¤ï¸
#ANNEderarms #KiliKiligKwento"
"@Belo_Essentials
â¤ï¸ Sampal ng Pag-Ibig â¤ï¸
â¤ï¸ Pasimpleng Silip â¤ï¸
â¤ï¸ Love Connection â¤ï¸
#ANNEderarms #KiliKiligKwento"
"@Belo_Essentials 
â¤ï¸â¤ï¸Sampal ng Pag-Ibigâ¤ï¸â¤ï¸
â¤ï¸â¤ï¸Pasimpleng Silipâ¤ï¸â¤ï¸
â¤ï¸â¤ï¸Love Connectionâ¤ï¸â¤ï¸
#ANNEderarms #KiliKiligKwento"
"@Belo_Essentials
â¤ï¸Sampal ng Pag-Ibigâ¤ï¸
â¤ï¸Pasimpleng Silipâ¤ï¸
â¤ï¸Love Connectionâ¤ï¸
#ANNEderarms #KiliKiligKwento"
"@Belo_Essentials 
â¤ï¸â¤ï¸ Sampal ng Pag-Ibig â¤ï¸â¤ï¸
â¤ï¸â¤ï¸ Pasimpleng Silip â¤ï¸â¤ï¸
â¤ï¸â¤ï¸ Love Connection â¤ï¸â¤ï¸
#ANNEderarms #KiliKiligKwento"
"@Belo_Essentials 
â¤ï¸â¤ï¸Sampal ng Pag-Ibigâ¤ï¸â¤ï¸
â¤ï¸â¤ï¸Pasimpleng Silipâ¤ï¸â¤ï¸
â¤ï¸â¤ï¸Love Connectionâ¤ï¸â¤ï¸
#ANNEderarms #KiliKiligKwento"
"@Belo_Essentials 
â¤ï¸ Sampal ng Pag-Ibig â¤ï¸
â¤ï¸ Pasimpleng Silip â¤ï¸
â¤ï¸ Love Connection â¤ï¸
#ANNEderarms #KiliKiligKwento"
"@Belo_Essentials 
â¤ï¸Sampal ng Pag-Ibigâ¤ï¸
â¤ï¸Pasimpleng Silipâ¤ï¸
â¤ï¸Love Connectionâ¤ï¸
#ANNEderarms #KiliKiligKwento"
"@Belo_Essentials Sampal ng Pag-Ibig, Pasimpleng Silip, Love Connection :) #ANNEderarms #KiliKiligKwento"
"@Belo_Essentials Sampal ng Pag-Ibig, Pasimpleng Silip, Love Connection #ANNEderarms #KiliKiligKwento"
@gloriettatweets @BulgogiBrosPh B. Barbeque!!!
@gloriettatweets @BulgogiBrosPh B. Barbeque!!
@gloriettatweets @BulgogiBrosPh B. Barbeque!
@gloriettatweets @BulgogiBrosPh B. Barbeque
@Belo_Essentials You are like Belo beauty deo because I can't last a day without you. #ANNEderarms #KiliKiligLines
@Belo_Essentials Belo Beauty Deo ka ba? Kasi hindi ako mapakali kapag wala ka. #ANNEderarms #KilikiligLines
@Belo_Essentials ANNE ba ang pangalan mo? ANNEtinadhana para makasama ko habambuhay. #ANNEderarms #KiliKiligLines
@Belo_Essentials I super â¤ï¸ #ANNEderarms http://t.co/bha5OCVYAU
@SMARTPromos Smart Prepaid's  *121# is the only number you need to access awesome prepaid offers. ğŸ˜Š 350
@SMARTPromos Smart Prepaid's  *121# is the only number you need to access awesome prepaid offers. ğŸ˜Š 349
@SMARTPromos Smart Prepaid's  *121# is the only number you need to access awesome prepaid offers. ğŸ˜Š 348
@SMARTPromos Smart Prepaid's  *121# is the only number you need to access awesome prepaid offers. ğŸ˜Š 347
@SMARTPromos Smart Prepaid's  *121# is the only number you need to access awesome prepaid offers. ğŸ˜Š 346
@SMARTPromos Smart Prepaid's  *121# is the only number you need to access awesome prepaid offers. ğŸ˜Š 345
@SMARTPromos Smart Prepaid's  *121# is the only number you need to access awesome prepaid offers. ğŸ˜Š 344
@SMARTPromos Smart Prepaid's  *121# is the only number you need to access awesome prepaid offers. ğŸ˜Š 343
@SMARTPromos Smart Prepaid's  *121# is the only number you need to access awesome prepaid offers. ğŸ˜Š 342
@SMARTPromos Smart Prepaid's  *121# is the only number you need to access awesome prepaid offers. ğŸ˜Š 341
@SMARTPromos Smart Prepaid's  *121# is the only number you need to access awesome prepaid offers. ğŸ˜Š 340
@SMARTPromos Smart Prepaid's  *121# is the only number you need to access awesome prepaid offers. ğŸ˜Š 339
@SMARTPromos Smart Prepaid's  *121# is the only number you need to access awesome prepaid offers. ğŸ˜Š 338
@SMARTPromos Smart Prepaid's  *121# is the only number you need to access awesome prepaid offers. ğŸ˜Š 337
@SMARTPromos Smart Prepaid's  *121# is the only number you need to access awesome prepaid offers. ğŸ˜Š 336
@SMARTPromos Smart Prepaid's  *121# is the only number you need to access awesome prepaid offers. ğŸ˜Š 335
@SMARTPromos Smart Prepaid's  *121# is the only number you need to access awesome prepaid offers. ğŸ˜Š 334
@SMARTPromos Smart Prepaid's  *121# is the only number you need to access awesome prepaid offers. ğŸ˜Š 333
@SMARTPromos Smart Prepaid's  *121# is the only number you need to access awesome prepaid offers. ğŸ˜Š 332
@SMARTPromos Smart Prepaid's  *121# is the only number you need to access awesome prepaid offers. ğŸ˜Š 331
@SMARTPromos Smart Prepaid's  *121# is the only number you need to access awesome prepaid offers. ğŸ˜Š 330
@SMARTPromos Smart Prepaid's  *121# is the only number you need to access awesome prepaid offers. ğŸ˜Š 329
@SMARTPromos Smart Prepaid's  *121# is the only number you need to access awesome prepaid offers. ğŸ˜Š 328
@SMARTPromos Smart Prepaid's  *121# is the only number you need to access awesome prepaid offers. ğŸ˜Š 327
@SMARTPromos Smart Prepaid's  *121# is the only number you need to access awesome prepaid offers. ğŸ˜Š 326
@SMARTPromos Smart Prepaid's  *121# is the only number you need to access awesome prepaid offers. ğŸ˜Š 325
@SMARTPromos Smart Prepaid's  *121# is the only number you need to access awesome prepaid offers. ğŸ˜Š 324
@SMARTPromos Smart Prepaid's  *121# is the only number you need to access awesome prepaid offers. ğŸ˜Š 323
@SMARTPromos Smart Prepaid's  *121# is the only number you need to access awesome prepaid offers. ğŸ˜Š 322
@SMARTPromos Smart Prepaid's  *121# is the only number you need to access awesome prepaid offers. ğŸ˜Š 321
@SMARTPromos Smart Prepaid's  *121# is the only number you need to access awesome prepaid offers. ğŸ˜Š 320
@SMARTPromos Smart Prepaid's  *121# is the only number you need to access awesome prepaid offers. ğŸ˜Š 319
@SMARTPromos Smart Prepaid's  *121# is the only number you need to access awesome prepaid offers. ğŸ˜Š 318
@SMARTPromos Smart Prepaid's  *121# is the only number you need to access awesome prepaid offers. ğŸ˜Š 317
@SMARTPromos Smart Prepaid's  *121# is the only number you need to access awesome prepaid offers. ğŸ˜Š 316
@SMARTPromos Smart Prepaid's  *121# is the only number you need to access awesome prepaid offers. ğŸ˜Š 315
@SMARTPromos Smart Prepaid's  *121# is the only number you need to access awesome prepaid offers. ğŸ˜Š 314
@SMARTPromos Smart Prepaid's  *121# is the only number you need to access awesome prepaid offers. ğŸ˜Š 313
@SMARTPromos Smart Prepaid's  *121# is the only number you need to access awesome prepaid offers. ğŸ˜Š 312
@SMARTPromos Smart Prepaid's  *121# is the only number you need to access awesome prepaid offers. ğŸ˜Š 311
@SMARTPromos Smart Prepaid's  *121# is the only number you need to access awesome prepaid offers. ğŸ˜Š 310
@SMARTPromos Smart Prepaid's  *121# is the only number you need to access awesome prepaid offers. ğŸ˜Š 309
@SMARTPromos Smart Prepaid's  *121# is the only number you need to access awesome prepaid offers. ğŸ˜Š 308
@SMARTPromos Smart Prepaid's  *121# is the only number you need to access awesome prepaid offers. ğŸ˜Š 307
@SMARTPromos Smart Prepaid's  *121# is the only number you need to access awesome prepaid offers. ğŸ˜Š 306
@SMARTPromos Smart Prepaid's  *121# is the only number you need to access awesome prepaid offers. ğŸ˜Š 305
@SMARTPromos Smart Prepaid's  *121# is the only number you need to access awesome prepaid offers. ğŸ˜Š 304
@SMARTPromos Smart Prepaid's  *121# is the only number you need to access awesome prepaid offers. ğŸ˜Š 303
@SMARTPromos Smart Prepaid's  *121# is the only number you need to access awesome prepaid offers. ğŸ˜Š 302
@SMARTPromos Smart Prepaid's  *121# is the only number you need to access awesome prepaid offers. ğŸ˜Š 301
@Belo_Essentials I love #ANNEderarms
RT @Belo_Essentials: RT this for a chance to win an #ANNEderarms kit! Don't forget to tag @beloessentials and use the hashtag #ANNEderarms â€¦
@SMARTPromos Smart Prepaid's  *121# is the only number you need to access awesome prepaid offers. ğŸ˜Š 300
@SMARTPromos Smart Prepaid's  *121# is the only number you need to access awesome prepaid offers. ğŸ˜Š 299
@SMARTPromos Smart Prepaid's  *121# is the only number you need to access awesome prepaid offers. ğŸ˜Š 298
@SMARTPromos Smart Prepaid's  *121# is the only number you need to access awesome prepaid offers. ğŸ˜Š 297
@SMARTPromos Smart Prepaid's  *121# is the only number you need to access awesome prepaid offers. ğŸ˜Š 296
@SMARTPromos Smart Prepaid's  *121# is the only number you need to access awesome prepaid offers. ğŸ˜Š 295
@SMARTPromos Smart Prepaid's  *121# is the only number you need to access awesome prepaid offers. ğŸ˜Š 294
@SMARTPromos Smart Prepaid's  *121# is the only number you need to access awesome prepaid offers. ğŸ˜Š 293
@SMARTPromos Smart Prepaid's  *121# is the only number you need to access awesome prepaid offers. ğŸ˜Š 292
@SMARTPromos Smart Prepaid's  *121# is the only number you need to access awesome prepaid offers. ğŸ˜Š 291
@SMARTPromos Smart Prepaid's  *121# is the only number you need to access awesome prepaid offers. ğŸ˜Š 290
@SMARTPromos Smart Prepaid's  *121# is the only number you need to access awesome prepaid offers. ğŸ˜Š 289
@SMARTPromos Smart Prepaid's  *121# is the only number you need to access awesome prepaid offers. ğŸ˜Š 288
@SMARTPromos Smart Prepaid's  *121# is the only number you need to access awesome prepaid offers. ğŸ˜Š 287
@SMARTPromos Smart Prepaid's  *121# is the only number you need to access awesome prepaid offers. ğŸ˜Š 286
@SMARTPromos Smart Prepaid's  *121# is the only number you need to access awesome prepaid offers. ğŸ˜Š 285
@SMARTPromos Smart Prepaid's  *121# is the only number you need to access awesome prepaid offers. ğŸ˜Š 284
@SMARTPromos Smart Prepaid's  *121# is the only number you need to access awesome prepaid offers. ğŸ˜Š 283
@SMARTPromos Smart Prepaid's  *121# is the only number you need to access awesome prepaid offers. ğŸ˜Š 282
@SMARTPromos Smart Prepaid's  *121# is the only number you need to access awesome prepaid offers. ğŸ˜Š 281
@SMARTPromos Smart Prepaid's  *121# is the only number you need to access awesome prepaid offers. ğŸ˜Š 280
@SMARTPromos Smart Prepaid's  *121# is the only number you need to access awesome prepaid offers. ğŸ˜Š 279
@SMARTPromos Smart Prepaid's  *121# is the only number you need to access awesome prepaid offers. ğŸ˜Š 278
@SMARTPromos Smart Prepaid's  *121# is the only number you need to access awesome prepaid offers. ğŸ˜Š 277
@SMARTPromos Smart Prepaid's  *121# is the only number you need to access awesome prepaid offers. ğŸ˜Š 276
@SMARTPromos Smart Prepaid's  *121# is the only number you need to access awesome prepaid offers. ğŸ˜Š 275
@SMARTPromos Smart Prepaid's  *121# is the only number you need to access awesome prepaid offers. ğŸ˜Š 274
@SMARTPromos Smart Prepaid's  *121# is the only number you need to access awesome prepaid offers. ğŸ˜Š 273
@SMARTPromos Smart Prepaid's  *121# is the only number you need to access awesome prepaid offers. ğŸ˜Š 272
@SMARTPromos Smart Prepaid's  *121# is the only number you need to access awesome prepaid offers. ğŸ˜Š 271
@SMARTPromos Smart Prepaid's  *121# is the only number you need to access awesome prepaid offers. ğŸ˜Š 270
@SMARTPromos Smart Prepaid's  *121# is the only number you need to access awesome prepaid offers. ğŸ˜Š 269
@SMARTPromos Smart Prepaid's  *121# is the only number you need to access awesome prepaid offers. ğŸ˜Š 268
@SMARTPromos Smart Prepaid's  *121# is the only number you need to access awesome prepaid offers. ğŸ˜Š 267
@SMARTPromos Smart Prepaid's  *121# is the only number you need to access awesome prepaid offers. ğŸ˜Š 266
@SMARTPromos Smart Prepaid's  *121# is the only number you need to access awesome prepaid offers. ğŸ˜Š 265
@SMARTPromos Smart Prepaid's  *121# is the only number you need to access awesome prepaid offers. ğŸ˜Š 264
@SMARTPromos Smart Prepaid's  *121# is the only number you need to access awesome prepaid offers. ğŸ˜Š 263
@SMARTPromos Smart Prepaid's  *121# is the only number you need to access awesome prepaid offers. ğŸ˜Š 262
@SMARTPromos Smart Prepaid's  *121# is the only number you need to access awesome prepaid offers. ğŸ˜Š 261
@SMARTPromos Smart Prepaid's  *121# is the only number you need to access awesome prepaid offers. ğŸ˜Š 260
@SMARTPromos Smart Prepaid's  *121# is the only number you need to access awesome prepaid offers. ğŸ˜Š 259
@SMARTPromos Smart Prepaid's  *121# is the only number you need to access awesome prepaid offers. ğŸ˜Š 258
@SMARTPromos Smart Prepaid's  *121# is the only number you need to access awesome prepaid offers. ğŸ˜Š 257
@SMARTPromos Smart Prepaid's  *121# is the only number you need to access awesome prepaid offers. ğŸ˜Š 256
@SMARTPromos Smart Prepaid's  *121# is the only number you need to access awesome prepaid offers. ğŸ˜Š 255
@SMARTPromos Smart Prepaid's  *121# is the only number you need to access awesome prepaid offers. ğŸ˜Š 254
@SMARTPromos Smart Prepaid's  *121# is the only number you need to access awesome prepaid offers. ğŸ˜Š 253
@SMARTPromos Smart Prepaid's  *121# is the only number you need to access awesome prepaid offers. ğŸ˜Š 252
@SMARTPromos Smart Prepaid's  *121# is the only number you need to access awesome prepaid offers. ğŸ˜Š 251
@SMARTPromos Smart Prepaid's  *121# is the only number you need to access awesome prepaid offers. ğŸ˜Š 250
@SMARTPromos Smart Prepaid's  *121# is the only number you need to access awesome prepaid offers. ğŸ˜Š 249
@SMARTPromos Smart Prepaid's  *121# is the only number you need to access awesome prepaid offers. ğŸ˜Š 248
@SMARTPromos Smart Prepaid's  *121# is the only number you need to access awesome prepaid offers. ğŸ˜Š 247
@SMARTPromos Smart Prepaid's  *121# is the only number you need to access awesome prepaid offers. ğŸ˜Š 246
@SMARTPromos Smart Prepaid's  *121# is the only number you need to access awesome prepaid offers. ğŸ˜Š 245
@SMARTPromos Smart Prepaid's  *121# is the only number you need to access awesome prepaid offers. ğŸ˜Š 244
@SMARTPromos Smart Prepaid's  *121# is the only number you need to access awesome prepaid offers. ğŸ˜Š 243
@SMARTPromos Smart Prepaid's  *121# is the only number you need to access awesome prepaid offers. ğŸ˜Š 242
@SMARTPromos Smart Prepaid's  *121# is the only number you need to access awesome prepaid offers. ğŸ˜Š 241
@SMARTPromos Smart Prepaid's  *121# is the only number you need to access awesome prepaid offers. ğŸ˜Š 240
@SMARTPromos Smart Prepaid's  *121# is the only number you need to access awesome prepaid offers. ğŸ˜Š 239
@SMARTPromos Smart Prepaid's  *121# is the only number you need to access awesome prepaid offers. ğŸ˜Š 238
@SMARTPromos Smart Prepaid's  *121# is the only number you need to access awesome prepaid offers. ğŸ˜Š 237
@SMARTPromos Smart Prepaid's  *121# is the only number you need to access awesome prepaid offers. ğŸ˜Š 236
@SMARTPromos Smart Prepaid's  *121# is the only number you need to access awesome prepaid offers. ğŸ˜Š 235
