pearlbliss30,15/09/2015 00:49:40,@McDo_PH Pa-burger ka naman! #McDoTriviaTuesday AlDub You McDonald's :D,0,0.0,0.0,Unknown,Unknown,Unknown,Unknown,Unknown
pearlbliss30,15/09/2015 00:49:20,@McDo_PH Pa-burger ka naman! #McDoTriviaTuesday,0,0.0,0.0,Unknown,Unknown,Unknown,Unknown,Unknown
pearlbliss30,14/09/2015 01:20:17,Want to win We are giving away one (1) Samsung Galaxy Tab 3 Lite daily!? I just entered to win and you can too. http://t.co/l88rvwMaMo,0,0.0,0.0,Unknown,Unknown,Unknown,Unknown,Unknown
pearlbliss30,13/09/2015 05:37:59,"@smsupermalls #MyLolaIsTheBest cause as each of our lives continues to change, reflections of her love in each of us remains. I love you po^",0,0.0,0.0,Unknown,Unknown,Unknown,Unknown,Unknown
pearlbliss30,13/09/2015 05:37:49,"@smsupermalls #MyLolaIsTheBest cause as each of our lives continues to change, reflections of her love in each of us remains. I love you po!",0,0.0,0.0,Unknown,Unknown,Unknown,Unknown,Unknown
pearlbliss30,13/09/2015 05:37:42,"@smsupermalls #MyLolaIsTheBest cause as each of our lives continues to change, reflections of her love in each of us remains. I love you po",0,0.0,0.0,Unknown,Unknown,Unknown,Unknown,Unknown
pearlbliss30,13/09/2015 05:37:15,"@smsupermalls #MyLolaIsTheBest cause as each of our lives continues to change, reflections of her love in each of us remains. I love you po.",0,0.0,0.0,Unknown,Unknown,Unknown,Unknown,Unknown
pearlbliss30,06/09/2015 12:27:55,After watching #DisneyLive2015 earlier we had the Hut Feast Meal for 2 at Pizza Hut. (We just ordered extra fish... http://t.co/3CbUSOQAOk,0,0.0,0.0,Unknown,Unknown,Unknown,Unknown,Unknown
pearlbliss30,06/09/2015 11:58:57,"We're so blessed to have the opportunity to watch #DisneyLive2015 courtesy of @Sunpostpaid. We, especially our 2... http://t.co/cKdxlJ7BWa",0,0.0,0.0,Unknown,Unknown,Unknown,Unknown,Unknown
pearlbliss30,03/09/2015 04:34:54,"It's Showtime!!! Time to laugh, love and have fun again! #ShowtimeThursdate 100 points for Showtime!",0,0.0,0.0,Unknown,Unknown,Unknown,Unknown,Unknown
pearlbliss30,03/09/2015 04:34:39,"It's Showtime!!! Time to laugh, love and have fun again! #ShowtimeThursdate 99",0,0.0,0.0,Unknown,Unknown,Unknown,Unknown,Unknown
pearlbliss30,03/09/2015 04:34:34,"It's Showtime!!! Time to laugh, love and have fun again! #ShowtimeThursdate 98",0,0.0,0.0,Unknown,Unknown,Unknown,Unknown,Unknown
pearlbliss30,03/09/2015 04:34:30,"It's Showtime!!! Time to laugh, love and have fun again! #ShowtimeThursdate 97",0,0.0,0.0,Unknown,Unknown,Unknown,Unknown,Unknown
pearlbliss30,03/09/2015 04:34:27,"It's Showtime!!! Time to laugh, love and have fun again! #ShowtimeThursdate 96",0,0.0,0.0,Unknown,Unknown,Unknown,Unknown,Unknown
pearlbliss30,03/09/2015 04:34:24,"It's Showtime!!! Time to laugh, love and have fun again! #ShowtimeThursdate 95",0,0.0,0.0,Unknown,Unknown,Unknown,Unknown,Unknown
pearlbliss30,03/09/2015 04:34:20,"It's Showtime!!! Time to laugh, love and have fun again! #ShowtimeThursdate 94",0,0.0,0.0,Unknown,Unknown,Unknown,Unknown,Unknown
pearlbliss30,03/09/2015 04:34:15,"It's Showtime!!! Time to laugh, love and have fun again! #ShowtimeThursdate 93",0,0.0,0.0,Unknown,Unknown,Unknown,Unknown,Unknown
pearlbliss30,03/09/2015 04:34:12,"It's Showtime!!! Time to laugh, love and have fun again! #ShowtimeThursdate 92",0,0.0,0.0,Unknown,Unknown,Unknown,Unknown,Unknown
pearlbliss30,03/09/2015 04:34:09,"It's Showtime!!! Time to laugh, love and have fun again! #ShowtimeThursdate 91",0,0.0,0.0,Unknown,Unknown,Unknown,Unknown,Unknown
pearlbliss30,03/09/2015 04:34:04,"It's Showtime!!! Time to laugh, love and have fun again! #ShowtimeThursdate 90",0,0.0,0.0,Unknown,Unknown,Unknown,Unknown,Unknown
pearlbliss30,03/09/2015 04:33:59,"It's Showtime!!! Time to laugh, love and have fun again! #ShowtimeThursdate 89",0,0.0,0.0,Unknown,Unknown,Unknown,Unknown,Unknown
pearlbliss30,03/09/2015 04:33:56,"It's Showtime!!! Time to laugh, love and have fun again! #ShowtimeThursdate 88",0,0.0,0.0,Unknown,Unknown,Unknown,Unknown,Unknown
pearlbliss30,03/09/2015 04:33:53,"It's Showtime!!! Time to laugh, love and have fun again! #ShowtimeThursdate 87",0,0.0,0.0,Unknown,Unknown,Unknown,Unknown,Unknown
pearlbliss30,03/09/2015 04:33:48,"It's Showtime!!! Time to laugh, love and have fun again! #ShowtimeThursdate 86",0,0.0,0.0,Unknown,Unknown,Unknown,Unknown,Unknown
pearlbliss30,03/09/2015 04:33:44,"It's Showtime!!! Time to laugh, love and have fun again! #ShowtimeThursdate 85",0,0.0,0.0,Unknown,Unknown,Unknown,Unknown,Unknown
pearlbliss30,03/09/2015 04:33:41,"It's Showtime!!! Time to laugh, love and have fun again! #ShowtimeThursdate 84",0,0.0,0.0,Unknown,Unknown,Unknown,Unknown,Unknown
pearlbliss30,03/09/2015 04:33:38,"It's Showtime!!! Time to laugh, love and have fun again! #ShowtimeThursdate 83",0,0.0,0.0,Unknown,Unknown,Unknown,Unknown,Unknown
pearlbliss30,03/09/2015 04:33:34,"It's Showtime!!! Time to laugh, love and have fun again! #ShowtimeThursdate 82",0,0.0,0.0,Unknown,Unknown,Unknown,Unknown,Unknown
pearlbliss30,03/09/2015 04:33:31,"It's Showtime!!! Time to laugh, love and have fun again! #ShowtimeThursdate 81",0,0.0,0.0,Unknown,Unknown,Unknown,Unknown,Unknown
pearlbliss30,03/09/2015 04:33:27,"It's Showtime!!! Time to laugh, love and have fun again! #ShowtimeThursdate 80",0,0.0,0.0,Unknown,Unknown,Unknown,Unknown,Unknown
pearlbliss30,03/09/2015 04:33:24,"It's Showtime!!! Time to laugh, love and have fun again! #ShowtimeThursdate 79",0,0.0,0.0,Unknown,Unknown,Unknown,Unknown,Unknown
pearlbliss30,03/09/2015 04:33:21,"It's Showtime!!! Time to laugh, love and have fun again! #ShowtimeThursdate 78",0,0.0,0.0,Unknown,Unknown,Unknown,Unknown,Unknown
pearlbliss30,03/09/2015 04:33:18,"It's Showtime!!! Time to laugh, love and have fun again! #ShowtimeThursdate 77",0,0.0,0.0,Unknown,Unknown,Unknown,Unknown,Unknown
pearlbliss30,03/09/2015 04:33:15,"It's Showtime!!! Time to laugh, love and have fun again! #ShowtimeThursdate 76",0,0.0,0.0,Unknown,Unknown,Unknown,Unknown,Unknown
pearlbliss30,03/09/2015 04:33:12,"It's Showtime!!! Time to laugh, love and have fun again! #ShowtimeThursdate 75",0,0.0,0.0,Unknown,Unknown,Unknown,Unknown,Unknown
pearlbliss30,03/09/2015 04:33:07,"It's Showtime!!! Time to laugh, love and have fun again! #ShowtimeThursdate 74",0,0.0,0.0,Unknown,Unknown,Unknown,Unknown,Unknown
pearlbliss30,03/09/2015 04:33:04,"It's Showtime!!! Time to laugh, love and have fun again! #ShowtimeThursdate 73",0,0.0,0.0,Unknown,Unknown,Unknown,Unknown,Unknown
pearlbliss30,03/09/2015 04:33:01,"It's Showtime!!! Time to laugh, love and have fun again! #ShowtimeThursdate 72",0,0.0,0.0,Unknown,Unknown,Unknown,Unknown,Unknown
pearlbliss30,03/09/2015 04:32:58,"It's Showtime!!! Time to laugh, love and have fun again! #ShowtimeThursdate 71",0,0.0,0.0,Unknown,Unknown,Unknown,Unknown,Unknown
pearlbliss30,03/09/2015 04:32:51,"It's Showtime!!! Time to laugh, love and have fun again! #ShowtimeThursdate 70",0,0.0,0.0,Unknown,Unknown,Unknown,Unknown,Unknown
pearlbliss30,03/09/2015 04:32:48,"It's Showtime!!! Time to laugh, love and have fun again! #ShowtimeThursdate 69",0,0.0,0.0,Unknown,Unknown,Unknown,Unknown,Unknown
pearlbliss30,03/09/2015 04:32:43,"It's Showtime!!! Time to laugh, love and have fun again! #ShowtimeThursdate 68",0,0.0,0.0,Unknown,Unknown,Unknown,Unknown,Unknown
pearlbliss30,03/09/2015 04:32:39,"It's Showtime!!! Time to laugh, love and have fun again! #ShowtimeThursdate 67",0,0.0,0.0,Unknown,Unknown,Unknown,Unknown,Unknown
pearlbliss30,03/09/2015 04:32:36,"It's Showtime!!! Time to laugh, love and have fun again! #ShowtimeThursdate 66",0,0.0,0.0,Unknown,Unknown,Unknown,Unknown,Unknown
pearlbliss30,03/09/2015 04:30:52,"It's Showtime!!! Time to laugh, love and have fun again! #ShowtimeThursdate 65",0,0.0,0.0,Unknown,Unknown,Unknown,Unknown,Unknown
pearlbliss30,03/09/2015 04:30:46,"It's Showtime!!! Time to laugh, love and have fun again! #ShowtimeThursdate 64",0,0.0,0.0,Unknown,Unknown,Unknown,Unknown,Unknown
pearlbliss30,03/09/2015 04:30:43,"It's Showtime!!! Time to laugh, love and have fun again! #ShowtimeThursdate 63",0,0.0,0.0,Unknown,Unknown,Unknown,Unknown,Unknown
pearlbliss30,03/09/2015 04:30:40,"It's Showtime!!! Time to laugh, love and have fun again! #ShowtimeThursdate 62",0,0.0,0.0,Unknown,Unknown,Unknown,Unknown,Unknown
pearlbliss30,03/09/2015 04:30:37,"It's Showtime!!! Time to laugh, love and have fun again! #ShowtimeThursdate 61",0,0.0,0.0,Unknown,Unknown,Unknown,Unknown,Unknown
pearlbliss30,03/09/2015 04:30:34,"It's Showtime!!! Time to laugh, love and have fun again! #ShowtimeThursdate 60",0,0.0,0.0,Unknown,Unknown,Unknown,Unknown,Unknown
pearlbliss30,03/09/2015 04:30:32,"It's Showtime!!! Time to laugh, love and have fun again! #ShowtimeThursdate 59",0,0.0,0.0,Unknown,Unknown,Unknown,Unknown,Unknown
pearlbliss30,03/09/2015 04:30:29,"It's Showtime!!! Time to laugh, love and have fun again! #ShowtimeThursdate 58",0,0.0,0.0,Unknown,Unknown,Unknown,Unknown,Unknown
pearlbliss30,03/09/2015 04:30:26,"It's Showtime!!! Time to laugh, love and have fun again! #ShowtimeThursdate 57",0,0.0,0.0,Unknown,Unknown,Unknown,Unknown,Unknown
pearlbliss30,03/09/2015 04:30:23,"It's Showtime!!! Time to laugh, love and have fun again! #ShowtimeThursdate 56",0,0.0,0.0,Unknown,Unknown,Unknown,Unknown,Unknown
pearlbliss30,03/09/2015 04:30:20,"It's Showtime!!! Time to laugh, love and have fun again! #ShowtimeThursdate 55",0,0.0,0.0,Unknown,Unknown,Unknown,Unknown,Unknown
pearlbliss30,03/09/2015 04:30:17,"It's Showtime!!! Time to laugh, love and have fun again! #ShowtimeThursdate 54",0,0.0,0.0,Unknown,Unknown,Unknown,Unknown,Unknown
pearlbliss30,03/09/2015 04:30:14,"It's Showtime!!! Time to laugh, love and have fun again! #ShowtimeThursdate 53",0,0.0,0.0,Unknown,Unknown,Unknown,Unknown,Unknown
pearlbliss30,03/09/2015 04:30:08,"It's Showtime!!! Time to laugh, love and have fun again! #ShowtimeThursdate 52",0,0.0,0.0,Unknown,Unknown,Unknown,Unknown,Unknown
pearlbliss30,03/09/2015 04:30:05,"It's Showtime!!! Time to laugh, love and have fun again! #ShowtimeThursdate 51",0,0.0,0.0,Unknown,Unknown,Unknown,Unknown,Unknown
pearlbliss30,03/09/2015 04:27:39,"It's Showtime!!! Time to laugh, love and have fun again! #ShowtimeThursdate 50",0,0.0,0.0,Unknown,Unknown,Unknown,Unknown,Unknown
pearlbliss30,03/09/2015 04:27:35,"It's Showtime!!! Time to laugh, love and have fun again! #ShowtimeThursdate 49",0,0.0,0.0,Unknown,Unknown,Unknown,Unknown,Unknown
pearlbliss30,03/09/2015 04:27:32,"It's Showtime!!! Time to laugh, love and have fun again! #ShowtimeThursdate 48",0,0.0,0.0,Unknown,Unknown,Unknown,Unknown,Unknown
pearlbliss30,03/09/2015 04:27:28,"It's Showtime!!! Time to laugh, love and have fun again! #ShowtimeThursdate 47",0,0.0,0.0,Unknown,Unknown,Unknown,Unknown,Unknown
pearlbliss30,03/09/2015 04:27:25,"It's Showtime!!! Time to laugh, love and have fun again! #ShowtimeThursdate 46",0,0.0,0.0,Unknown,Unknown,Unknown,Unknown,Unknown
pearlbliss30,03/09/2015 04:27:22,"It's Showtime!!! Time to laugh, love and have fun again! #ShowtimeThursdate 45",0,0.0,0.0,Unknown,Unknown,Unknown,Unknown,Unknown
pearlbliss30,03/09/2015 04:27:17,"It's Showtime!!! Time to laugh, love and have fun again! #ShowtimeThursdate 44",0,0.0,0.0,Unknown,Unknown,Unknown,Unknown,Unknown
pearlbliss30,03/09/2015 04:27:13,"It's Showtime!!! Time to laugh, love and have fun again! #ShowtimeThursdate 43",0,0.0,0.0,Unknown,Unknown,Unknown,Unknown,Unknown
pearlbliss30,03/09/2015 04:26:37,"It's Showtime!!! Time to laugh, love and have fun again! #ShowtimeThursdate 42",0,0.0,0.0,Unknown,Unknown,Unknown,Unknown,Unknown
pearlbliss30,03/09/2015 04:26:31,"It's Showtime!!! Time to laugh, love and have fun again! #ShowtimeThursdate 41",0,0.0,0.0,Unknown,Unknown,Unknown,Unknown,Unknown
pearlbliss30,03/09/2015 04:26:28,"It's Showtime!!! Time to laugh, love and have fun again! #ShowtimeThursdate 40",0,0.0,0.0,Unknown,Unknown,Unknown,Unknown,Unknown
pearlbliss30,03/09/2015 04:26:24,"It's Showtime!!! Time to laugh, love and have fun again! #ShowtimeThursdate  39",0,0.0,0.0,Unknown,Unknown,Unknown,Unknown,Unknown
pearlbliss30,03/09/2015 04:26:17,"It's Showtime!!! Time to laugh, love and have fun again! #ShowtimeThursdate 38",0,0.0,0.0,Unknown,Unknown,Unknown,Unknown,Unknown
pearlbliss30,03/09/2015 04:26:14,"It's Showtime!!! Time to laugh, love and have fun again! #ShowtimeThursdate 37",0,0.0,0.0,Unknown,Unknown,Unknown,Unknown,Unknown
pearlbliss30,03/09/2015 04:26:10,"It's Showtime!!! Time to laugh, love and have fun again! #ShowtimeThursdate 36",0,0.0,0.0,Unknown,Unknown,Unknown,Unknown,Unknown
pearlbliss30,03/09/2015 04:26:07,"It's Showtime!!! Time to laugh, love and have fun again! #ShowtimeThursdate 35",0,0.0,0.0,Unknown,Unknown,Unknown,Unknown,Unknown
pearlbliss30,03/09/2015 04:26:04,"It's Showtime!!! Time to laugh, love and have fun again! #ShowtimeThursdate 34",0,0.0,0.0,Unknown,Unknown,Unknown,Unknown,Unknown
pearlbliss30,03/09/2015 04:26:01,"It's Showtime!!! Time to laugh, love and have fun again! #ShowtimeThursdate 33",0,0.0,0.0,Unknown,Unknown,Unknown,Unknown,Unknown
pearlbliss30,03/09/2015 04:25:57,"It's Showtime!!! Time to laugh, love and have fun again! #ShowtimeThursdate 32",0,0.0,0.0,Unknown,Unknown,Unknown,Unknown,Unknown
pearlbliss30,03/09/2015 04:25:52,"It's Showtime!!! Time to laugh, love and have fun again! #ShowtimeThursdate 31",0,0.0,0.0,Unknown,Unknown,Unknown,Unknown,Unknown
pearlbliss30,03/09/2015 04:25:48,"It's Showtime!!! Time to laugh, love and have fun again! #ShowtimeThursdate 30",0,0.0,0.0,Unknown,Unknown,Unknown,Unknown,Unknown
pearlbliss30,03/09/2015 04:25:45,"It's Showtime!!! Time to laugh, love and have fun again! #ShowtimeThursdate 29",0,0.0,0.0,Unknown,Unknown,Unknown,Unknown,Unknown
pearlbliss30,03/09/2015 04:25:40,"It's Showtime!!! Time to laugh, love and have fun again! #ShowtimeThursdate 28",0,0.0,0.0,Unknown,Unknown,Unknown,Unknown,Unknown
pearlbliss30,03/09/2015 04:25:35,"It's Showtime!!! Time to laugh, love and have fun again! #ShowtimeThursdate 27",0,0.0,0.0,Unknown,Unknown,Unknown,Unknown,Unknown
pearlbliss30,03/09/2015 04:25:32,"It's Showtime!!! Time to laugh, love and have fun again! #ShowtimeThursdate 26",0,0.0,0.0,Unknown,Unknown,Unknown,Unknown,Unknown
pearlbliss30,03/09/2015 04:25:29,"It's Showtime!!! Time to laugh, love and have fun again! #ShowtimeThursdate 25",0,0.0,0.0,Unknown,Unknown,Unknown,Unknown,Unknown
pearlbliss30,03/09/2015 04:25:26,"It's Showtime!!! Time to laugh, love and have fun again! #ShowtimeThursdate 24",0,0.0,0.0,Unknown,Unknown,Unknown,Unknown,Unknown
pearlbliss30,03/09/2015 04:25:24,"It's Showtime!!! Time to laugh, love and have fun again! #ShowtimeThursdate 23",0,0.0,0.0,Unknown,Unknown,Unknown,Unknown,Unknown
pearlbliss30,03/09/2015 04:25:21,"It's Showtime!!! Time to laugh, love and have fun again! #ShowtimeThursdate 22",0,0.0,0.0,Unknown,Unknown,Unknown,Unknown,Unknown
pearlbliss30,03/09/2015 04:25:17,"It's Showtime!!! Time to laugh, love and have fun again! #ShowtimeThursdate 21",0,0.0,0.0,Unknown,Unknown,Unknown,Unknown,Unknown
pearlbliss30,03/09/2015 04:25:14,"It's Showtime!!! Time to laugh, love and have fun again! #ShowtimeThursdate 20",0,0.0,0.0,Unknown,Unknown,Unknown,Unknown,Unknown
pearlbliss30,03/09/2015 04:25:11,"It's Showtime!!! Time to laugh, love and have fun again! #ShowtimeThursdate 19",0,0.0,0.0,Unknown,Unknown,Unknown,Unknown,Unknown
pearlbliss30,03/09/2015 04:24:52,"It's Showtime!!! Time to laugh, love and have fun again! #ShowtimeThursdate 18",0,0.0,0.0,Unknown,Unknown,Unknown,Unknown,Unknown
pearlbliss30,03/09/2015 04:24:49,"It's Showtime!!! Time to laugh, love and have fun again! #ShowtimeThursdate 17",0,0.0,0.0,Unknown,Unknown,Unknown,Unknown,Unknown
pearlbliss30,03/09/2015 04:24:47,"It's Showtime!!! Time to laugh, love and have fun again! #ShowtimeThursdate 16",0,0.0,0.0,Unknown,Unknown,Unknown,Unknown,Unknown
pearlbliss30,03/09/2015 04:24:44,"It's Showtime!!! Time to laugh, love and have fun again! #ShowtimeThursdate 15",0,0.0,0.0,Unknown,Unknown,Unknown,Unknown,Unknown
pearlbliss30,03/09/2015 04:24:41,"It's Showtime!!! Time to laugh, love and have fun again! #ShowtimeThursdate 14",0,0.0,0.0,Unknown,Unknown,Unknown,Unknown,Unknown
pearlbliss30,03/09/2015 04:24:38,"It's Showtime!!! Time to laugh, love and have fun again! #ShowtimeThursdate 13",0,0.0,0.0,Unknown,Unknown,Unknown,Unknown,Unknown
pearlbliss30,03/09/2015 04:24:36,"It's Showtime!!! Time to laugh, love and have fun again! #ShowtimeThursdate 12",0,0.0,0.0,Unknown,Unknown,Unknown,Unknown,Unknown
pearlbliss30,03/09/2015 04:24:33,"It's Showtime!!! Time to laugh, love and have fun again! #ShowtimeThursdate 11",0,0.0,0.0,Unknown,Unknown,Unknown,Unknown,Unknown
pearlbliss30,03/09/2015 04:24:31,"It's Showtime!!! Time to laugh, love and have fun again! #ShowtimeThursdate 10",0,0.0,0.0,Unknown,Unknown,Unknown,Unknown,Unknown
pearlbliss30,03/09/2015 04:24:28,"It's Showtime!!! Time to laugh, love and have fun again! #ShowtimeThursdate 9",0,0.0,0.0,Unknown,Unknown,Unknown,Unknown,Unknown
pearlbliss30,03/09/2015 04:24:25,"It's Showtime!!! Time to laugh, love and have fun again! #ShowtimeThursdate 8",0,0.0,0.0,Unknown,Unknown,Unknown,Unknown,Unknown
pearlbliss30,03/09/2015 04:24:22,"It's Showtime!!! Time to laugh, love and have fun again! #ShowtimeThursdate 7",0,0.0,0.0,Unknown,Unknown,Unknown,Unknown,Unknown
pearlbliss30,03/09/2015 04:24:19,"It's Showtime!!! Time to laugh, love and have fun again! #ShowtimeThursdate 6",0,0.0,0.0,Unknown,Unknown,Unknown,Unknown,Unknown
pearlbliss30,03/09/2015 04:24:17,"It's Showtime!!! Time to laugh, love and have fun again! #ShowtimeThursdate 5",0,0.0,0.0,Unknown,Unknown,Unknown,Unknown,Unknown
pearlbliss30,03/09/2015 04:24:14,"It's Showtime!!! Time to laugh, love and have fun again! #ShowtimeThursdate 4",0,0.0,0.0,Unknown,Unknown,Unknown,Unknown,Unknown
pearlbliss30,03/09/2015 04:24:08,"It's Showtime!!! Time to laugh, love and have fun again! #ShowtimeThursdate  3",0,0.0,0.0,Unknown,Unknown,Unknown,Unknown,Unknown
pearlbliss30,03/09/2015 04:24:06,"It's Showtime!!! Time to laugh, love and have fun again! #ShowtimeThursdate 2",0,0.0,0.0,Unknown,Unknown,Unknown,Unknown,Unknown
pearlbliss30,03/09/2015 04:24:03,"It's Showtime!!! Time to laugh, love and have fun again! #ShowtimeThursdate",0,0.0,0.0,Unknown,Unknown,Unknown,Unknown,Unknown
pearlbliss30,03/09/2015 04:23:21,"It's Showtime!!! Time to laugh, love and have fun again! #ShowtimeThursdate O_O",1,0.0,0.0,Unknown,Unknown,Unknown,Unknown,Unknown
pearlbliss30,03/09/2015 04:23:13,"It's Showtime!!! Time to laugh, love and have fun again! #ShowtimeThursdate @_@",0,0.0,0.0,Unknown,Unknown,Unknown,Unknown,Unknown
pearlbliss30,03/09/2015 04:23:07,"It's Showtime!!! Time to laugh, love and have fun again! #ShowtimeThursdate (+)",0,0.0,0.0,Unknown,Unknown,Unknown,Unknown,Unknown
pearlbliss30,03/09/2015 04:22:57,"It's Showtime!!! Time to laugh, love and have fun again! #ShowtimeThursdate XXD",1,0.0,0.0,Unknown,Unknown,Unknown,Unknown,Unknown
pearlbliss30,03/09/2015 04:22:52,"It's Showtime!!! Time to laugh, love and have fun again! #ShowtimeThursdate :Q",1,0.0,0.0,Unknown,Unknown,Unknown,Unknown,Unknown
pearlbliss30,03/09/2015 04:22:42,"It's Showtime!!! Time to laugh, love and have fun again! #ShowtimeThursdate :P",0,0.0,0.0,Unknown,Unknown,Unknown,Unknown,Unknown
pearlbliss30,03/09/2015 04:22:34,"It's Showtime!!! Time to laugh, love and have fun again! #ShowtimeThursdate  *_*",0,0.0,0.0,Unknown,Unknown,Unknown,Unknown,Unknown
pearlbliss30,03/09/2015 04:22:30,"It's Showtime!!! Time to laugh, love and have fun again! #ShowtimeThursdate  #_#",0,0.0,0.0,Unknown,Unknown,Unknown,Unknown,Unknown
pearlbliss30,03/09/2015 04:22:26,"It's Showtime!!! Time to laugh, love and have fun again! #ShowtimeThursdate  $_$",0,0.0,0.0,Unknown,Unknown,Unknown,Unknown,Unknown
pearlbliss30,03/09/2015 04:22:22,"It's Showtime!!! Time to laugh, love and have fun again! #ShowtimeThursdate  ~_~",1,0.0,0.0,Unknown,Unknown,Unknown,Unknown,Unknown
pearlbliss30,03/09/2015 04:22:17,"It's Showtime!!! Time to laugh, love and have fun again! #ShowtimeThursdate :d",1,0.0,0.0,Unknown,Unknown,Unknown,Unknown,Unknown
pearlbliss30,03/09/2015 04:22:07,"It's Showtime!!! Time to laugh, love and have fun again! #ShowtimeThursdate ^0^",0,0.0,0.0,Unknown,Unknown,Unknown,Unknown,Unknown
pearlbliss30,03/09/2015 04:22:01,"It's Showtime!!! Time to laugh, love and have fun again! #ShowtimeThursdate ^-^",0,0.0,0.0,Unknown,Unknown,Unknown,Unknown,Unknown
pearlbliss30,03/09/2015 04:21:49,"It's Showtime!!! Time to laugh, love and have fun again! #ShowtimeThursdate ;D",0,0.0,0.0,Unknown,Unknown,Unknown,Unknown,Unknown
pearlbliss30,03/09/2015 04:21:44,"It's Showtime!!! Time to laugh, love and have fun again! #ShowtimeThursdate ;)",0,0.0,0.0,Unknown,Unknown,Unknown,Unknown,Unknown
pearlbliss30,03/09/2015 04:21:36,"It's Showtime!!! Time to laugh, love and have fun again! #ShowtimeThursdate ..",0,0.0,0.0,Unknown,Unknown,Unknown,Unknown,Unknown
pearlbliss30,03/09/2015 04:21:31,"It's Showtime!!! Time to laugh, love and have fun again! #ShowtimeThursdate  ::D",0,0.0,0.0,Unknown,Unknown,Unknown,Unknown,Unknown
pearlbliss30,03/09/2015 04:21:27,"It's Showtime!!! Time to laugh, love and have fun again! #ShowtimeThursdate  ^_~",0,0.0,0.0,Unknown,Unknown,Unknown,Unknown,Unknown
pearlbliss30,03/09/2015 04:21:23,"It's Showtime!!! Time to laugh, love and have fun again! #ShowtimeThursdate  ^^",0,0.0,0.0,Unknown,Unknown,Unknown,Unknown,Unknown
pearlbliss30,03/09/2015 04:21:18,"It's Showtime!!! Time to laugh, love and have fun again! #ShowtimeThursdate XD",0,0.0,0.0,Unknown,Unknown,Unknown,Unknown,Unknown
pearlbliss30,03/09/2015 04:19:42,"It's Showtime!!! Time to laugh, love and have fun again! #ShowtimeThursdate  ^____^",0,0.0,0.0,Unknown,Unknown,Unknown,Unknown,Unknown
pearlbliss30,03/09/2015 04:19:38,"It's Showtime!!! Time to laugh, love and have fun again! #ShowtimeThursdate  ^__^",0,0.0,0.0,Unknown,Unknown,Unknown,Unknown,Unknown
pearlbliss30,03/09/2015 04:19:33,"It's Showtime!!! Time to laugh, love and have fun again! #ShowtimeThursdate  :))",0,0.0,0.0,Unknown,Unknown,Unknown,Unknown,Unknown
pearlbliss30,03/09/2015 04:19:28,"It's Showtime!!! Time to laugh, love and have fun again! #ShowtimeThursdate :DD",0,0.0,0.0,Unknown,Unknown,Unknown,Unknown,Unknown
pearlbliss30,03/09/2015 04:19:22,"It's Showtime!!! Time to laugh, love and have fun again! #ShowtimeThursdate .",0,0.0,0.0,Unknown,Unknown,Unknown,Unknown,Unknown
pearlbliss30,03/09/2015 04:19:17,"It's Showtime!!! Time to laugh, love and have fun again! #ShowtimeThursdate  ^_^",0,0.0,0.0,Unknown,Unknown,Unknown,Unknown,Unknown
pearlbliss30,03/09/2015 04:19:12,"It's Showtime!!! Time to laugh, love and have fun again! #ShowtimeThursdate  :D",0,0.0,0.0,Unknown,Unknown,Unknown,Unknown,Unknown
pearlbliss30,03/09/2015 04:19:08,"It's Showtime!!! Time to laugh, love and have fun again! #ShowtimeThursdate",0,0.0,0.0,Unknown,Unknown,Unknown,Unknown,Unknown
pearlbliss30,28/08/2015 16:05:55,I took Julia‚Äôs challenge! Share your Pepsi + food combo at pwede kang manalo ng trip to Tokyo! #PepsiChallenge! http://t.co/V6R44M5fYf,0,0.0,0.0,Unknown,Unknown,Unknown,Unknown,Unknown
pearlbliss30,28/08/2015 15:53:53,Pepsi Challenge Hirit Mo To!: http://t.co/lbczIqV1hT via @YouTube,0,0.0,0.0,Unknown,Unknown,Unknown,Unknown,Unknown
pearlbliss30,24/08/2015 07:03:00,I liked a @YouTube video http://t.co/TPptFZYQoG Pause Barakada VIDEO,0,0.0,0.0,Unknown,Unknown,Unknown,Unknown,Unknown
pearlbliss30,31/07/2015 12:38:25,Nakaka-beast mode talaga ang mga #tomgutsmoments buti na lang may #snickersph Goodbye tomguts and hello Good vibes! http://t.co/suay8zV45N,0,0.0,0.0,Unknown,Unknown,Unknown,Unknown,Unknown
pearlbliss30,31/07/2015 08:49:15,Pag #TomgutsMoments na feeling mo bumabaliktad mundo mo pero Minsan damit ko Lang pala baliktad. Lalo tuloy na late! http://t.co/6OFcaFqq1r,0,0.0,0.0,Unknown,Unknown,Unknown,Unknown,Unknown
pearlbliss30,31/07/2015 08:45:28,Kahit Gano mo pa ka memorize ang spiel pag #TomgutsMoments na pati pangalan mo makakalimutan mo. Lulusot Ka pa te? üòÖ http://t.co/bZo9aJb3Ui,0,0.0,0.0,Unknown,Unknown,Unknown,Unknown,Unknown
pearlbliss30,31/07/2015 08:42:18,Yung 4th floor ang pupuntahan Pero dahil #TomgutsMoments na sa maling floor napunta muntik pa maipit sa elevator. üòÖ http://t.co/ermKTdDQkZ,0,0.0,0.0,Unknown,Unknown,Unknown,Unknown,Unknown
pearlbliss30,31/07/2015 08:31:58,After 10 years natapos din ang school report.Yes! Kaya Lang inabot ng #TomgutsMoments yan tuloy hindi na save.oh no!üò• http://t.co/sGTZOugpBN,0,0.0,0.0,Unknown,Unknown,Unknown,Unknown,Unknown
pearlbliss30,31/07/2015 08:24:16,Nakiki-happy birthday eh ikaw Naman pala ang may birthday. #TomgutsMoments na yan simulan na ang handaan! üòä http://t.co/tEEgzM9rIJ,0,0.0,0.0,Unknown,Unknown,Unknown,Unknown,Unknown
pearlbliss30,31/07/2015 08:18:44,Wrong number? Ay wait hindi pala Sakin tong cellphone! Naku po #TomgutsMoments na kelangan ko ng #Snickersph http://t.co/BbTRvyccoH,0,0.0,0.0,Unknown,Unknown,Unknown,Unknown,Unknown
pearlbliss30,22/07/2015 14:57:19,Hala Kilig Overload ^__^ @iamAlyloony @SelectaCornetto  #ThatOneSummer #KumoCornetto http://t.co/4ysMcXEgxO,0,0.0,0.0,Unknown,Unknown,Unknown,Unknown,Unknown
pearlbliss30,17/07/2015 07:29:29,I'm taking a short break at this cute and short #KITKATBench #mybreak ‚ù§ @kitkat_ph http://t.co/0ur1bRD9tw,0,0.0,0.0,Unknown,Unknown,Unknown,Unknown,Unknown
pearlbliss30,13/07/2015 05:49:51,My baby girl Taking a break on a #KITKATBench after shopping for some @kitkat_ph #mybreak http://t.co/UgkdsBk0Y1 http://t.co/tnlVWNfqia,0,0.0,0.0,Unknown,Unknown,Unknown,Unknown,Unknown
pearlbliss30,25/06/2015 01:36:46,"Today stats: One follower, No unfollowers via http://t.co/zcuTaeHH83",0,0.0,0.0,Unknown,Unknown,Unknown,Unknown,Unknown
pearlbliss30,19/06/2015 23:51:32,"Today stats: No new followers, 2 unfollowers via http://t.co/zcuTaeHH83",0,0.0,0.0,Unknown,Unknown,Unknown,Unknown,Unknown
pearlbliss30,14/06/2015 22:45:20,"Today stats: 2 followers, 5 unfollowers via http://t.co/zcuTaeHH83",0,0.0,0.0,Unknown,Unknown,Unknown,Unknown,Unknown
pearlbliss30,09/06/2015 21:47:36,"Today stats: One follower, No unfollowers via http://t.co/zcuTaeq6gv",0,0.0,0.0,Unknown,Unknown,Unknown,Unknown,Unknown
pearlbliss30,08/06/2015 04:04:05,"Today stats: 2 followers, One unfollower via http://t.co/zcuTaeHH83",0,0.0,0.0,Unknown,Unknown,Unknown,Unknown,Unknown
pearlbliss30,07/06/2015 02:27:21,"Today stats: No new followers, One unfollower via http://t.co/zcuTaeHH83",0,0.0,0.0,Unknown,Unknown,Unknown,Unknown,Unknown
pearlbliss30,06/06/2015 02:24:30,"Today stats: 2 followers, No unfollowers via http://t.co/zcuTaeHH83",0,0.0,0.0,Unknown,Unknown,Unknown,Unknown,Unknown
pearlbliss30,05/06/2015 02:17:20,"Today stats: One follower, One unfollower via http://t.co/zcuTaeHH83",0,0.0,0.0,Unknown,Unknown,Unknown,Unknown,Unknown
pearlbliss30,02/06/2015 02:04:58,"Today stats: One follower, One unfollower via http://t.co/zcuTaeHH83",0,0.0,0.0,Unknown,Unknown,Unknown,Unknown,Unknown
pearlbliss30,01/06/2015 01:59:41,"Today stats: One follower, One unfollower via http://t.co/zcuTaeHH83",0,0.0,0.0,Unknown,Unknown,Unknown,Unknown,Unknown
pearlbliss30,31/05/2015 01:54:19,"Today stats: One follower, No unfollowers via http://t.co/zcuTaeHH83",0,0.0,0.0,Unknown,Unknown,Unknown,Unknown,Unknown
pearlbliss30,25/05/2015 01:25:30,"Today stats: No new followers, One unfollower via http://t.co/zcuTaeHH83",0,0.0,0.0,Unknown,Unknown,Unknown,Unknown,Unknown
pearlbliss30,24/05/2015 01:21:36,"Today stats: One follower, 2 unfollowers via http://t.co/zcuTaeHH83",0,0.0,0.0,Unknown,Unknown,Unknown,Unknown,Unknown
pearlbliss30,23/05/2015 02:10:59,"Today stats: One follower, No unfollowers via http://t.co/zcuTaeHH83",0,0.0,0.0,Unknown,Unknown,Unknown,Unknown,Unknown
pearlbliss30,22/05/2015 03:48:13,"Today stats: No new followers, One unfollower and followed one person via http://t.co/zcuTaeHH83",0,0.0,0.0,Unknown,Unknown,Unknown,Unknown,Unknown
pearlbliss30,20/05/2015 01:01:17,"Today stats: No new followers, One unfollower via http://t.co/zcuTaeHH83",0,0.0,0.0,Unknown,Unknown,Unknown,Unknown,Unknown
pearlbliss30,19/05/2015 00:55:26,"Today stats: One follower, No unfollowers via http://t.co/zcuTaeHH83",0,0.0,0.0,Unknown,Unknown,Unknown,Unknown,Unknown
pearlbliss30,18/05/2015 00:50:22,"Today stats: One follower, One unfollower via http://t.co/zcuTaeHH83",0,0.0,0.0,Unknown,Unknown,Unknown,Unknown,Unknown
pearlbliss30,17/05/2015 00:45:25,"Today stats: No new followers, One unfollower via http://t.co/zcuTaeHH83",0,0.0,0.0,Unknown,Unknown,Unknown,Unknown,Unknown
pearlbliss30,15/05/2015 10:55:39,Good night sleep for moms - Giveaway http://t.co/Z2oScUPKsk,0,0.0,0.0,Unknown,Unknown,Unknown,Unknown,Unknown
pearlbliss30,15/05/2015 10:55:21,Good night sleep for moms - Giveaway http://t.co/oaut5mLWdE,0,0.0,0.0,Unknown,Unknown,Unknown,Unknown,Unknown
pearlbliss30,15/05/2015 01:07:11,"Today stats: 2 followers, No unfollowers via http://t.co/zcuTaeHH83",0,0.0,0.0,Unknown,Unknown,Unknown,Unknown,Unknown
pearlbliss30,14/05/2015 00:30:32,"Today stats: One follower, No unfollowers via http://t.co/zcuTaeHH83",0,0.0,0.0,Unknown,Unknown,Unknown,Unknown,Unknown
pearlbliss30,13/05/2015 00:25:24,"Today stats: One follower, No unfollowers via http://t.co/zcuTaeHH83",0,0.0,0.0,Unknown,Unknown,Unknown,Unknown,Unknown
pearlbliss30,11/05/2015 00:17:23,"Today stats: No new followers, One unfollower via http://t.co/zcuTaeHH83",0,0.0,0.0,Unknown,Unknown,Unknown,Unknown,Unknown
pearlbliss30,10/05/2015 00:10:26,"Today stats: No new followers, One unfollower and followed one person via http://t.co/zcuTaeHH83",0,0.0,0.0,Unknown,Unknown,Unknown,Unknown,Unknown
pearlbliss30,09/05/2015 14:43:26,Summer OOTD is best taken with O+360 HD cause clearer is better!. #Oplus360HD #Oplus360Moments #Summer @OPLUSUSA http://t.co/gvySTh7gW0,0,0.0,0.0,Unknown,Unknown,Unknown,Unknown,Unknown
pearlbliss30,09/05/2015 11:25:01,An extra special Mother's Day for an awesome mom! #AllforMomatSM @smsupermalls   Photo taken at @smcitybaguio http://t.co/AzNZu1vjHp,0,0.0,0.0,Unknown,Unknown,Unknown,Unknown,Unknown
pearlbliss30,08/05/2015 06:35:41,*your love was all i needed mom thanks*  #OLXsuperMOM @olxph https://t.co/sknKEMeTSG,0,0.0,0.0,Unknown,Unknown,Unknown,Unknown,Unknown
pearlbliss30,08/05/2015 00:00:29,"Today stats: One follower, One unfollower via http://t.co/zcuTaeHH83",0,0.0,0.0,Unknown,Unknown,Unknown,Unknown,Unknown
pearlbliss30,07/05/2015 06:10:25,*your love was all i needed mom thanks*  #OLXsuperMOM @olxph https://t.co/sknKEMeTSG,0,0.0,0.0,Unknown,Unknown,Unknown,Unknown,Unknown
pearlbliss30,05/05/2015 23:50:29,"Today stats: One follower, No unfollowers via http://t.co/zcuTaeq6gv",0,0.0,0.0,Unknown,Unknown,Unknown,Unknown,Unknown
pearlbliss30,03/05/2015 23:40:37,"Today stats: No new followers, One unfollower via http://t.co/zcuTaeHH83",0,0.0,0.0,Unknown,Unknown,Unknown,Unknown,Unknown
pearlbliss30,30/04/2015 23:25:33,"Today stats: One follower, No unfollowers via http://t.co/zcuTaeHH83",0,0.0,0.0,Unknown,Unknown,Unknown,Unknown,Unknown
pearlbliss30,30/04/2015 11:40:35,@enjoyGLOBE Couldn't help taking a selfie with the coolest phone in town!!! #S6firstwithGlobe #Number1inPostpaid !! http://t.co/hLqe59YTQC,0,0.0,0.0,Unknown,Unknown,Unknown,Unknown,Unknown
pearlbliss30,30/04/2015 11:40:18,@enjoyGLOBE Couldn't help taking a selfie with the coolest phone in town!! #S6firstwithGlobe #Number1inPostpaid !! http://t.co/C6hG0EDi2c,0,0.0,0.0,Unknown,Unknown,Unknown,Unknown,Unknown
pearlbliss30,30/04/2015 11:40:02,@enjoyGLOBE Couldn't help taking a selfie with the coolest phone in town! #S6firstwithGlobe #Number1inPostpaid !! http://t.co/GHAALQPusS,0,0.0,0.0,Unknown,Unknown,Unknown,Unknown,Unknown
pearlbliss30,30/04/2015 04:00:41,@enjoyGLOBE Couldn't help taking a selfie with the coolest phone in town! #S6firstwithGlobe #Number1inPostpaid !! http://t.co/aQH7iNE7Xj,0,0.0,0.0,Unknown,Unknown,Unknown,Unknown,Unknown
pearlbliss30,30/04/2015 03:57:59,@enjoyGLOBE Couldn't help taking a selfie with the coolest phone in town! #S6firstwithGlobe #Number1inPostpaid http://t.co/kVRq16jmVB,0,0.0,0.0,Unknown,Unknown,Unknown,Unknown,Unknown
pearlbliss30,29/04/2015 04:55:55,Think you're fast enough to say YES to YAMAN? Join @olxph 60 Minutes to Yaman! Visit: http://t.co/umMQnuDPmy https://t.co/sknKEMeTSG,0,0.0,0.0,Unknown,Unknown,Unknown,Unknown,Unknown
pearlbliss30,29/04/2015 04:54:43,https://t.co/1ngjXv75Aq,0,0.0,0.0,Unknown,Unknown,Unknown,Unknown,Unknown
pearlbliss30,23/04/2015 04:56:05,#PotenceeEverydaygives your family protection that helps make you look good @PotenceePH http://t.co/OrHXsnOJFG,0,0.0,0.0,Unknown,Unknown,Unknown,Unknown,Unknown
pearlbliss30,23/04/2015 04:53:52,#PotenceeEverydaygives your family protection that helps make you look good @PotenceePH http://t.co/gGDIrw2Akg,0,0.0,0.0,Unknown,Unknown,Unknown,Unknown,Unknown
pearlbliss30,23/04/2015 04:52:10,#PotenceeEverydaygives your family protection that helps make you look good @PotenceePH http://t.co/yYxQnQcH3k,0,0.0,0.0,Unknown,Unknown,Unknown,Unknown,Unknown
pearlbliss30,23/04/2015 04:50:43,#PotenceeEverydaygives your family protection that helps make you look good @PotenceePH http://t.co/c28OpdPCHv,0,0.0,0.0,Unknown,Unknown,Unknown,Unknown,Unknown
pearlbliss30,23/04/2015 04:49:33,#PotenceeEverydaygives your family protection that helps make you look good @PotenceePH http://t.co/Ds5R1dfTxs,0,0.0,0.0,Unknown,Unknown,Unknown,Unknown,Unknown
pearlbliss30,23/04/2015 04:46:46,#PotenceeEverydaygives your family protection that helps make you look good @PotenceePH http://t.co/FzJnAepOhs,0,0.0,0.0,Unknown,Unknown,Unknown,Unknown,Unknown
pearlbliss30,17/04/2015 22:21:32,"Today stats: No new followers, One unfollower via http://t.co/zcuTaeHH83",0,0.0,0.0,Unknown,Unknown,Unknown,Unknown,Unknown
pearlbliss30,16/04/2015 22:16:24,"Today stats: One follower, No unfollowers via http://t.co/zcuTaeHH83",0,0.0,0.0,Unknown,Unknown,Unknown,Unknown,Unknown
pearlbliss30,15/04/2015 22:11:25,"Today stats: No new followers, One unfollower via http://t.co/zcuTaeHH83",0,0.0,0.0,Unknown,Unknown,Unknown,Unknown,Unknown
