SeahawksVote1,02/02/2014 18:13:35,Go #Seahawks! #WhosGonnaWin http://t.co/9RMRBM2Odc @VerizonWireless @Seahawks mkl,0,0.0,0.0,Unknown,Unknown,Unknown,Unknown,Unknown
SeahawksVote1,02/02/2014 18:13:01,Go #Seahawks! #WhosGonnaWin http://t.co/9RMRBM2Odc @VerizonWireless @Seahawks mj,0,0.0,0.0,Unknown,Unknown,Unknown,Unknown,Unknown
SeahawksVote1,02/02/2014 18:12:46,Go #Seahawks! #WhosGonnaWin http://t.co/9RMRBM2Odc @VerizonWireless @Seahawks mm,0,0.0,0.0,Unknown,Unknown,Unknown,Unknown,Unknown
SeahawksVote1,02/02/2014 18:12:29,Go #Seahawks! #WhosGonnaWin http://t.co/9RMRBM2Odc @VerizonWireless @Seahawks cxx,0,0.0,0.0,Unknown,Unknown,Unknown,Unknown,Unknown
SeahawksVote1,02/02/2014 18:12:12,Go #Seahawks! #WhosGonnaWin http://t.co/9RMRBM2Odc @VerizonWireless @Seahawks sdc,0,0.0,0.0,Unknown,Unknown,Unknown,Unknown,Unknown
SeahawksVote1,02/02/2014 18:11:59,Go #Seahawks! #WhosGonnaWin http://t.co/9RMRBM2Odc @VerizonWireless @Seahawks cxc,0,0.0,0.0,Unknown,Unknown,Unknown,Unknown,Unknown
SeahawksVote1,02/02/2014 18:11:03,Go #Seahawks! #WhosGonnaWin http://t.co/9RMRBM2Odc @VerizonWireless @Seahawks xc,0,0.0,0.0,Unknown,Unknown,Unknown,Unknown,Unknown
SeahawksVote1,02/02/2014 18:10:50,Go #Seahawks! #WhosGonnaWin http://t.co/9RMRBM2Odc @VerizonWireless @Seahawks sx,0,0.0,0.0,Unknown,Unknown,Unknown,Unknown,Unknown
SeahawksVote1,02/02/2014 18:10:23,Go #Seahawks! #WhosGonnaWin http://t.co/9RMRBM2Odc @VerizonWireless @Seahawks sddc,0,0.0,0.0,Unknown,Unknown,Unknown,Unknown,Unknown
SeahawksVote1,02/02/2014 18:09:44,Go #Seahawks! #WhosGonnaWin http://t.co/9RMRBM2Odc @VerizonWireless @Seahawks desx,0,0.0,0.0,Unknown,Unknown,Unknown,Unknown,Unknown
SeahawksVote1,02/02/2014 18:09:32,Go #Seahawks! #WhosGonnaWin http://t.co/9RMRBM2Odc @VerizonWireless @Seahawks zcx,0,0.0,0.0,Unknown,Unknown,Unknown,Unknown,Unknown
SeahawksVote1,02/02/2014 18:09:08,Go #Seahawks! #WhosGonnaWin http://t.co/9RMRBM2Odc @VerizonWireless @Seahawks edcf,0,0.0,0.0,Unknown,Unknown,Unknown,Unknown,Unknown
SeahawksVote1,02/02/2014 18:08:52,Go #Seahawks! #WhosGonnaWin http://t.co/9RMRBM2Odc @VerizonWireless @Seahawks edc,0,0.0,0.0,Unknown,Unknown,Unknown,Unknown,Unknown
SeahawksVote1,02/02/2014 18:08:44,Go #Seahawks! #WhosGonnaWin http://t.co/9RMRBM2Odc @VerizonWireless @Seahawks s,0,0.0,0.0,Unknown,Unknown,Unknown,Unknown,Unknown
SeahawksVote1,02/02/2014 18:08:37,Go #Seahawks! #WhosGonnaWin http://t.co/9RMRBM2Odc @VerizonWireless @Seahawks ed,0,0.0,0.0,Unknown,Unknown,Unknown,Unknown,Unknown
SeahawksVote1,02/02/2014 18:08:30,Go #Seahawks! #WhosGonnaWin http://t.co/9RMRBM2Odc @VerizonWireless @Seahawks sd,0,0.0,0.0,Unknown,Unknown,Unknown,Unknown,Unknown
SeahawksVote1,02/02/2014 18:08:22,Go #Seahawks! #WhosGonnaWin http://t.co/9RMRBM2Odc @VerizonWireless @Seahawks wsz,0,0.0,0.0,Unknown,Unknown,Unknown,Unknown,Unknown
SeahawksVote1,02/02/2014 18:08:12,Go #Seahawks! #WhosGonnaWin http://t.co/9RMRBM2Odc @VerizonWireless @Seahawks sa,0,0.0,0.0,Unknown,Unknown,Unknown,Unknown,Unknown
SeahawksVote1,02/02/2014 18:08:02,Go #Seahawks! #WhosGonnaWin http://t.co/9RMRBM2Odc @VerizonWireless @Seahawks w,0,0.0,0.0,Unknown,Unknown,Unknown,Unknown,Unknown
SeahawksVote1,02/02/2014 18:07:49,Go #Seahawks! #WhosGonnaWin http://t.co/9RMRBM2Odc @VerizonWireless @Seahawks sw,0,0.0,0.0,Unknown,Unknown,Unknown,Unknown,Unknown
SeahawksVote1,02/02/2014 18:07:37,Go #Seahawks! #WhosGonnaWin http://t.co/9RMRBM2Odc @VerizonWireless @Seahawks ewd,0,0.0,0.0,Unknown,Unknown,Unknown,Unknown,Unknown
SeahawksVote1,02/02/2014 18:07:28,Go #Seahawks! #WhosGonnaWin http://t.co/9RMRBM2Odc @VerizonWireless @Seahawks frdrf,0,0.0,0.0,Unknown,Unknown,Unknown,Unknown,Unknown
SeahawksVote1,02/02/2014 18:07:16,Go #Seahawks! #WhosGonnaWin http://t.co/9RMRBM2Odc @VerizonWireless @Seahawks cd,0,0.0,0.0,Unknown,Unknown,Unknown,Unknown,Unknown
SeahawksVote1,02/02/2014 18:07:05,Go #Seahawks! #WhosGonnaWin http://t.co/9RMRBM2Odc @VerizonWireless @Seahawks frd,0,0.0,0.0,Unknown,Unknown,Unknown,Unknown,Unknown
SeahawksVote1,02/02/2014 18:06:42,Go #Seahawks! #WhosGonnaWin http://t.co/9RMRBM2Odc @VerizonWireless @Seahawks xs,0,0.0,0.0,Unknown,Unknown,Unknown,Unknown,Unknown
SeahawksVote1,02/02/2014 18:06:35,Go #Seahawks! #WhosGonnaWin http://t.co/9RMRBM2Odc @VerizonWireless @Seahawks s,0,0.0,0.0,Unknown,Unknown,Unknown,Unknown,Unknown
SeahawksVote1,02/02/2014 18:06:28,Go #Seahawks! #WhosGonnaWin http://t.co/9RMRBM2Odc @VerizonWireless @Seahawks df,0,0.0,0.0,Unknown,Unknown,Unknown,Unknown,Unknown
SeahawksVote1,02/02/2014 18:06:21,Go #Seahawks! #WhosGonnaWin http://t.co/9RMRBM2Odc @VerizonWireless @Seahawks ff,0,0.0,0.0,Unknown,Unknown,Unknown,Unknown,Unknown
SeahawksVote1,02/02/2014 18:06:01,Go #Seahawks! #WhosGonnaWin http://t.co/9RMRBM2Odc @VerizonWireless @Seahawks f,0,0.0,0.0,Unknown,Unknown,Unknown,Unknown,Unknown
SeahawksVote1,02/02/2014 18:05:53,Go #Seahawks! #WhosGonnaWin http://t.co/9RMRBM2Odc @VerizonWireless @Seahawks fr,0,0.0,0.0,Unknown,Unknown,Unknown,Unknown,Unknown
SeahawksVote1,02/02/2014 18:05:47,Go #Seahawks! #WhosGonnaWin http://t.co/9RMRBM2Odc @VerizonWireless @Seahawks qq,0,0.0,0.0,Unknown,Unknown,Unknown,Unknown,Unknown
SeahawksVote1,02/02/2014 18:05:40,Go #Seahawks! #WhosGonnaWin http://t.co/9RMRBM2Odc @VerizonWireless @Seahawks q,0,0.0,0.0,Unknown,Unknown,Unknown,Unknown,Unknown
SeahawksVote1,02/02/2014 18:05:33,Go #Seahawks! #WhosGonnaWin http://t.co/9RMRBM2Odc @VerizonWireless @Seahawks dse,0,0.0,0.0,Unknown,Unknown,Unknown,Unknown,Unknown
SeahawksVote1,02/02/2014 18:05:21,Go #Seahawks! #WhosGonnaWin http://t.co/9RMRBM2Odc @VerizonWireless @Seahawks ds,0,0.0,0.0,Unknown,Unknown,Unknown,Unknown,Unknown
SeahawksVote1,02/02/2014 18:05:14,Go #Seahawks! #WhosGonnaWin http://t.co/9RMRBM2Odc @VerizonWireless @Seahawks w,0,0.0,0.0,Unknown,Unknown,Unknown,Unknown,Unknown
SeahawksVote1,02/02/2014 18:05:07,Go #Seahawks! #WhosGonnaWin http://t.co/9RMRBM2Odc @VerizonWireless @Seahawks e,0,0.0,0.0,Unknown,Unknown,Unknown,Unknown,Unknown
SeahawksVote1,02/02/2014 18:05:00,Go #Seahawks! #WhosGonnaWin http://t.co/9RMRBM2Odc @VerizonWireless @Seahawks sd,0,0.0,0.0,Unknown,Unknown,Unknown,Unknown,Unknown
SeahawksVote1,02/02/2014 18:04:19,Go #Seahawks! #WhosGonnaWin http://t.co/9RMRBM2Odc @VerizonWireless @Seahawks dc,0,0.0,0.0,Unknown,Unknown,Unknown,Unknown,Unknown
SeahawksVote1,02/02/2014 18:04:03,Go #Seahawks! #WhosGonnaWin http://t.co/9RMRBM2Odc @VerizonWireless @Seahawks vvc,0,0.0,0.0,Unknown,Unknown,Unknown,Unknown,Unknown
SeahawksVote1,02/02/2014 18:03:50,Go #Seahawks! #WhosGonnaWin http://t.co/9RMRBM2Odc @VerizonWireless @Seahawks F,0,0.0,0.0,Unknown,Unknown,Unknown,Unknown,Unknown
SeahawksVote1,02/02/2014 18:03:42,Go #Seahawks! #WhosGonnaWin http://t.co/9RMRBM2Odc @VerizonWireless @Seahawks Z,0,0.0,0.0,Unknown,Unknown,Unknown,Unknown,Unknown
SeahawksVote1,02/02/2014 18:03:35,Go #Seahawks! #WhosGonnaWin http://t.co/9RMRBM2Odc @VerizonWireless @Seahawks xxx,0,0.0,0.0,Unknown,Unknown,Unknown,Unknown,Unknown
SeahawksVote1,02/02/2014 18:03:24,Go #Seahawks! #WhosGonnaWin http://t.co/9RMRBM2Odc @VerizonWireless @Seahawks xx,0,0.0,0.0,Unknown,Unknown,Unknown,Unknown,Unknown
SeahawksVote1,02/02/2014 18:03:18,Go #Seahawks! #WhosGonnaWin http://t.co/9RMRBM2Odc @VerizonWireless @Seahawks x,0,0.0,0.0,Unknown,Unknown,Unknown,Unknown,Unknown
SeahawksVote1,02/02/2014 18:03:12,Go #Seahawks! #WhosGonnaWin http://t.co/9RMRBM2Odc @VerizonWireless @Seahawks cd,0,0.0,0.0,Unknown,Unknown,Unknown,Unknown,Unknown
SeahawksVote1,02/02/2014 18:03:05,Go #Seahawks! #WhosGonnaWin http://t.co/9RMRBM2Odc @VerizonWireless @Seahawks vf,0,0.0,0.0,Unknown,Unknown,Unknown,Unknown,Unknown
SeahawksVote1,02/02/2014 18:02:58,Go #Seahawks! #WhosGonnaWin http://t.co/9RMRBM2Odc @VerizonWireless @Seahawks rf,0,0.0,0.0,Unknown,Unknown,Unknown,Unknown,Unknown
SeahawksVote1,02/02/2014 18:02:51,Go #Seahawks! #WhosGonnaWin http://t.co/9RMRBM2Odc @VerizonWireless @Seahawks fr,0,0.0,0.0,Unknown,Unknown,Unknown,Unknown,Unknown
SeahawksVote1,02/02/2014 18:02:45,Go #Seahawks! #WhosGonnaWin http://t.co/9RMRBM2Odc @VerizonWireless @Seahawks ed,0,0.0,0.0,Unknown,Unknown,Unknown,Unknown,Unknown
SeahawksVote1,02/02/2014 18:02:39,Go #Seahawks! #WhosGonnaWin http://t.co/9RMRBM2Odc @VerizonWireless @Seahawks rff,0,0.0,0.0,Unknown,Unknown,Unknown,Unknown,Unknown
SeahawksVote1,02/02/2014 18:02:32,Go #Seahawks! #WhosGonnaWin http://t.co/9RMRBM2Odc @VerizonWireless @Seahawks qws,0,0.0,0.0,Unknown,Unknown,Unknown,Unknown,Unknown
SeahawksVote1,02/02/2014 18:02:25,Go #Seahawks! #WhosGonnaWin http://t.co/9RMRBM2Odc @VerizonWireless @Seahawks qw,0,0.0,0.0,Unknown,Unknown,Unknown,Unknown,Unknown
SeahawksVote1,02/02/2014 18:02:18,Go #Seahawks! #WhosGonnaWin http://t.co/9RMRBM2Odc @VerizonWireless @Seahawks er,0,0.0,0.0,Unknown,Unknown,Unknown,Unknown,Unknown
SeahawksVote1,02/02/2014 18:02:11,Go #Seahawks! #WhosGonnaWin http://t.co/9RMRBM2Odc @VerizonWireless @Seahawks asd,0,0.0,0.0,Unknown,Unknown,Unknown,Unknown,Unknown
SeahawksVote1,02/02/2014 18:02:03,Go #Seahawks! #WhosGonnaWin http://t.co/9RMRBM2Odc @VerizonWireless @Seahawks ws,0,0.0,0.0,Unknown,Unknown,Unknown,Unknown,Unknown
SeahawksVote1,02/02/2014 18:01:56,Go #Seahawks! #WhosGonnaWin http://t.co/9RMRBM2Odc @VerizonWireless @Seahawks sax,0,0.0,0.0,Unknown,Unknown,Unknown,Unknown,Unknown
SeahawksVote1,02/02/2014 18:01:49,Go #Seahawks! #WhosGonnaWin http://t.co/9RMRBM2Odc @VerizonWireless @Seahawks as,0,0.0,0.0,Unknown,Unknown,Unknown,Unknown,Unknown
SeahawksVote1,02/02/2014 18:01:39,Go #Seahawks! #WhosGonnaWin http://t.co/9RMRBM2Odc @VerizonWireless @Seahawks ew,0,0.0,0.0,Unknown,Unknown,Unknown,Unknown,Unknown
SeahawksVote1,02/02/2014 18:01:32,Go #Seahawks! #WhosGonnaWin http://t.co/9RMRBM2Odc @VerizonWireless @Seahawks ef,0,0.0,0.0,Unknown,Unknown,Unknown,Unknown,Unknown
SeahawksVote1,02/02/2014 18:01:23,Go #Seahawks! #WhosGonnaWin http://t.co/9RMRBM2Odc @VerizonWireless @Seahawks a,0,0.0,0.0,Unknown,Unknown,Unknown,Unknown,Unknown
SeahawksVote1,02/02/2014 18:01:17,Go #Seahawks! #WhosGonnaWin http://t.co/9RMRBM2Odc @VerizonWireless @Seahawks sdc,0,0.0,0.0,Unknown,Unknown,Unknown,Unknown,Unknown
SeahawksVote1,02/02/2014 18:00:58,Go #Seahawks! #WhosGonnaWin http://t.co/9RMRBM2Odc @VerizonWireless @Seahawks sdde,0,0.0,0.0,Unknown,Unknown,Unknown,Unknown,Unknown
SeahawksVote1,02/02/2014 18:00:30,Go #Seahawks! #WhosGonnaWin http://t.co/9RMRBM2Odc @VerizonWireless @Seahawks q,0,0.0,0.0,Unknown,Unknown,Unknown,Unknown,Unknown
SeahawksVote1,02/02/2014 18:00:23,Go #Seahawks! #WhosGonnaWin http://t.co/9RMRBM2Odc @VerizonWireless @Seahawks edx,0,0.0,0.0,Unknown,Unknown,Unknown,Unknown,Unknown
SeahawksVote1,02/02/2014 18:00:17,Go #Seahawks! #WhosGonnaWin http://t.co/9RMRBM2Odc @VerizonWireless @Seahawks sx,0,0.0,0.0,Unknown,Unknown,Unknown,Unknown,Unknown
SeahawksVote1,02/02/2014 18:00:11,Go #Seahawks! #WhosGonnaWin http://t.co/9RMRBM2Odc @VerizonWireless @Seahawks sd,0,0.0,0.0,Unknown,Unknown,Unknown,Unknown,Unknown
SeahawksVote1,02/02/2014 18:00:05,Go #Seahawks! #WhosGonnaWin http://t.co/9RMRBM2Odc @VerizonWireless @Seahawks we,0,0.0,0.0,Unknown,Unknown,Unknown,Unknown,Unknown
SeahawksVote1,02/02/2014 17:59:55,Go #Seahawks! #WhosGonnaWin http://t.co/9RMRBM2Odc @VerizonWireless @Seahawks asd,0,0.0,0.0,Unknown,Unknown,Unknown,Unknown,Unknown
SeahawksVote1,02/02/2014 17:59:48,Go #Seahawks! #WhosGonnaWin http://t.co/9RMRBM2Odc @VerizonWireless @Seahawks sw,0,0.0,0.0,Unknown,Unknown,Unknown,Unknown,Unknown
SeahawksVote1,02/02/2014 17:59:43,Go #Seahawks! #WhosGonnaWin http://t.co/9RMRBM2Odc @VerizonWireless @Seahawks wse,0,0.0,0.0,Unknown,Unknown,Unknown,Unknown,Unknown
SeahawksVote1,02/02/2014 17:59:34,Go #Seahawks! #WhosGonnaWin http://t.co/9RMRBM2Odc @VerizonWireless @Seahawks ede,0,0.0,0.0,Unknown,Unknown,Unknown,Unknown,Unknown
SeahawksVote1,02/02/2014 17:59:00,Go #Seahawks! #WhosGonnaWin http://t.co/9RMRBM2Odc @VerizonWireless @Seahawks sdd,0,0.0,0.0,Unknown,Unknown,Unknown,Unknown,Unknown
SeahawksVote1,02/02/2014 17:58:51,Go #Seahawks! #WhosGonnaWin http://t.co/9RMRBM2Odc @VerizonWireless @Seahawks qw,0,0.0,0.0,Unknown,Unknown,Unknown,Unknown,Unknown
SeahawksVote1,02/02/2014 17:58:46,Go #Seahawks! #WhosGonnaWin http://t.co/9RMRBM2Odc @VerizonWireless @Seahawks rf,0,0.0,0.0,Unknown,Unknown,Unknown,Unknown,Unknown
SeahawksVote1,02/02/2014 17:58:40,Go #Seahawks! #WhosGonnaWin http://t.co/9RMRBM2Odc @VerizonWireless @Seahawks cx,0,0.0,0.0,Unknown,Unknown,Unknown,Unknown,Unknown
SeahawksVote1,02/02/2014 17:58:35,Go #Seahawks! #WhosGonnaWin http://t.co/9RMRBM2Odc @VerizonWireless @Seahawks as,0,0.0,0.0,Unknown,Unknown,Unknown,Unknown,Unknown
SeahawksVote1,02/02/2014 17:58:26,Go #Seahawks! #WhosGonnaWin http://t.co/9RMRBM2Odc @VerizonWireless @Seahawks e,0,0.0,0.0,Unknown,Unknown,Unknown,Unknown,Unknown
SeahawksVote1,02/02/2014 17:58:08,Go #Seahawks! #WhosGonnaWin http://t.co/9RMRBM2Odc @VerizonWireless @Seahawks dxx,0,0.0,0.0,Unknown,Unknown,Unknown,Unknown,Unknown
SeahawksVote1,02/02/2014 17:58:01,Go #Seahawks! #WhosGonnaWin http://t.co/9RMRBM2Odc @VerizonWireless @Seahawks ed,0,0.0,0.0,Unknown,Unknown,Unknown,Unknown,Unknown
SeahawksVote1,02/02/2014 17:57:55,Go #Seahawks! #WhosGonnaWin http://t.co/9RMRBM2Odc @VerizonWireless @Seahawks ws,0,0.0,0.0,Unknown,Unknown,Unknown,Unknown,Unknown
SeahawksVote1,02/02/2014 17:57:48,Go #Seahawks! #WhosGonnaWin http://t.co/9RMRBM2Odc @VerizonWireless @Seahawks sd,0,0.0,0.0,Unknown,Unknown,Unknown,Unknown,Unknown
SeahawksVote1,02/02/2014 17:53:33,Go #Seahawks! #WhosGonnaWin http://t.co/9RMRBM2Odc @VerizonWireless @Seahawks fv,0,0.0,0.0,Unknown,Unknown,Unknown,Unknown,Unknown
SeahawksVote1,02/02/2014 17:53:28,Go #Seahawks! #WhosGonnaWin http://t.co/9RMRBM2Odc @VerizonWireless @Seahawks ewd,0,0.0,0.0,Unknown,Unknown,Unknown,Unknown,Unknown
SeahawksVote1,02/02/2014 17:53:21,Go #Seahawks! #WhosGonnaWin http://t.co/9RMRBM2Odc @VerizonWireless @Seahawks ew,0,0.0,0.0,Unknown,Unknown,Unknown,Unknown,Unknown
SeahawksVote1,02/02/2014 17:53:15,Go #Seahawks! #WhosGonnaWin http://t.co/9RMRBM2Odc @VerizonWireless @Seahawks rf,0,0.0,0.0,Unknown,Unknown,Unknown,Unknown,Unknown
SeahawksVote1,02/02/2014 17:53:10,Go #Seahawks! #WhosGonnaWin http://t.co/9RMRBM2Odc @VerizonWireless @Seahawks d,0,0.0,0.0,Unknown,Unknown,Unknown,Unknown,Unknown
SeahawksVote1,02/02/2014 17:53:03,Go #Seahawks! #WhosGonnaWin http://t.co/9RMRBM2Odc @VerizonWireless @Seahawks s,0,0.0,0.0,Unknown,Unknown,Unknown,Unknown,Unknown
SeahawksVote1,02/02/2014 17:52:56,Go #Seahawks! #WhosGonnaWin http://t.co/9RMRBM2Odc @VerizonWireless @Seahawks,0,0.0,0.0,Unknown,Unknown,Unknown,Unknown,Unknown
SeahawksVote1,02/02/2014 17:52:41,Go #Seahawks! #WhosGonnaWin http://t.co/9RMRBM2Odc @VerizonWireless sd,0,0.0,0.0,Unknown,Unknown,Unknown,Unknown,Unknown
SeahawksVote1,02/02/2014 17:52:36,Go #Seahawks! #WhosGonnaWin http://t.co/9RMRBM2Odc @VerizonWireless we,0,0.0,0.0,Unknown,Unknown,Unknown,Unknown,Unknown
SeahawksVote1,02/02/2014 17:52:31,Go #Seahawks! #WhosGonnaWin http://t.co/9RMRBM2Odc @VerizonWireless f,0,0.0,0.0,Unknown,Unknown,Unknown,Unknown,Unknown
SeahawksVote1,02/02/2014 17:52:26,Go #Seahawks! #WhosGonnaWin http://t.co/9RMRBM2Odc @VerizonWireless cd,0,0.0,0.0,Unknown,Unknown,Unknown,Unknown,Unknown
SeahawksVote1,02/02/2014 17:52:20,Go #Seahawks! #WhosGonnaWin http://t.co/9RMRBM2Odc @VerizonWireless r,0,0.0,0.0,Unknown,Unknown,Unknown,Unknown,Unknown
SeahawksVote1,02/02/2014 17:51:51,Go #Seahawks! #WhosGonnaWin http://t.co/9RMRBM2Odc @VerizonWireless sad,0,0.0,0.0,Unknown,Unknown,Unknown,Unknown,Unknown
SeahawksVote1,02/02/2014 17:51:46,Go #Seahawks! #WhosGonnaWin http://t.co/9RMRBM2Odc @VerizonWireless fr,0,0.0,0.0,Unknown,Unknown,Unknown,Unknown,Unknown
SeahawksVote1,02/02/2014 17:51:40,Go #Seahawks! #WhosGonnaWin http://t.co/9RMRBM2Odc @VerizonWireless ds,0,0.0,0.0,Unknown,Unknown,Unknown,Unknown,Unknown
SeahawksVote1,02/02/2014 17:51:33,Go #Seahawks! #WhosGonnaWin http://t.co/9RMRBM2Odc @VerizonWireless er,0,0.0,0.0,Unknown,Unknown,Unknown,Unknown,Unknown
SeahawksVote1,02/02/2014 17:51:28,Go #Seahawks! #WhosGonnaWin http://t.co/9RMRBM2Odc @VerizonWireless a,0,0.0,0.0,Unknown,Unknown,Unknown,Unknown,Unknown
SeahawksVote1,02/02/2014 17:51:22,Go #Seahawks! #WhosGonnaWin http://t.co/9RMRBM2Odc @VerizonWireless df,0,0.0,0.0,Unknown,Unknown,Unknown,Unknown,Unknown
SeahawksVote1,02/02/2014 17:51:15,Go #Seahawks! #WhosGonnaWin http://t.co/9RMRBM2Odc @VerizonWireless tg,0,0.0,0.0,Unknown,Unknown,Unknown,Unknown,Unknown
SeahawksVote1,02/02/2014 17:51:10,Go #Seahawks! #WhosGonnaWin http://t.co/9RMRBM2Odc @VerizonWireless ed,0,0.0,0.0,Unknown,Unknown,Unknown,Unknown,Unknown
SeahawksVote1,02/02/2014 17:51:01,Go #Seahawks! #WhosGonnaWin http://t.co/9RMRBM2Odc @VerizonWireless errf,0,0.0,0.0,Unknown,Unknown,Unknown,Unknown,Unknown
SeahawksVote1,02/02/2014 17:50:39,Go #Seahawks! #WhosGonnaWin http://t.co/9RMRBM2Odc @VerizonWireless d,0,0.0,0.0,Unknown,Unknown,Unknown,Unknown,Unknown
SeahawksVote1,02/02/2014 17:50:34,Go #Seahawks! #WhosGonnaWin http://t.co/9RMRBM2Odc @VerizonWireless cv,0,0.0,0.0,Unknown,Unknown,Unknown,Unknown,Unknown
SeahawksVote1,02/02/2014 17:50:28,Go #Seahawks! #WhosGonnaWin http://t.co/9RMRBM2Odc @VerizonWireless f,0,0.0,0.0,Unknown,Unknown,Unknown,Unknown,Unknown
SeahawksVote1,02/02/2014 17:50:23,Go #Seahawks! #WhosGonnaWin http://t.co/9RMRBM2Odc @VerizonWireless tr,0,0.0,0.0,Unknown,Unknown,Unknown,Unknown,Unknown
SeahawksVote1,02/02/2014 17:50:18,Go #Seahawks! #WhosGonnaWin http://t.co/9RMRBM2Odc @VerizonWireless s,0,0.0,0.0,Unknown,Unknown,Unknown,Unknown,Unknown
SeahawksVote1,02/02/2014 17:50:13,Go #Seahawks! #WhosGonnaWin http://t.co/9RMRBM2Odc @VerizonWireless we,0,0.0,0.0,Unknown,Unknown,Unknown,Unknown,Unknown
SeahawksVote1,02/02/2014 17:50:08,Go #Seahawks! #WhosGonnaWin http://t.co/9RMRBM2Odc @VerizonWireless er,0,0.0,0.0,Unknown,Unknown,Unknown,Unknown,Unknown
SeahawksVote1,02/02/2014 17:50:00,Go #Seahawks! #WhosGonnaWin http://t.co/9RMRBM2Odc @VerizonWireless e,0,0.0,0.0,Unknown,Unknown,Unknown,Unknown,Unknown
SeahawksVote1,02/02/2014 17:49:55,Go #Seahawks! #WhosGonnaWin http://t.co/9RMRBM2Odc @VerizonWireless gt,0,0.0,0.0,Unknown,Unknown,Unknown,Unknown,Unknown
SeahawksVote1,02/02/2014 17:49:50,Go #Seahawks! #WhosGonnaWin http://t.co/9RMRBM2Odc @VerizonWireless as,0,0.0,0.0,Unknown,Unknown,Unknown,Unknown,Unknown
SeahawksVote1,02/02/2014 17:49:46,Go #Seahawks! #WhosGonnaWin http://t.co/9RMRBM2Odc @VerizonWireless vv,0,0.0,0.0,Unknown,Unknown,Unknown,Unknown,Unknown
SeahawksVote1,02/02/2014 17:49:40,Go #Seahawks! #WhosGonnaWin http://t.co/9RMRBM2Odc @VerizonWireless fd,0,0.0,0.0,Unknown,Unknown,Unknown,Unknown,Unknown
SeahawksVote1,02/02/2014 17:49:27,Go #Seahawks! #WhosGonnaWin http://t.co/9RMRBM2Odc @VerizonWireless dv,0,0.0,0.0,Unknown,Unknown,Unknown,Unknown,Unknown
SeahawksVote1,02/02/2014 17:49:22,Go #Seahawks! #WhosGonnaWin http://t.co/9RMRBM2Odc @VerizonWireless tgg,0,0.0,0.0,Unknown,Unknown,Unknown,Unknown,Unknown
SeahawksVote1,02/02/2014 17:49:12,Go #Seahawks! #WhosGonnaWin http://t.co/9RMRBM2Odc @VerizonWireless sd,0,0.0,0.0,Unknown,Unknown,Unknown,Unknown,Unknown
SeahawksVote1,02/02/2014 17:48:56,Go #Seahawks! #WhosGonnaWin http://t.co/9RMRBM2Odc @VerizonWireless dfv,0,0.0,0.0,Unknown,Unknown,Unknown,Unknown,Unknown
SeahawksVote1,02/02/2014 17:48:39,Go #Seahawks! #WhosGonnaWin http://t.co/9RMRBM2Odc @VerizonWireless tg,0,0.0,0.0,Unknown,Unknown,Unknown,Unknown,Unknown
SeahawksVote1,02/02/2014 17:48:29,Go #Seahawks! #WhosGonnaWin http://t.co/9RMRBM2Odc @VerizonWireless er,0,0.0,0.0,Unknown,Unknown,Unknown,Unknown,Unknown
SeahawksVote1,02/02/2014 17:48:22,Go #Seahawks! #WhosGonnaWin http://t.co/9RMRBM2Odc @VerizonWireless fv,0,0.0,0.0,Unknown,Unknown,Unknown,Unknown,Unknown
SeahawksVote1,02/02/2014 17:48:13,Go #Seahawks! #WhosGonnaWin http://t.co/9RMRBM2Odc @VerizonWireless xxc,0,0.0,0.0,Unknown,Unknown,Unknown,Unknown,Unknown
SeahawksVote1,02/02/2014 17:48:05,Go #Seahawks! #WhosGonnaWin http://t.co/9RMRBM2Odc @VerizonWireless sdfr,0,0.0,0.0,Unknown,Unknown,Unknown,Unknown,Unknown
SeahawksVote1,02/02/2014 17:47:51,Go #Seahawks! #WhosGonnaWin http://t.co/9RMRBM2Odc @VerizonWireless s,0,0.0,0.0,Unknown,Unknown,Unknown,Unknown,Unknown
SeahawksVote1,02/02/2014 17:47:43,Go #Seahawks! #WhosGonnaWin http://t.co/9RMRBM2Odc @VerizonWireless fr,0,0.0,0.0,Unknown,Unknown,Unknown,Unknown,Unknown
SeahawksVote1,02/02/2014 17:47:29,Go #Seahawks! #WhosGonnaWin http://t.co/9RMRBM2Odc @VerizonWireless wd,0,0.0,0.0,Unknown,Unknown,Unknown,Unknown,Unknown
SeahawksVote1,02/02/2014 17:47:20,Go #Seahawks! #WhosGonnaWin http://t.co/9RMRBM2Odc @VerizonWireless vvc,0,0.0,0.0,Unknown,Unknown,Unknown,Unknown,Unknown
SeahawksVote1,02/02/2014 17:47:13,Go #Seahawks! #WhosGonnaWin http://t.co/9RMRBM2Odc @VerizonWireless sd,0,0.0,0.0,Unknown,Unknown,Unknown,Unknown,Unknown
SeahawksVote1,02/02/2014 17:47:04,Go #Seahawks! #WhosGonnaWin http://t.co/9RMRBM2Odc @VerizonWireless dsc,0,0.0,0.0,Unknown,Unknown,Unknown,Unknown,Unknown
SeahawksVote1,02/02/2014 17:46:44,Go #Seahawks! #WhosGonnaWin http://t.co/9RMRBM2Odc @VerizonWireless dc,0,0.0,0.0,Unknown,Unknown,Unknown,Unknown,Unknown
SeahawksVote1,02/02/2014 17:46:25,Go #Seahawks! #WhosGonnaWin http://t.co/9RMRBM2Odc @VerizonWireless c,0,0.0,0.0,Unknown,Unknown,Unknown,Unknown,Unknown
SeahawksVote1,02/02/2014 17:46:17,Go #Seahawks! #WhosGonnaWin http://t.co/9RMRBM2Odc @VerizonWireless er,0,0.0,0.0,Unknown,Unknown,Unknown,Unknown,Unknown
SeahawksVote1,02/02/2014 17:46:01,Go #Seahawks! #WhosGonnaWin http://t.co/9RMRBM2Odc @VerizonWireless rt,0,0.0,0.0,Unknown,Unknown,Unknown,Unknown,Unknown
SeahawksVote1,02/02/2014 17:45:53,Go #Seahawks! #WhosGonnaWin http://t.co/9RMRBM2Odc @VerizonWireless fv,0,0.0,0.0,Unknown,Unknown,Unknown,Unknown,Unknown
SeahawksVote1,02/02/2014 17:45:49,Go #Seahawks! #WhosGonnaWin http://t.co/9RMRBM2Odc @VerizonWireless asz,0,0.0,0.0,Unknown,Unknown,Unknown,Unknown,Unknown
SeahawksVote1,02/02/2014 17:45:43,Go #Seahawks! #WhosGonnaWin http://t.co/9RMRBM2Odc @VerizonWireless eds,0,0.0,0.0,Unknown,Unknown,Unknown,Unknown,Unknown
SeahawksVote1,02/02/2014 17:45:37,Go #Seahawks! #WhosGonnaWin http://t.co/9RMRBM2Odc @VerizonWireless zxs,0,0.0,0.0,Unknown,Unknown,Unknown,Unknown,Unknown
SeahawksVote1,02/02/2014 17:45:30,Go #Seahawks! #WhosGonnaWin http://t.co/9RMRBM2Odc @VerizonWireless s,0,0.0,0.0,Unknown,Unknown,Unknown,Unknown,Unknown
SeahawksVote1,02/02/2014 17:45:26,Go #Seahawks! #WhosGonnaWin http://t.co/9RMRBM2Odc @VerizonWireless cd,0,0.0,0.0,Unknown,Unknown,Unknown,Unknown,Unknown
SeahawksVote1,02/02/2014 17:45:18,Go #Seahawks! #WhosGonnaWin http://t.co/9RMRBM2Odc @VerizonWireless we,0,0.0,0.0,Unknown,Unknown,Unknown,Unknown,Unknown
SeahawksVote1,02/02/2014 17:45:14,Go #Seahawks! #WhosGonnaWin http://t.co/9RMRBM2Odc @VerizonWireless sxs,0,0.0,0.0,Unknown,Unknown,Unknown,Unknown,Unknown
SeahawksVote1,02/02/2014 17:45:07,Go #Seahawks! #WhosGonnaWin http://t.co/9RMRBM2Odc @VerizonWireless dex,0,0.0,0.0,Unknown,Unknown,Unknown,Unknown,Unknown
SeahawksVote1,02/02/2014 17:45:02,Go #Seahawks! #WhosGonnaWin http://t.co/9RMRBM2Odc @VerizonWireless asw,0,0.0,0.0,Unknown,Unknown,Unknown,Unknown,Unknown
SeahawksVote1,02/02/2014 17:44:56,Go #Seahawks! #WhosGonnaWin http://t.co/9RMRBM2Odc @VerizonWireless zx,0,0.0,0.0,Unknown,Unknown,Unknown,Unknown,Unknown
SeahawksVote1,02/02/2014 17:44:49,Go #Seahawks! #WhosGonnaWin http://t.co/9RMRBM2Odc @VerizonWireless ass,0,0.0,0.0,Unknown,Unknown,Unknown,Unknown,Unknown
SeahawksVote1,02/02/2014 17:44:40,Go #Seahawks! #WhosGonnaWin http://t.co/9RMRBM2Odc @VerizonWireless sxa,0,0.0,0.0,Unknown,Unknown,Unknown,Unknown,Unknown
SeahawksVote1,02/02/2014 17:44:32,Go #Seahawks! #WhosGonnaWin http://t.co/9RMRBM2Odc @VerizonWireless sa,0,0.0,0.0,Unknown,Unknown,Unknown,Unknown,Unknown
SeahawksVote1,02/02/2014 17:44:27,Go #Seahawks! #WhosGonnaWin http://t.co/9RMRBM2Odc @VerizonWireless ws,0,0.0,0.0,Unknown,Unknown,Unknown,Unknown,Unknown
SeahawksVote1,02/02/2014 17:44:06,Go #Seahawks! #WhosGonnaWin http://t.co/9RMRBM2Odc @VerizonWireless sx,0,0.0,0.0,Unknown,Unknown,Unknown,Unknown,Unknown
SeahawksVote1,02/02/2014 17:44:01,Go #Seahawks! #WhosGonnaWin http://t.co/9RMRBM2Odc @VerizonWireless as,0,0.0,0.0,Unknown,Unknown,Unknown,Unknown,Unknown
SeahawksVote1,02/02/2014 17:43:53,Go #Seahawks! #WhosGonnaWin http://t.co/9RMRBM2Odc @VerizonWireless ed,0,0.0,0.0,Unknown,Unknown,Unknown,Unknown,Unknown
SeahawksVote1,02/02/2014 17:43:48,Go #Seahawks! #WhosGonnaWin http://t.co/9RMRBM2Odc @VerizonWireless q,0,0.0,0.0,Unknown,Unknown,Unknown,Unknown,Unknown
SeahawksVote1,02/02/2014 17:43:42,Go #Seahawks! #WhosGonnaWin http://t.co/9RMRBM2Odc @VerizonWireless d,0,0.0,0.0,Unknown,Unknown,Unknown,Unknown,Unknown
SeahawksVote1,02/02/2014 17:43:37,Go #Seahawks! #WhosGonnaWin http://t.co/9RMRBM2Odc @VerizonWireless s,0,0.0,0.0,Unknown,Unknown,Unknown,Unknown,Unknown
SeahawksVote1,02/02/2014 17:43:28,Go #Seahawks! #WhosGonnaWin http://t.co/9RMRBM2Odc @VerizonWireless,0,0.0,0.0,Unknown,Unknown,Unknown,Unknown,Unknown
SeahawksVote1,30/01/2014 00:04:55,Go #Seahawks! #WhosGonnaWin http://t.co/9RMRBM2Odc @VerizonWireless sz,0,0.0,0.0,Unknown,Unknown,Unknown,Unknown,Unknown
SeahawksVote1,30/01/2014 00:04:33,Go #Seahawks! #WhosGonnaWin http://t.co/9RMRBM2Odc @VerizonWireless ws,0,0.0,0.0,Unknown,Unknown,Unknown,Unknown,Unknown
SeahawksVote1,30/01/2014 00:04:24,Go #Seahawks! #WhosGonnaWin http://t.co/9RMRBM2Odc @VerizonWireless df,0,0.0,0.0,Unknown,Unknown,Unknown,Unknown,Unknown
SeahawksVote1,30/01/2014 00:04:10,Go #Seahawks! #WhosGonnaWin http://t.co/9RMRBM2Odc @VerizonWireless sx,0,0.0,0.0,Unknown,Unknown,Unknown,Unknown,Unknown
SeahawksVote1,30/01/2014 00:03:49,Go #Seahawks! #WhosGonnaWin http://t.co/9RMRBM2Odc @VerizonWireless sa,0,0.0,0.0,Unknown,Unknown,Unknown,Unknown,Unknown
SeahawksVote1,30/01/2014 00:03:26,Go #Seahawks! #WhosGonnaWin http://t.co/9RMRBM2Odc @VerizonWireless tg,0,0.0,0.0,Unknown,Unknown,Unknown,Unknown,Unknown
SeahawksVote1,30/01/2014 00:03:07,Go #Seahawks! #WhosGonnaWin http://t.co/9RMRBM2Odc @VerizonWireless mi,0,0.0,0.0,Unknown,Unknown,Unknown,Unknown,Unknown
SeahawksVote1,30/01/2014 00:02:55,Go #Seahawks! #WhosGonnaWin http://t.co/9RMRBM2Odc @VerizonWireless swx,0,0.0,0.0,Unknown,Unknown,Unknown,Unknown,Unknown
SeahawksVote1,30/01/2014 00:02:47,Go #Seahawks! #WhosGonnaWin http://t.co/9RMRBM2Odc @VerizonWireless ede,0,0.0,0.0,Unknown,Unknown,Unknown,Unknown,Unknown
SeahawksVote1,30/01/2014 00:02:38,Go #Seahawks! #WhosGonnaWin http://t.co/9RMRBM2Odc @VerizonWireless we,0,0.0,0.0,Unknown,Unknown,Unknown,Unknown,Unknown
SeahawksVote1,30/01/2014 00:02:30,Go #Seahawks! #WhosGonnaWin http://t.co/9RMRBM2Odc @VerizonWireless zx,0,0.0,0.0,Unknown,Unknown,Unknown,Unknown,Unknown
SeahawksVote1,30/01/2014 00:02:18,Go #Seahawks! #WhosGonnaWin http://t.co/9RMRBM2Odc @VerizonWireless xsz,0,0.0,0.0,Unknown,Unknown,Unknown,Unknown,Unknown
SeahawksVote1,30/01/2014 00:02:10,Go #Seahawks! #WhosGonnaWin http://t.co/9RMRBM2Odc @VerizonWireless ds,0,0.0,0.0,Unknown,Unknown,Unknown,Unknown,Unknown
SeahawksVote1,30/01/2014 00:02:01,Go #Seahawks! #WhosGonnaWin http://t.co/9RMRBM2Odc @VerizonWireless dc,0,0.0,0.0,Unknown,Unknown,Unknown,Unknown,Unknown
SeahawksVote1,30/01/2014 00:01:51,Go #Seahawks! #WhosGonnaWin http://t.co/9RMRBM2Odc @VerizonWireless mkl,0,0.0,0.0,Unknown,Unknown,Unknown,Unknown,Unknown
SeahawksVote1,30/01/2014 00:01:40,Go #Seahawks! #WhosGonnaWin http://t.co/9RMRBM2Odc @VerizonWireless lo,0,0.0,0.0,Unknown,Unknown,Unknown,Unknown,Unknown
SeahawksVote1,30/01/2014 00:01:32,Go #Seahawks! #WhosGonnaWin http://t.co/9RMRBM2Odc @VerizonWireless xs,0,0.0,0.0,Unknown,Unknown,Unknown,Unknown,Unknown
SeahawksVote1,30/01/2014 00:01:07,Go #Seahawks! #WhosGonnaWin http://t.co/9RMRBM2Odc @VerizonWireless rfe,0,0.0,0.0,Unknown,Unknown,Unknown,Unknown,Unknown
SeahawksVote1,30/01/2014 00:00:58,Go #Seahawks! #WhosGonnaWin http://t.co/9RMRBM2Odc @VerizonWireless sx,0,0.0,0.0,Unknown,Unknown,Unknown,Unknown,Unknown
SeahawksVote1,30/01/2014 00:00:50,Go #Seahawks! #WhosGonnaWin http://t.co/9RMRBM2Odc @VerizonWireless z,0,0.0,0.0,Unknown,Unknown,Unknown,Unknown,Unknown
SeahawksVote1,30/01/2014 00:00:37,Go #Seahawks! #WhosGonnaWin http://t.co/9RMRBM2Odc @VerizonWireless vfc,0,0.0,0.0,Unknown,Unknown,Unknown,Unknown,Unknown
SeahawksVote1,30/01/2014 00:00:23,Go #Seahawks! #WhosGonnaWin http://t.co/9RMRBM2Odc @VerizonWireless r,0,0.0,0.0,Unknown,Unknown,Unknown,Unknown,Unknown
SeahawksVote1,30/01/2014 00:00:15,Go #Seahawks! #WhosGonnaWin http://t.co/9RMRBM2Odc @VerizonWireless mk,0,0.0,0.0,Unknown,Unknown,Unknown,Unknown,Unknown
SeahawksVote1,29/01/2014 23:59:59,Go #Seahawks! #WhosGonnaWin http://t.co/9RMRBM2Odc @VerizonWireless des,0,0.0,0.0,Unknown,Unknown,Unknown,Unknown,Unknown
SeahawksVote1,29/01/2014 23:59:47,Go #Seahawks! #WhosGonnaWin http://t.co/9RMRBM2Odc @VerizonWireless frdc,0,0.0,0.0,Unknown,Unknown,Unknown,Unknown,Unknown
SeahawksVote1,29/01/2014 23:59:30,Go #Seahawks! #WhosGonnaWin http://t.co/9RMRBM2Odc @VerizonWireless fred,0,0.0,0.0,Unknown,Unknown,Unknown,Unknown,Unknown
SeahawksVote1,29/01/2014 23:59:04,Go #Seahawks! #WhosGonnaWin http://t.co/9RMRBM2Odc @VerizonWireless sdc,0,0.0,0.0,Unknown,Unknown,Unknown,Unknown,Unknown
SeahawksVote1,29/01/2014 23:58:43,Go #Seahawks! #WhosGonnaWin http://t.co/9RMRBM2Odc @VerizonWireless yyu,0,0.0,0.0,Unknown,Unknown,Unknown,Unknown,Unknown
SeahawksVote1,29/01/2014 23:58:36,Go #Seahawks! #WhosGonnaWin http://t.co/9RMRBM2Odc @VerizonWireless frf,0,0.0,0.0,Unknown,Unknown,Unknown,Unknown,Unknown
SeahawksVote1,29/01/2014 23:58:25,Go #Seahawks! #WhosGonnaWin http://t.co/9RMRBM2Odc @VerizonWireless yu,0,0.0,0.0,Unknown,Unknown,Unknown,Unknown,Unknown
SeahawksVote1,29/01/2014 23:58:17,Go #Seahawks! #WhosGonnaWin http://t.co/9RMRBM2Odc @VerizonWireless fre,0,0.0,0.0,Unknown,Unknown,Unknown,Unknown,Unknown
SeahawksVote1,29/01/2014 23:57:54,Go #Seahawks! #WhosGonnaWin http://t.co/9RMRBM2Odc @VerizonWireless xs,0,0.0,0.0,Unknown,Unknown,Unknown,Unknown,Unknown
SeahawksVote1,29/01/2014 23:56:52,Go #Seahawks! #WhosGonnaWin http://t.co/9RMRBM2Odc @VerizonWireless,0,0.0,0.0,Unknown,Unknown,Unknown,Unknown,Unknown
SeahawksVote1,29/01/2014 23:56:26,Go #Seahawks! #WhosGonnaWin http://t.co/9RMRBM2Odc @VerizonWireless bg,0,0.0,0.0,Unknown,Unknown,Unknown,Unknown,Unknown
SeahawksVote1,29/01/2014 23:55:33,Go #Seahawks! #WhosGonnaWin http://t.co/9RMRBM2Odc @VerizonWireless fr,0,0.0,0.0,Unknown,Unknown,Unknown,Unknown,Unknown
SeahawksVote1,29/01/2014 23:54:58,Go #Seahawks! #WhosGonnaWin http://t.co/9RMRBM2Odc @VerizonWireless ko,0,0.0,0.0,Unknown,Unknown,Unknown,Unknown,Unknown
SeahawksVote1,29/01/2014 23:54:34,Go #Seahawks! #WhosGonnaWin http://t.co/9RMRBM2Odc @VerizonWireless frfr,0,0.0,0.0,Unknown,Unknown,Unknown,Unknown,Unknown
SeahawksVote1,29/01/2014 23:54:11,Go #Seahawks! #WhosGonnaWin http://t.co/9RMRBM2Odc @VerizonWireless rfc,0,0.0,0.0,Unknown,Unknown,Unknown,Unknown,Unknown
SeahawksVote1,29/01/2014 23:53:59,Go #Seahawks! #WhosGonnaWin http://t.co/9RMRBM2Odc @VerizonWireless tgt,0,0.0,0.0,Unknown,Unknown,Unknown,Unknown,Unknown
SeahawksVote1,29/01/2014 23:53:48,Go #Seahawks! #WhosGonnaWin http://t.co/9RMRBM2Odc @VerizonWireless frcv,0,0.0,0.0,Unknown,Unknown,Unknown,Unknown,Unknown
SeahawksVote1,29/01/2014 23:53:38,Go #Seahawks! #WhosGonnaWin http://t.co/9RMRBM2Odc @VerizonWireless cv,0,0.0,0.0,Unknown,Unknown,Unknown,Unknown,Unknown
SeahawksVote1,29/01/2014 23:53:25,Go #Seahawks! #WhosGonnaWin http://t.co/9RMRBM2Odc @VerizonWireless rf,0,0.0,0.0,Unknown,Unknown,Unknown,Unknown,Unknown
SeahawksVote1,29/01/2014 23:53:18,Go #Seahawks! #WhosGonnaWin http://t.co/9RMRBM2Odc @VerizonWireless sx,0,0.0,0.0,Unknown,Unknown,Unknown,Unknown,Unknown
SeahawksVote1,29/01/2014 23:53:12,Go #Seahawks! #WhosGonnaWin http://t.co/9RMRBM2Odc @VerizonWireless de,0,0.0,0.0,Unknown,Unknown,Unknown,Unknown,Unknown
SeahawksVote1,29/01/2014 23:52:59,Go #Seahawks! #WhosGonnaWin http://t.co/9RMRBM2Odc @VerizonWireless cd,0,0.0,0.0,Unknown,Unknown,Unknown,Unknown,Unknown
