"@chadrenzrejano Tag, you're it @princessjaden13 . REPLY and tag someone ELSE, we need the longest #KFCFullyLoadedLine to Win KFC GC's!"
I can't breathe
I'll be waiting for you. ~ Saranghae
@kitkat_ph The best way to eat kitkat is to share it with your crush. &lt;3  #breakommendation @maellows @Bobi_bernardino 100
@kitkat_ph The best way to eat kitkat is to share it with your crush. &lt;3  #breakommendation @maellows @Bobi_bernardino 99
@kitkat_ph The best way to eat kitkat is to share it with your crush. &lt;3  #breakommendation @maellows @Bobi_bernardino 98
@kitkat_ph The best way to eat kitkat is to share it with your crush. &lt;3  #breakommendation @maellows @Bobi_bernardino 97
@kitkat_ph The best way to eat kitkat is to share it with your crush. &lt;3  #breakommendation @maellows @Bobi_bernardino 96
@kitkat_ph The best way to eat kitkat is to share it with your crush. &lt;3  #breakommendation @maellows @Bobi_bernardino 94
@kitkat_ph The best way to eat kitkat is to share it with your crush. &lt;3  #breakommendation @maellows @Bobi_bernardino 95
@kitkat_ph The best way to eat kitkat is to share it with your crush. &lt;3  #breakommendation @maellows @Bobi_bernardino 93
@kitkat_ph The best way to eat kitkat is to share it with your crush. &lt;3  #breakommendation @maellows @Bobi_bernardino 92
@kitkat_ph The best way to eat kitkat is to share it with your crush. &lt;3  #breakommendation @maellows @Bobi_bernardino 91
@kitkat_ph The best way to eat kitkat is to share it with your crush. &lt;3  #breakommendation @maellows @Bobi_bernardino 90
@kitkat_ph The best way to eat kitkat is to share it with your crush. &lt;3  #breakommendation @maellows @Bobi_bernardino 89
@kitkat_ph The best way to eat kitkat is to share it with your crush. &lt;3  #breakommendation @maellows @Bobi_bernardino 88
@kitkat_ph The best way to eat kitkat is to share it with your crush. &lt;3  #breakommendation @maellows @Bobi_bernardino 87
@kitkat_ph The best way to eat kitkat is to share it with your crush. &lt;3  #breakommendation @maellows @Bobi_bernardino 86
@kitkat_ph The best way to eat kitkat is to share it with your crush. &lt;3  #breakommendation @maellows @Bobi_bernardino 85
@kitkat_ph The best way to eat kitkat is to share it with your crush. &lt;3  #breakommendation @maellows @Bobi_bernardino 84
@kitkat_ph The best way to eat kitkat is to share it with your crush. &lt;3  #breakommendation @maellows @Bobi_bernardino 83
@kitkat_ph The best way to eat kitkat is to share it with your crush. &lt;3  #breakommendation @maellows @Bobi_bernardino 82
@kitkat_ph The best way to eat kitkat is to share it with your crush. &lt;3  #breakommendation @maellows @Bobi_bernardino 81
@kitkat_ph The best way to eat kitkat is to share it with your crush. &lt;3  #breakommendation @maellows @Bobi_bernardino 80
@kitkat_ph The best way to eat kitkat is to share it with your crush. &lt;3  #breakommendation @maellows @Bobi_bernardino 79
@kitkat_ph The best way to eat kitkat is to share it with your crush. &lt;3  #breakommendation @maellows @Bobi_bernardino 78
@kitkat_ph The best way to eat kitkat is to share it with your crush. &lt;3  #breakommendation @maellows @Bobi_bernardino 77
@kitkat_ph The best way to eat kitkat is to share it with your crush. &lt;3  #breakommendation @maellows @Bobi_bernardino 76
@kitkat_ph The best way to eat kitkat is to share it with your crush. &lt;3  #breakommendation @maellows @Bobi_bernardino 75
@kitkat_ph The best way to eat kitkat is to share it with your crush. &lt;3  #breakommendation @maellows @Bobi_bernardino 74
@kitkat_ph The best way to eat kitkat is to share it with your crush. &lt;3  #breakommendation @maellows @Bobi_bernardino 73
@kitkat_ph The best way to eat kitkat is to share it with your crush. &lt;3  #breakommendation @maellows @Bobi_bernardino  72
@kitkat_ph The best way to eat kitkat is to share it with your crush. &lt;3  #breakommendation @maellows @Bobi_bernardino 71
@kitkat_ph The best way to eat kitkat is to share it with your crush. &lt;3  #breakommendation @maellows @Bobi_bernardino 70
@kitkat_ph The best way to eat kitkat is to share it with your crush. &lt;3  #breakommendation @maellows @Bobi_bernardino 69
@kitkat_ph The best way to eat kitkat is to share it with your crush. &lt;3  #breakommendation @maellows @Bobi_bernardino 68
@kitkat_ph The best way to eat kitkat is to share it with your crush. &lt;3  #breakommendation @maellows @Bobi_bernardino 67
@kitkat_ph The best way to eat kitkat is to share it with your crush. &lt;3  #breakommendation @maellows @Bobi_bernardino 66
@kitkat_ph The best way to eat kitkat is to share it with your crush. &lt;3  #breakommendation @maellows @Bobi_bernardino 65
@kitkat_ph The best way to eat kitkat is to share it with your crush. &lt;3  #breakommendation @maellows @Bobi_bernardino 64
@kitkat_ph The best way to eat kitkat is to share it with your crush. &lt;3  #breakommendation @maellows @Bobi_bernardino 63
@kitkat_ph The best way to eat kitkat is to share it with your crush. &lt;3  #breakommendation @maellows @Bobi_bernardino 62
@kitkat_ph The best way to eat kitkat is to share it with your crush. &lt;3  #breakommendation @maellows @Bobi_bernardino 61
@kitkat_ph The best way to eat kitkat is to share it with your crush. &lt;3  #breakommendation @maellows @Bobi_bernardino 60
@kitkat_ph The best way to eat kitkat is to share it with your crush. &lt;3  #breakommendation @maellows @Bobi_bernardino 59
@kitkat_ph The best way to eat kitkat is to share it with your crush. &lt;3  #breakommendation @maellows @Bobi_bernardino 58
@kitkat_ph The best way to eat kitkat is to share it with your crush. &lt;3  #breakommendation @maellows @Bobi_bernardino 57
@kitkat_ph The best way to eat kitkat is to share it with your crush. &lt;3  #breakommendation @maellows @Bobi_bernardino 56
@kitkat_ph The best way to eat kitkat is to share it with your crush. &lt;3  #breakommendation @maellows @Bobi_bernardino 55
@kitkat_ph The best way to eat kitkat is to share it with your crush. &lt;3  #breakommendation @maellows @Bobi_bernardino 54
@kitkat_ph The best way to eat kitkat is to share it with your crush. &lt;3  #breakommendation @maellows @Bobi_bernardino 53
@kitkat_ph The best way to eat kitkat is to share it with your crush. &lt;3  #breakommendation @maellows @Bobi_bernardino 52
@kitkat_ph The best way to eat kitkat is to share it with your crush. &lt;3  #breakommendation @maellows @Bobi_bernardino 51
@kitkat_ph The best way to eat kitkat is to share it with your crush. &lt;3  #breakommendation @maellows @Bobi_bernardino 50
@kitkat_ph The best way to eat kitkat is to share it with your crush. &lt;3  #breakommendation @maellows @Bobi_bernardino 49
@kitkat_ph The best way to eat kitkat is to share it with your crush. &lt;3  #breakommendation @maellows @Bobi_bernardino 48
@kitkat_ph The best way to eat kitkat is to share it with your crush. &lt;3  #breakommendation @maellows @Bobi_bernardino 47
@kitkat_ph The best way to eat kitkat is to share it with your crush. &lt;3  #breakommendation @maellows @Bobi_bernardino 46
@kitkat_ph The best way to eat kitkat is to share it with your crush. &lt;3  #breakommendation @maellows @Bobi_bernardino 45
@kitkat_ph The best way to eat kitkat is to share it with your crush. &lt;3  #breakommendation @maellows @Bobi_bernardino 44
@kitkat_ph The best way to eat kitkat is to share it with your crush. &lt;3  #breakommendation @maellows @Bobi_bernardino 43
@kitkat_ph The best way to eat kitkat is to share it with your crush. &lt;3  #breakommendation @maellows @Bobi_bernardino 42
@kitkat_ph The best way to eat kitkat is to share it with your crush. &lt;3  #breakommendation @maellows @Bobi_bernardino 41
@kitkat_ph The best way to eat kitkat is to share it with your crush. &lt;3  #breakommendation @maellows @Bobi_bernardino 40
@kitkat_ph The best way to eat kitkat is to share it with your crush. &lt;3  #breakommendation @maellows @Bobi_bernardino 39
@kitkat_ph The best way to eat kitkat is to share it with your crush. &lt;3  #breakommendation @maellows @Bobi_bernardino 38
@kitkat_ph The best way to eat kitkat is to share it with your crush. &lt;3  #breakommendation @maellows @Bobi_bernardino 37
@kitkat_ph The best way to eat kitkat is to share it with your crush. &lt;3  #breakommendation @maellows @Bobi_bernardino 36
@kitkat_ph The best way to eat kitkat is to share it with your crush. &lt;3  #breakommendation @maellows @Bobi_bernardino 35
@kitkat_ph The best way to eat kitkat is to share it with your crush. &lt;3  #breakommendation @maellows @Bobi_bernardino 34
@kitkat_ph The best way to eat kitkat is to share it with your crush. &lt;3  #breakommendation @maellows @Bobi_bernardino 32
@kitkat_ph The best way to eat kitkat is to share it with your crush. &lt;3  #breakommendation @maellows @Bobi_bernardino 33
@kitkat_ph The best way to eat kitkat is to share it with your crush. &lt;3  #breakommendation @maellows @Bobi_bernardino 31
@kitkat_ph The best way to eat kitkat is to share it with your crush. &lt;3  #breakommendation @maellows @Bobi_bernardino 30
@kitkat_ph The best way to eat kitkat is to share it with your crush. &lt;3  #breakommendation @maellows @Bobi_bernardino 29
@kitkat_ph The best way to eat kitkat is to share it with your crush. &lt;3  #breakommendation @maellows @Bobi_bernardino 28
@kitkat_ph The best way to eat kitkat is to share it with your crush. &lt;3  #breakommendation @maellows @Bobi_bernardino 27
@kitkat_ph The best way to eat kitkat is to share it with your crush. &lt;3  #breakommendation @maellows @Bobi_bernardino 26
@kitkat_ph The best way to eat kitkat is to share it with your crush. &lt;3  #breakommendation @maellows @Bobi_bernardino 25
@kitkat_ph The best way to eat kitkat is to share it with your crush. &lt;3  #breakommendation @maellows @Bobi_bernardino 24
@kitkat_ph The best way to eat kitkat is to share it with your crush. &lt;3  #breakommendation @maellows @Bobi_bernardino 23
@kitkat_ph The best way to eat kitkat is to share it with your crush. &lt;3  #breakommendation @maellows @Bobi_bernardino 22
@kitkat_ph Break it before taking a bite #breakommendation @maellows @Bobi_bernardino 21
@kitkat_ph Break it before taking a bite #breakommendation @maellows @Bobi_bernardino 20
@kitkat_ph Break it before taking a bite #breakommendation @maellows @Bobi_bernardino 19
@kitkat_ph Break it before taking a bite #breakommendation @maellows @Bobi_bernardino 18
@kitkat_ph Break it before taking a bite #breakommendation @maellows @Bobi_bernardino 17
@kitkat_ph Break it before taking a bite #breakommendation @maellows @Bobi_bernardino 16
"""@Cream_Oholics: @Cream_Oholics: It's gonna be a chocolatey Monday tomorrow because its back to work! RT your answers!"""
@kitkat_ph Break it before taking a bite  #breakommendation @maellows @Bobi_bernardino 15
@kitkat_ph Break it before taking a bite  #breakommendation @maellows @Bobi_bernardino 14
@kitkat_ph Break it before taking a bite  #breakommendation @maellows @Bobi_bernardino 13
@kitkat_ph Break it before taking a bite  #breakommendation @maellows @Bobi_bernardino 12
@kitkat_ph Break it before taking a bite  #breakommendation @maellows @Bobi_bernardino 11
@kitkat_ph Break it before taking a bite  #breakommendation @maellows @Bobi_bernardino 10
@kitkat_ph Break it before taking a bite  #breakommendation @maellows @Bobi_bernardino 9
@kitkat_ph Break it before taking a bite  #breakommendation @maellows @Bobi_bernardino 8
@kitkat_ph Break it before taking a bite  #breakommendation @maellows @Bobi_bernardino 7
@kitkat_ph Break it before taking a bite  #breakommendation @maellows @Bobi_bernardino 6
@kitkat_ph Break it before taking a bite  #breakommendation @maellows @Bobi_bernardino 5
@kitkat_ph Break it before taking a bite  #breakommendation @maellows @Bobi_bernardino 3
@kitkat_ph Break it then eat it. #breakommendation @maellows @Bobi_bernardino 2
@kitkat_ph Break it then eat it. #breakommendation @maellows @Bobi_bernardino 1
RT @kitkat_ph: What's the proper way to eat KIT KAT? Tweet us your #breakommendation and get a chance to win KIT KAT goodies! http://t.co/hâ€¦
@kitkat_ph Break it then eat it. #breakommendation @maellows @Bobi_bernardino
You are my last chance. Please pick me @KedsPH PLEASE :( #KedsRedTour #RedKeds #WelcomeTaylortoManila 1328
You are my last chance. Please pick me @KedsPH PLEASE :( #KedsRedTour #RedKeds #WelcomeTaylortoManila 1321
You are my last chance. Please pick me @KedsPH PLEASE :( #KedsRedTour #RedKeds #WelcomeTaylortoManila 1320
You are my last chance. Please pick me @KedsPH PLEASE :( #KedsRedTour #RedKeds #WelcomeTaylortoManila 1319
You are my last chance. Please pick me @KedsPH PLEASE :( #KedsRedTour #RedKeds #WelcomeTaylortoManila 1317
You are my last chance. Please pick me @KedsPH PLEASE :( #KedsRedTour #RedKeds #WelcomeTaylortoManila 1316
You are my last chance. Please pick me @KedsPH PLEASE :( #KedsRedTour #RedKeds #WelcomeTaylortoManila 1315
You are my last chance. Please pick me @KedsPH PLEASE :( #KedsRedTour #RedKeds #WelcomeTaylortoManila 1314
You are my last chance. Please pick me @KedsPH PLEASE :( #KedsRedTour #RedKeds #WelcomeTaylortoManila 1313
You are my last chance. Please pick me @KedsPH PLEASE :( #KedsRedTour #RedKeds #WelcomeTaylortoManila 1312
You are my last chance. Please pick me @KedsPH PLEASE :( #KedsRedTour #RedKeds #WelcomeTaylortoManila 1311
You are my last chance. Please pick me @KedsPH PLEASE :( #KedsRedTour #RedKeds #WelcomeTaylortoManila 1310
You are my last chance. Please pick me @KedsPH PLEASE :( #KedsRedTour #RedKeds #WelcomeTaylortoManila 1309
You are my last chance. Please pick me @KedsPH PLEASE :( #KedsRedTour #RedKeds #WelcomeTaylortoManila 1308
You are my last chance. Please pick me @KedsPH PLEASE :( #KedsRedTour #RedKeds #WelcomeTaylortoManila 1307
You are my last chance. Please pick me @KedsPH PLEASE :( #KedsRedTour #RedKeds #WelcomeTaylortoManila 1306
You are my last chance. Please pick me @KedsPH PLEASE :( #KedsRedTour #RedKeds #WelcomeTaylortoManila 1305
You are my last chance. Please pick me @KedsPH PLEASE :( #KedsRedTour #RedKeds #WelcomeTaylortoManila 1304
You are my last chance. Please pick me @KedsPH PLEASE :( #KedsRedTour #RedKeds #WelcomeTaylortoManila 1303
You are my last chance. Please pick me @KedsPH PLEASE :( #KedsRedTour #RedKeds #WelcomeTaylortoManila 1302
You are my last chance. Please pick me @KedsPH PLEASE :( #KedsRedTour #RedKeds #WelcomeTaylortoManila 1301
You are my last chance. Please pick me @KedsPH PLEASE :( #KedsRedTour #RedKeds #WelcomeTaylortoManila 1300
You are my last chance. Please pick me @KedsPH PLEASE :( #KedsRedTour #RedKeds #WelcomeTaylortoManila 1299
You are my last chance. Please pick me @KedsPH PLEASE :( #KedsRedTour #RedKeds #WelcomeTaylortoManila 1298
You are my last chance. Please pick me @KedsPH PLEASE :( #KedsRedTour #RedKeds #WelcomeTaylortoManila 1297
You are my last chance. Please pick me @KedsPH PLEASE :( #KedsRedTour #RedKeds #WelcomeTaylortoManila 1296
You are my last chance. Please pick me @KedsPH PLEASE :( #KedsRedTour #RedKeds #WelcomeTaylortoManila 1295
You are my last chance. Please pick me @KedsPH PLEASE :( #KedsRedTour #RedKeds #WelcomeTaylortoManila 1294
You are my last chance. Please pick me @KedsPH PLEASE :( #KedsRedTour #RedKeds #WelcomeTaylortoManila 1293
You are my last chance. Please pick me @KedsPH PLEASE :( #KedsRedTour #RedKeds #WelcomeTaylortoManila 1292
You are my last chance. Please pick me @KedsPH PLEASE :( #KedsRedTour #RedKeds #WelcomeTaylortoManila 1291
You are my last chance. Please pick me @KedsPH PLEASE :( #KedsRedTour #RedKeds #WelcomeTaylortoManila 1290
You are my last chance. Please pick me @KedsPH PLEASE :( #KedsRedTour #RedKeds #WelcomeTaylortoManila 1289
You are my last chance. Please pick me @KedsPH PLEASE :( #KedsRedTour #RedKeds #WelcomeTaylortoManila 1288
You are my last chance. Please pick me @KedsPH PLEASE :( #KedsRedTour #RedKeds #WelcomeTaylortoManila 1287
You are my last chance. Please pick me @KedsPH PLEASE :( #KedsRedTour #RedKeds #WelcomeTaylortoManila 1286
You are my last chance. Please pick me @KedsPH PLEASE :( #KedsRedTour #RedKeds #WelcomeTaylortoManila 1285
You are my last chance. Please pick me @KedsPH PLEASE :( #KedsRedTour #RedKeds #WelcomeTaylortoManila 1284
You are my last chance. Please pick me @KedsPH PLEASE :( #KedsRedTour #RedKeds #WelcomeTaylortoManila 1283
You are my last chance. Please pick me @KedsPH PLEASE :( #KedsRedTour #RedKeds #WelcomeTaylortoManila 1282
You are my last chance. Please pick me @KedsPH PLEASE :( #KedsRedTour #RedKeds #WelcomeTaylortoManila 1281
You are my last chance. Please pick me @KedsPH PLEASE :( #KedsRedTour #RedKeds #WelcomeTaylortoManila 1280
You are my last chance. Please pick me @KedsPH PLEASE :( #KedsRedTour #RedKeds #WelcomeTaylortoManila 1279
You are my last chance. Please pick me @KedsPH PLEASE :( #KedsRedTour #RedKeds #WelcomeTaylortoManila 1278
You are my last chance. Please pick me @KedsPH PLEASE :( #KedsRedTour #RedKeds #WelcomeTaylortoManila 1277
You are my last chance. Please pick me @KedsPH PLEASE :( #KedsRedTour #RedKeds #WelcomeTaylortoManila 1276
You are my last chance. Please pick me @KedsPH PLEASE :( #KedsRedTour #RedKeds #WelcomeTaylortoManila 1275
You are my last chance. Please pick me @KedsPH PLEASE :( #KedsRedTour #RedKeds #WelcomeTaylortoManila 1274
You are my last chance. Please pick me @KedsPH PLEASE :( #KedsRedTour #RedKeds #WelcomeTaylortoManila 1273
You are my last chance. Please pick me @KedsPH PLEASE :( #KedsRedTour #RedKeds #WelcomeTaylortoManila 1272
You are my last chance. Please pick me @KedsPH PLEASE :( #KedsRedTour #RedKeds #WelcomeTaylortoManila 1271
You are my last chance. Please pick me @KedsPH PLEASE :( #KedsRedTour #RedKeds #WelcomeTaylortoManila 1270
You are my last chance. Please pick me @KedsPH PLEASE :( #KedsRedTour #RedKeds #WelcomeTaylortoManila 1269
You are my last chance. Please pick me @KedsPH PLEASE :( #KedsRedTour #RedKeds #WelcomeTaylortoManila 1268
You are my last chance. Please pick me @KedsPH PLEASE :( #KedsRedTour #RedKeds #WelcomeTaylortoManila 1267
You are my last chance. Please pick me @KedsPH PLEASE :( #KedsRedTour #RedKeds #WelcomeTaylortoManila 1266
You are my last chance. Please pick me @KedsPH PLEASE :( #KedsRedTour #RedKeds #WelcomeTaylortoManila 1265
You are my last chance. Please pick me @KedsPH PLEASE :( #KedsRedTour #RedKeds #WelcomeTaylortoManila 1264
You are my last chance. Please pick me @KedsPH PLEASE :( #KedsRedTour #RedKeds #WelcomeTaylortoManila 1263
You are my last chance. Please pick me @KedsPH PLEASE :( #KedsRedTour #RedKeds #WelcomeTaylortoManila 1262
You are my last chance. Please pick me @KedsPH PLEASE :( #KedsRedTour #RedKeds #WelcomeTaylortoManila 1261
You are my last chance. Please pick me @KedsPH PLEASE :( #KedsRedTour #RedKeds #WelcomeTaylortoManila 1260
You are my last chance. Please pick me @KedsPH PLEASE :( #KedsRedTour #RedKeds #WelcomeTaylortoManila 1259
You are my last chance. Please pick me @KedsPH PLEASE :( #KedsRedTour #RedKeds #WelcomeTaylortoManila 1258
You are my last chance. Please pick me @KedsPH PLEASE :( #KedsRedTour #RedKeds #WelcomeTaylortoManila 1257
You are my last chance. Please pick me @KedsPH PLEASE :( #KedsRedTour #RedKeds #WelcomeTaylortoManila 1256
You are my last chance. Please pick me @KedsPH PLEASE :( #KedsRedTour #RedKeds #WelcomeTaylortoManila 1255
You are my last chance. Please pick me @KedsPH PLEASE :( #KedsRedTour #RedKeds #WelcomeTaylortoManila 1254
You are my last chance. Please pick me @KedsPH PLEASE :( #KedsRedTour #RedKeds #WelcomeTaylortoManila 1253
You are my last chance. Please pick me @KedsPH PLEASE :( #KedsRedTour #RedKeds #WelcomeTaylortoManila 1251
You are my last chance. Please pick me @KedsPH PLEASE :( #KedsRedTour #RedKeds #WelcomeTaylortoManila 1250
You are my last chance. Please pick me @KedsPH PLEASE :( #KedsRedTour #RedKeds #WelcomeTaylortoManila 1249
You are my last chance. Please pick me @KedsPH PLEASE :( #KedsRedTour #RedKeds #WelcomeTaylortoManila 1248
You are my last chance. Please pick me @KedsPH PLEASE :( #KedsRedTour #RedKeds #WelcomeTaylortoManila 1247
You are my last chance. Please pick me @KedsPH PLEASE :( #KedsRedTour #RedKeds #WelcomeTaylortoManila 1246
You are my last chance. Please pick me @KedsPH PLEASE :( #KedsRedTour #RedKeds #WelcomeTaylortoManila 1245
You are my last chance. Please pick me @KedsPH PLEASE :( #KedsRedTour #RedKeds #WelcomeTaylortoManila 1244
You are my last chance. Please pick me @KedsPH PLEASE :( #KedsRedTour #RedKeds #WelcomeTaylortoManila 1243
You are my last chance. Please pick me @KedsPH PLEASE :( #KedsRedTour #RedKeds #WelcomeTaylortoManila 1242
You are my last chance. Please pick me @KedsPH PLEASE :( #KedsRedTour #RedKeds #WelcomeTaylortoManila 1241
You are my last chance. Please pick me @KedsPH PLEASE :( #KedsRedTour #RedKeds #WelcomeTaylortoManila 1240
You are my last chance. Please pick me @KedsPH PLEASE :( #KedsRedTour #RedKeds #WelcomeTaylortoManila 1239
You are my last chance. Please pick me @KedsPH PLEASE :( #KedsRedTour #RedKeds #WelcomeTaylortoManila 1238
You are my last chance. Please pick me @KedsPH PLEASE :( #KedsRedTour #RedKeds #WelcomeTaylortoManila 1237
You are my last chance. Please pick me @KedsPH PLEASE :( #KedsRedTour #RedKeds #WelcomeTaylortoManila 1236
You are my last chance. Please pick me @KedsPH PLEASE :( #KedsRedTour #RedKeds #WelcomeTaylortoManila 1235
You are my last chance. Please pick me @KedsPH PLEASE :( #KedsRedTour #RedKeds #WelcomeTaylortoManila 1234
You are my last chance. Please pick me @KedsPH PLEASE :( #KedsRedTour #RedKeds #WelcomeTaylortoManila 1233
You are my last chance. Please pick me @KedsPH PLEASE :( #KedsRedTour #RedKeds #WelcomeTaylortoManila 1231
You are my last chance. Please pick me @KedsPH PLEASE :( #KedsRedTour #RedKeds #WelcomeTaylortoManila 1230
You are my last chance. Please pick me @KedsPH PLEASE :( #KedsRedTour #RedKeds #WelcomeTaylortoManila 1229
You are my last chance. Please pick me @KedsPH PLEASE :( #KedsRedTour #RedKeds #WelcomeTaylortoManila 1228
You are my last chance. Please pick me @KedsPH PLEASE :( #KedsRedTour #RedKeds #WelcomeTaylortoManila 1227
You are my last chance. Please pick me @KedsPH PLEASE :( #KedsRedTour #RedKeds #WelcomeTaylortoManila 1226
You are my last chance. Please pick me @KedsPH PLEASE :( #KedsRedTour #RedKeds #WelcomeTaylortoManila 1225
